gene_id	chrom	start	end	strand	unique_count	effective_count
YAL069W	I	335	649	+	2	2.000
YAL068W-A	I	538	792	+	0	0.000
YAL068C	I	1807	2169	-	0	0.000
YAL067W-A	I	2480	2707	+	0	0.000
YAL067C	I	7235	9016	-	0	0.000
YAL066W	I	10091	10399	+	0	0.000
YAL065C	I	11565	11951	-	0	0.000
YAL064W-B	I	12046	12426	+	0	0.000
YAL064C-A	I	13363	13743	-	0	0.000
YAL064W	I	21566	21850	+	0	0.000
YAL063C-A	I	22395	22685	-	0	0.000
YAL063C	I	24000	27968	-	7	7.000
YAL062W	I	31567	32940	+	24	24.000
YAL061W	I	33448	34701	+	47	47.000
YAL060W	I	35155	36303	+	72	72.000
YAL059C-A	I	36496	36918	-	0	0.000
YAL059W	I	36509	37147	+	5	5.000
YAL058W	I	37464	38972	+	13	13.000
YAL056C-A	I	38696	39046	-	0	0.000
YAL056W	I	39259	41901	+	24	24.000
YAL055W	I	42177	42719	+	2	2.000
YAL054C	I	42881	45022	-	1900	1900.692
YAL053W	I	45899	48250	+	114	114.000
YAL051W	I	48564	51707	+	10	10.000
YAL049C	I	51855	52595	-	66	66.880
YAL048C	I	52801	54789	-	9	9.120
YAL047W-A	I	54584	54913	+	0	0.000
YAL047C	I	54989	56857	-	2	2.000
YAL046C	I	57029	57385	-	13	13.000
YAL045C	I	57488	57796	-	0	0.000
YAL044W-A	I	57518	57850	+	28	28.000
YAL044C	I	57950	58462	-	36	36.000
YAL043C	I	58695	61052	-	25	25.000
YAL042C-A	I	61231	61608	-	0	0.000
YAL042W	I	61316	62563	+	67	67.000
YAL041W	I	62840	65404	+	15	15.000
YAL040C	I	65778	67520	-	18	18.000
YAL039C	I	68716	69525	-	42	42.000
YAL038W	I	71786	73288	+	731	731.000
YAL037C-B	I	72326	73300	-	17	17.000
YAL037C-A	I	73426	73518	-	1	1.000
YAL037W	I	74020	74823	+	6	6.000
YAL036C	I	75043	76152	-	7	7.000
YAL035W	I	76427	79435	+	39	39.000
YAL034C-B	I	79489	79842	-	0	0.000
YAL034W-A	I	79718	80587	+	4	4.000
YAL034C	I	80710	81951	-	56	56.000
YAL033W	I	82706	83227	+	7	7.000
YAL032C	I	83335	84474	-	10	10.000
YAL031W-A	I	84669	84977	+	1	1.000
YAL031C	I	84749	87031	-	14	14.000
YAL030W	I	87286	87752	+	40	40.000
YAL029C	I	87855	92270	-	12	12.000
YAL028W	I	92900	94486	+	11	11.000
YAL027W	I	94687	95472	+	19	19.000
YAL026C-A	I	95386	95823	-	0	0.000
YAL026C	I	95630	99697	-	16	19.000
HRA1	I	99305	99868	+	0	0.000
YAL025C	I	100225	101145	-	5	5.000
YAL024C	I	101565	105872	-	7	7.000
YAL023C	I	106272	108551	-	81	81.000
YAL022C	I	108877	110430	-	20	20.000
YAL021C	I	110846	113359	-	60	60.000
YAL020C	I	113614	114615	-	13	13.000
YAL019W-A	I	114250	114819	+	0	0.000
YAL019W	I	114919	118314	+	1	1.000
YAL018C	I	118564	119541	-	6	6.000
YAL017W	I	120225	124295	+	50	50.000
YAL016C-B	I	124307	124492	-	0	0.000
YAL016C-A	I	124755	125069	-	0	0.000
YAL016W	I	124879	126786	+	105	105.000
YAL015C	I	126903	128102	-	10	10.270
YAL014C	I	128252	129019	-	27	27.730
YAL013W	I	129270	130487	+	13	13.000
YAL012W	I	130799	131983	+	115	115.000
YAL011W	I	132199	134076	+	3	3.000
YAL010C	I	134184	135665	-	11	11.000
YAL009W	I	135854	136633	+	14	14.000
YAL008W	I	136914	137510	+	55	55.000
YAL007C	I	137698	138345	-	30	30.000
tP(UGG)A	I	139152	139254	+	0	0.000
YAL005C	I	139503	141431	-	1802	2187.260
YAL004W	I	140760	141407	+	8	8.000
YAL003W	I	142174	143160	+	173	183.000
snR18	I	142367	142468	+	0	0.000
YAL002W	I	143707	147531	+	16	16.067
YAL001C	I	147594	151166	-	13	13.000
YAR002W	I	152257	153876	+	10	10.042
YAR002C-A	I	154065	154724	-	89	89.039
YAR003W	I	155005	156285	+	13	13.054
YAR007C	I	156754	158619	-	35	35.000
YAR008W	I	158966	159793	+	11	11.000
YAR009C	I	160597	164187	-	33	94.493
YAR010C	I	164544	165866	-	41	59.169
tA(UGC)A	I	166267	166339	+	0	0.000
YAR014C	I	166742	168871	-	27	27.000
YAR015W	I	169375	170295	+	45	45.000
YAR018C	I	170396	171703	-	4	4.000
YAR019C	I	172211	175135	-	14	14.000
YAR019W-A	I	174998	175330	+	1	1.000
YAR020C	I	176856	177023	-	2	2.000
YAR023C	I	179281	179820	-	4	4.000
tL(CAA)A	I	181141	181254	+	0	0.000
tS(AGA)A	I	182522	182603	-	0	0.000
YAR027W	I	183770	184477	+	43	43.000
YAR028W	I	184892	185596	+	12	12.000
YAR029W	I	186321	186545	+	1	1.000
YAR030C	I	186512	186853	-	1	1.000
YAR031W	I	186836	187732	+	3	3.429
YAR033W	I	188107	188811	+	5	5.385
YAR035W	I	190193	192256	+	136	136.000
YAR035C-A	I	192337	192417	-	1	1.000
YAR042W	I	192619	196185	+	23	23.000
YAR047C	I	201467	201787	-	0	0.000
YAR050W	I	203403	208016	+	7	7.000
YAR053W	I	208367	208663	+	0	0.000
YAR060C	I	217157	217492	-	0	1.000
YAR061W	I	218140	219145	+	0	1.000
YAR064W	I	220198	220497	+	0	0.000
YAR066W	I	221049	221660	+	0	0.000
YAR068W	I	222406	222891	+	1	2.750
YAR069C	I	224011	224304	-	0	0.500
YAR070C	I	224563	224862	-	0	0.000
YAR071W	I	225460	226863	+	2	4.444
YAR073W	I	227742	228953	+	0	0.000
YAR075W	I	228844	229317	+	0	0.000
YBL113C	II	280	2658	-	34	69.864
YBL113W-A	II	646	1128	+	1	1.000
YBL112C	II	2582	2899	-	2	2.000
YBL111C	II	2907	5009	-	2	3.004
YBL109W	II	5790	6125	+	1	1.000
YBL108C-A	II	7605	7733	-	0	0.000
YBL108W	II	8177	8482	+	0	0.000
YBL107W-A	II	9268	9372	+	11	11.619
tL(UAA)B1	II	9583	9666	+	0	0.000
YBL107C	II	9961	10551	-	21	21.000
YBL106C	II	10847	13879	-	21	21.000
YBL105C	II	14241	17696	-	19	19.000
YBL104C	II	18177	21293	-	8	8.000
YBL103C	II	22076	23536	-	14	14.000
YBL102W	II	24098	24745	+	54	54.014
YBL101C	II	24946	28299	-	24	24.000
YBL100W-C	II	28427	28546	+	0	0.000
YBL100W-A	II	29935	31251	+	0	0.000
YBL100W-B	II	29935	35248	+	5	20.143
tF(GAA)B	II	36398	36488	+	0	0.000
YBL100C	II	36989	37303	-	28	28.092
YBL099W	II	37053	38690	+	661	662.116
YBL098W	II	39145	40527	+	42	42.000
YBL097W	II	40831	43095	+	1	1.000
YBL096C	II	43174	43482	-	0	0.000
YBL095W	II	43277	44089	+	25	25.000
YBL094C	II	43765	44097	-	0	0.000
YBL093C	II	44256	44918	-	11	12.000
YBL092W	II	45978	46370	+	220	220.000
YBL091C-A	II	46565	47180	-	6	6.000
YBL091C	II	47363	48628	-	32	32.000
YBL090W	II	48825	49358	+	10	10.000
YBL089W	II	49574	50953	+	24	24.000
YBL088C	II	51019	59382	-	18	18.000
YBL087C	II	59822	60739	-	88	88.000
YBL086C	II	61202	62602	-	2	2.000
YBL085W	II	63876	66818	+	12	12.000
YBL084C	II	67169	69445	-	22	22.000
YBL083C	II	69713	70138	-	0	0.000
YBL082C	II	69751	71127	-	13	20.000
YBL081W	II	71866	72972	+	9	9.000
YBL080C	II	73070	74695	-	5	5.000
YBL079W	II	75259	79767	+	22	22.000
YBL078C	II	80378	80731	-	29	29.000
YBL077W	II	80897	81328	+	0	0.000
YBL076C	II	81043	84261	-	94	95.000
YBL075C	II	84499	86448	-	589	589.000
YBL074C	II	86722	87789	-	0	0.000
YBL073W	II	87646	87957	+	0	0.000
snR56	II	88190	88277	+	0	0.000
YBL072C	II	88523	89125	-	337	337.752
YBL071C-B	II	89458	89556	-	0	0.000
YBL071W-A	II	89978	90226	+	6	6.000
YBL071C	II	90223	90531	-	0	0.000
YBL070C	II	90605	90925	-	0	0.000
YBL069W	II	90741	92030	+	9	12.000
YBL068W-A	II	91794	92030	+	0	0.000
YBL068W	II	92414	93394	+	14	14.000
YBL067C	II	93639	95882	-	38	38.000
YBL066C	II	96669	100115	-	26	26.000
YBL065W	II	99963	100307	+	1	1.000
YBL064C	II	100371	101156	-	191	191.000
YBL063W	II	101886	105221	+	6	6.000
YBL062W	II	105308	105688	+	0	0.000
YBL061C	II	105316	107406	-	9	9.000
YBL060W	II	107932	109995	+	2	2.000
YBL059C-A	II	110125	110539	-	14	14.000
YBL059W	II	110594	111244	+	15	15.000
YBL058W	II	111437	112708	+	53	53.000
YBL057C	II	112801	113427	-	16	16.000
YBL056W	II	113762	115168	+	50	50.000
YBL055C	II	115573	116829	-	10	10.000
YBL054W	II	117589	119166	+	6	6.000
YBL053W	II	119335	119709	+	0	0.000
YBL052C	II	119379	121874	-	8	8.000
YBL051C	II	122753	124759	-	16	16.000
YBL050W	II	125125	126119	+	38	38.000
YBL049W	II	126828	127244	+	114	127.680
YBL048W	II	127299	127610	+	36	40.320
YBL047C	II	127895	132040	-	87	87.000
YBL046W	II	132424	133749	+	3	3.000
YBL045C	II	134143	135516	-	314	314.000
YBL044W	II	135998	136366	+	1	1.000
YBL043W	II	136688	137461	+	29	29.000
YBL042C	II	138341	140260	-	20	20.000
YBL041W	II	141247	141972	+	83	83.000
YBL040C	II	142112	142868	-	35	35.000
YBL039W-B	II	143393	143572	+	10	10.000
YBL039C	II	143989	145728	-	11	11.000
YBL039C-A	II	144948	145031	-	0	0.000
YBL038W	II	146187	146885	+	20	20.000
YBL037W	II	147209	150286	+	16	16.000
YBL036C	II	150447	151220	-	17	17.000
YBL035C	II	151493	153610	-	9	9.000
YBL034C	II	153848	158389	-	10	10.000
YBL033C	II	158656	159693	-	28	28.000
YBL032W	II	160184	161329	+	34	34.258
YBL031W	II	161699	162715	+	4	4.000
YBL030C	II	163041	163997	-	807	807.000
YBL029C-A	II	164488	164772	-	32	32.000
YBL029W	II	166134	167264	+	20	20.000
YBL028C	II	167518	167838	-	3	3.000
YBL027W	II	168423	169376	+	165	165.000
YBL026W	II	170623	171038	+	21	21.000
YBL025W	II	171481	171918	+	8	8.000
YBL024W	II	172534	174588	+	14	14.000
YBL023C	II	174920	177526	-	13	13.000
YBL022C	II	177874	181275	-	53	53.000
YBL021C	II	181660	182094	-	8	8.000
YBL020W	II	182401	184125	+	27	27.000
YBL019W	II	184353	185915	+	10	10.000
YBL018C	II	185998	186474	-	3	3.000
YBL017C	II	186844	191583	-	43	43.000
YBL016W	II	192451	193512	+	15	15.000
YBL015W	II	194122	195702	+	197	197.000
tI(AAU)B	II	197494	197567	+	0	0.000
tG(GCC)B	II	197629	197699	-	0	0.000
YBL014C	II	199064	201748	-	8	8.000
YBL013W	II	202056	203261	+	0	0.000
YBL012C	II	203406	203807	-	0	0.000
YBL011W	II	203538	205817	+	28	28.000
YBL010C	II	206107	206949	-	4	4.000
YBL009W	II	207194	209224	+	14	14.000
YBL008W-A	II	209409	209648	+	0	0.000
YBL008W	II	209653	212175	+	9	10.000
YBL007C	II	212632	216366	-	46	46.000
YBL006C	II	216587	217129	-	19	19.000
YBL006W-A	II	216711	216860	+	1	1.000
YBL005W	II	217470	220400	+	14	14.000
YBL005W-A	II	221330	222652	+	0	0.000
YBL005W-B	II	221330	226598	+	1	3.006
tS(AGA)B	II	227075	227156	+	0	0.000
YBL004W	II	227636	235117	+	16	16.000
YBL003C	II	235394	235792	-	117	117.000
YBL002W	II	236492	236887	+	220	220.000
YBL001C	II	237153	237467	-	73	73.000
YBR001C	II	238941	241283	-	29	29.000
YBR002C	II	241708	242568	-	9	9.000
YBR003W	II	242809	244230	+	20	20.000
YBR004C	II	244366	245667	-	15	15.000
YBR005W	II	245906	246547	+	28	28.000
YBR006W	II	247010	248503	+	30	30.000
YBR007C	II	248806	251016	-	13	13.000
YBR008C	II	252563	254209	-	25	25.000
YBR009C	II	255373	255684	-	206	206.000
YBR010W	II	256331	256741	+	205	205.000
YBR011C	II	257112	257975	-	317	317.000
YBR012C	II	259147	259566	-	5	5.000
YBR012W-A	II	259869	261191	+	0	0.000
YBR012W-B	II	259869	265140	+	6	49.383
YBR013C	II	265492	265881	-	5	5.181
tT(AGU)B	II	266378	266450	+	0	0.000
YBR014C	II	266725	267336	-	12	12.000
YBR015C	II	267710	269503	-	85	85.000
YBR016W	II	270247	270633	+	52	52.000
YBR017C	II	270947	273703	-	23	23.000
YBR018C	II	274427	275527	-	0	0.000
YBR019C	II	276253	278352	-	9	9.000
YBR020W	II	279021	280607	+	6	6.000
YBR021W	II	281443	283344	+	16	16.000
YBR022W	II	283738	284271	+	11	11.000
YBR023C	II	284428	287925	-	65	65.000
YBR024W	II	289445	290350	+	14	14.000
YBR025C	II	290681	291865	-	173	173.000
YBR026C	II	292877	294019	-	131	131.000
YBR027C	II	294024	294356	-	0	0.000
YBR028C	II	294425	296002	-	9	9.000
YBR029C	II	296369	297742	-	109	109.000
YBR030W	II	298292	299950	+	10	10.000
YBR031W	II	300166	301254	+	264	358.022
YBR032W	II	301519	301821	+	4	4.000
YBR033W	II	301944	304703	+	12	12.000
YBR034C	II	304930	305976	-	17	17.000
YBR035C	II	306269	306955	-	49	49.000
snR161	II	307185	307345	-	0	0.000
YBR036C	II	309081	310313	-	131	131.000
YBR037C	II	310565	311452	-	18	18.000
YBR038W	II	311898	314789	+	33	33.000
YBR039W	II	315575	316510	+	146	146.000
YBR040W	II	316968	317864	+	0	0.000
YBR041W	II	318266	320275	+	25	25.000
YBR042C	II	320416	321609	-	7	7.000
YBR043C	II	321876	323945	-	36	36.000
YBR044C	II	324341	326059	-	9	9.000
tV(UAC)B	II	326792	326865	-	0	0.000
YBR045C	II	328173	330092	-	12	12.000
YBR046C	II	330507	331511	-	61	61.000
YBR047W	II	331833	332360	+	14	14.000
YBR048W	II	332831	333812	+	214	214.000
YBR049C	II	334386	336818	-	30	30.000
YBR050C	II	337183	338199	-	11	11.000
YBR051W	II	337988	338338	+	2	2.000
YBR052C	II	338720	339352	-	43	43.000
YBR053C	II	339675	340751	-	66	66.000
YBR054W	II	343101	344135	+	493	493.000
YBR055C	II	344602	347301	-	15	15.000
tL(UAA)B2	II	347603	347686	+	0	0.000
YBR056W	II	347879	349384	+	38	38.000
tQ(UUG)B	II	350827	350898	+	0	0.000
YBR056W-A	II	351255	351455	+	18	18.000
YBR056C-B	II	351293	351451	-	3	3.000
YBR057C	II	352193	353293	-	11	11.000
YBR058C	II	353672	356017	-	19	19.000
YBR058C-A	II	356324	356566	-	36	36.000
YBR059C	II	356861	360187	-	19	19.000
YBR060C	II	360652	362514	-	5	5.000
YBR061C	II	364787	365719	-	6	6.000
YBR062C	II	365976	366600	-	27	27.000
YBR063C	II	366970	368184	-	13	13.000
YBR064W	II	367763	368191	+	1	1.000
YBR065C	II	368584	369678	-	1	1.000
YBR066C	II	370037	370699	-	4	4.000
YBR067C	II	372103	372735	-	8290	8298.638
YBR068C	II	373861	375690	-	334	334.000
YBR069C	II	376574	378433	-	3	3.000
YBR070C	II	379221	379934	-	25	25.000
YBR071W	II	380411	381046	+	82	82.000
YBR072W	II	382030	382674	+	3491	3493.269
YBR072C-A	II	382860	383021	-	1	1.000
YBR073W	II	383112	385988	+	24	24.000
YBR074W	II	386286	389216	+	13	13.000
YBR076W	II	390227	391291	+	12	12.000
YBR076C-A	II	391351	391617	-	34	36.698
YBR077C	II	391805	392293	-	29	31.302
YBR078W	II	393123	394742	+	449	449.147
YBR079C	II	395383	398277	-	39	39.000
YBR080C	II	398614	400890	-	29	29.000
YBR081C	II	401253	405251	-	11	11.000
tR(UCU)B	II	405878	405949	+	0	0.000
tD(GUC)B	II	405960	406031	+	0	0.000
YBR082C	II	406628	407169	-	54	54.000
YBR083W	II	409169	410629	+	15	15.000
YBR084W	II	411054	413981	+	23	23.000
YBR084C-A	II	414186	415261	-	139	139.000
YBR085W	II	415983	416906	+	6	6.000
YBR085C-A	II	418907	419164	-	188	188.000
YBR086C	II	420201	423041	-	98	98.000
YBR087W	II	423765	424829	+	10	10.000
YBR088C	II	424990	425766	-	29	29.000
YBR089W	II	425183	425782	+	0	0.000
YBR089C-A	II	426190	426489	-	96	195.623
YBR090C	II	426333	427058	-	10	20.377
YBR091C	II	427155	427484	-	13	13.000
YBR092C	II	427698	429101	-	7	7.000
YBR093C	II	429548	430951	-	3	3.000
YBR094W	II	432036	434297	+	16	16.000
YBR095C	II	434406	435698	-	7	7.000
YBR096W	II	436021	436713	+	28	28.000
YBR097W	II	436951	441315	+	10	10.000
YBR098W	II	441515	443590	+	12	12.000
YBR099C	II	442924	443307	-	7	7.000
YBR101C	II	443821	444693	-	97	97.000
YBR102C	II	445062	447323	-	14	14.000
YBR103W	II	447709	449316	+	20	20.000
YBR103C-A	II	449320	449463	-	0	0.000
YBR104W	II	449667	450656	+	5	5.000
YBR105C	II	450881	451969	-	10	10.000
YBR106W	II	452658	453224	+	92	92.000
YBR107C	II	453793	454530	-	6	6.000
YBR108W	II	454822	457665	+	17	17.000
YBR109C	II	457919	458362	-	158	158.000
YBR109W-A	II	458608	458832	+	0	0.000
YBR110W	II	458872	460221	+	35	35.005
YBR111C	II	461178	461873	-	38	38.000
YBR111W-A	II	462139	462579	+	8	8.000
YBR112C	II	462870	465770	-	22	22.000
YBR113W	II	465566	466048	+	0	0.000
YBR114W	II	467248	469620	+	12	12.000
YBR115C	II	469748	473926	-	46	46.000
YBR116C	II	474199	474726	-	1	1.260
YBR117C	II	474392	476437	-	122	153.740
YBR118W	II	477671	479047	+	2090	5464.135
YBR119W	II	479338	480323	+	13	13.000
YBR120C	II	480435	480923	-	11	11.000
YBR121C	II	481364	483367	-	77	83.000
YBR121C-A	II	482326	482484	-	0	0.000
YBR122C	II	483970	484503	-	35	35.000
YBR123C	II	484742	486691	-	13	13.000
YBR124W	II	486507	486866	+	1	1.000
YBR125C	II	487199	488380	-	38	38.000
YBR126C	II	488905	490392	-	149	149.000
YBR126W-A	II	490850	491056	+	0	25.500
YBR126W-B	II	490927	491070	+	0	25.500
YBR127C	II	491269	492822	-	179	179.000
YBR128C	II	493081	494115	-	5	5.000
YBR129C	II	494353	495339	-	13	13.531
YBR130C	II	495592	496869	-	5	5.204
YBR131W	II	497163	499277	+	3	3.000
YBR131C-A	II	497650	497739	-	0	0.000
YBR132C	II	499652	501442	-	31	32.265
YBR133C	II	501804	504287	-	22	22.000
YBR134W	II	504243	504644	+	0	0.000
YBR135W	II	504854	505306	+	24	24.000
YBR136W	II	505668	512774	+	13	13.000
YBR137W	II	513044	513583	+	22	22.000
YBR138C	II	513762	515336	-	7	7.000
YBR139W	II	515664	517190	+	86	86.024
YBR140C	II	517350	526628	-	54	54.000
YBR141C	II	527025	528038	-	11	11.000
YBR141W-A	II	527167	527262	+	1	1.000
YBR142W	II	528317	530638	+	6	6.000
YBR143C	II	530869	532182	-	69	69.246
YBR144C	II	533235	533549	-	0	0.000
YBR145W	II	533762	534817	+	24	24.000
YBR146W	II	535260	536096	+	30	30.000
YBR147W	II	536575	537465	+	24	24.000
YBR148W	II	537876	539705	+	4	4.000
YBR149W	II	539987	541021	+	224	224.000
YBR150C	II	541209	544493	-	11	11.051
YBR151W	II	545028	545978	+	52	52.000
YBR152W	II	546376	547251	+	1	1.000
YBR153W	II	547460	548194	+	8	8.000
YBR154C	II	548362	549009	-	13	13.000
YBR155W	II	549771	550928	+	5	5.000
YBR156C	II	551104	553200	-	5	5.000
YBR157C	II	553543	554310	-	42	42.000
YBR158W	II	556549	558198	+	63	63.000
YBR159W	II	558685	559728	+	56	56.000
YBR160W	II	560078	560974	+	21	21.000
YBR161W	II	561634	562764	+	8	8.000
YBR162C	II	563203	564570	-	344	344.000
YBR162W-A	II	565231	565428	+	32	32.000
YBR163W	II	565723	567480	+	11	11.000
YBR164C	II	567875	568426	-	9	9.000
YBR165W	II	568852	569685	+	12	12.000
YBR166C	II	569842	571200	-	22	22.000
YBR167C	II	571468	571890	-	10	10.000
YBR168W	II	572371	573612	+	15	15.000
YBR169C	II	573915	575996	-	126	126.000
YBR170C	II	576344	578086	-	19	19.000
YBR171W	II	578364	578984	+	13	13.000
YBR172C	II	579150	581372	-	11	11.000
YBR173C	II	581726	582172	-	89	89.000
YBR174C	II	582338	582652	-	0	0.000
YBR175W	II	582408	583355	+	3	3.000
YBR176W	II	583720	584658	+	14	14.000
YBR177C	II	584807	586162	-	158	158.000
YBR178W	II	586071	586445	+	0	0.000
YBR179C	II	586547	589114	-	17	17.000
YBR180W	II	589741	591459	+	1	1.000
YBR181C	II	591712	592774	-	133	175.144
YBR182C	II	593506	594864	-	17	17.000
YBR182C-A	II	595361	595555	-	0	0.000
YBR183W	II	596115	597065	+	59	59.000
YBR184W	II	597363	598934	+	1	1.000
YBR185C	II	599123	599959	-	18	18.000
YBR186W	II	600553	602360	+	3	3.000
YBR187W	II	602634	603476	+	46	46.000
YBR188C	II	603685	604107	-	2	2.000
YBR189W	II	604508	605508	+	167	167.000
YBR190W	II	605966	606277	+	0	0.000
YBR191W	II	606270	607140	+	127	141.000
YBR191W-A	II	607149	607223	+	0	0.000
YBR192W	II	607652	608785	+	6	6.000
YBR193C	II	609082	609753	-	6	6.000
YBR194W	II	610038	610409	+	5	5.000
YBR195C	II	610614	611882	-	10	10.000
YBR196C	II	612236	613900	-	519	520.000
YBR196C-A	II	614024	614173	-	0	0.000
YBR196C-B	II	614526	614630	-	1	1.000
YBR197C	II	615203	615856	-	10	10.000
YBR198C	II	616127	618523	-	28	28.000
YBR199W	II	618909	620303	+	50	50.000
YBR200W	II	620872	622527	+	15	15.000
YBR200W-A	II	622983	623147	+	1	1.000
YBR201W	II	623576	624211	+	5	5.000
YBR201C-A	II	624493	624696	-	35	35.000
YBR202W	II	625772	628309	+	24	24.000
YBR203W	II	629168	631942	+	70	70.000
YBR204C	II	632254	633381	-	17	17.000
YBR205W	II	633622	634836	+	19	23.318
YBR206W	II	634601	634924	+	3	3.682
YBR207W	II	635146	636543	+	48	48.000
YBR208C	II	636703	642210	-	27	27.000
YBR209W	II	642583	642900	+	31	31.000
tC(GCA)B	II	643007	643078	-	0	0.000
tE(UUC)B	II	645167	645238	+	1	1.000
YBR210W	II	645550	645978	+	20	20.000
YBR211C	II	646158	647132	-	6	6.000
YBR212W	II	647886	649904	+	187	187.000
YBR213W	II	650368	651192	+	4	4.000
YBR214W	II	651415	652998	+	199	199.000
YBR215W	II	653356	655317	+	11	11.000
YBR216C	II	655576	657600	-	18	18.000
YBR217W	II	657832	658392	+	4	4.000
YBR218C	II	658707	662249	-	95	95.000
YBR219C	II	662499	663303	-	1	1.727
YBR220C	II	662995	664677	-	10	17.273
YBR221C	II	665153	666253	-	283	283.000
YBR221W-A	II	666538	666642	+	0	0.000
YBR222C	II	666720	668351	-	180	180.000
YBR223C	II	668663	670297	-	10	10.000
YBR223W-A	II	668721	668840	+	0	0.000
YBR224W	II	670125	670640	+	0	0.000
YBR225W	II	670627	673329	+	21	21.000
YBR226C	II	673155	673565	-	2	2.000
YBR227C	II	673572	675134	-	9	9.000
YBR228W	II	675313	676227	+	3	3.000
YBR229C	II	676357	679221	-	26	26.000
YBR230C	II	679549	680050	-	335	335.831
YBR230W-A	II	680362	680562	+	57	57.000
LSR1	II	680688	681862	-	16	16.000
YBR231C	II	682179	683090	-	16	16.000
YBR232C	II	683373	683732	-	0	0.000
YBR233W	II	683428	684669	+	9	9.000
YBR233W-A	II	684977	685261	+	3	3.000
YBR234C	II	685438	686592	-	130	130.000
YBR235W	II	686901	690263	+	23	23.000
YBR236C	II	690383	691693	-	14	14.000
YBR237W	II	691969	694518	+	15	15.000
YBR238C	II	695107	697302	-	3	3.000
YBR239C	II	698354	699943	-	8	8.000
YBR240C	II	700490	701842	-	8	8.000
YBR241C	II	702589	704055	-	132	132.000
YBR242W	II	704670	705386	+	20	20.000
YBR243C	II	705447	706793	-	44	44.000
YBR244W	II	707528	708016	+	1	1.000
YBR245C	II	708150	711539	-	10	10.000
YBR246W	II	711591	712754	+	15	15.000
YBR247C	II	713004	714455	-	10	10.000
YBR248C	II	714807	716465	-	36	36.000
YBR249C	II	716882	717994	-	112	112.000
YBR250W	II	719033	720604	+	4	4.000
YBR251W	II	721390	722313	+	8	8.000
YBR252W	II	722611	723054	+	20	20.000
YBR253W	II	723270	723635	+	10	10.000
YBR254C	II	723736	724263	-	3	3.000
YBR255W	II	724456	726540	+	8	8.106
YBR255C-A	II	726618	727074	-	67	68.062
YBR256C	II	727386	728102	-	44	44.000
YBR257W	II	728885	729724	+	15	15.000
YBR258C	II	729734	730162	-	6	6.000
YBR259W	II	730387	732453	+	5	5.000
YBR260C	II	732639	734639	-	22	22.000
YBR261C	II	734832	735530	-	13	13.000
YBR262C	II	735720	736040	-	34	34.000
YBR263W	II	736264	737736	+	56	56.000
YBR264C	II	737770	738369	-	14	14.000
YBR265W	II	738582	739544	+	42	42.000
YBR267W	II	739841	741022	+	15	15.000
YBR266C	II	739936	740388	-	0	0.000
YBR268W	II	741299	741616	+	14	14.000
YBR269C	II	742160	742576	-	99	99.000
YBR270C	II	742761	744398	-	14	14.000
YBR271W	II	744852	746111	+	5	5.000
YBR272C	II	746361	747803	-	13	13.000
YBR273C	II	748061	749371	-	24	24.000
YBR274W	II	749594	751177	+	14	14.000
YBR275C	II	751356	757106	-	18	18.000
YBR276C	II	757620	760043	-	31	31.000
YBR277C	II	760215	760616	-	0	0.000
YBR278W	II	760294	760899	+	11	11.000
YBR279W	II	761257	762594	+	13	13.000
YBR280C	II	762784	764697	-	40	40.000
YBR281C	II	764970	767606	-	14	14.000
YBR282W	II	768240	768680	+	8	8.000
YBR283C	II	768943	770415	-	109	109.000
YBR284W	II	771239	773632	+	2	2.000
YBR285W	II	773922	774356	+	22	22.000
YBR286W	II	774700	776313	+	356	356.000
YBR287W	II	776571	777854	+	48	48.000
YBR288C	II	778012	779463	-	15	15.000
YBR289W	II	779667	782384	+	16	16.000
YBR290W	II	782591	783556	+	23	23.000
YBR291C	II	783673	784572	-	16	16.000
YBR292C	II	784702	785073	-	0	0.000
YBR293W	II	787006	788430	+	25	25.248
YBR294W	II	789235	791814	+	135	135.000
YBR295W	II	792849	796499	+	69	69.000
YBR296C	II	796798	798522	-	5	5.000
YBR296C-A	II	800123	800242	-	0	0.000
YBR297W	II	800523	801929	+	54	55.770
YBR298C	II	802631	804475	-	605	605.957
YBR298C-A	II	805035	805256	-	0	0.000
YBR299W	II	805351	807105	+	198	265.326
YBR300C	II	808600	809097	-	0	0.000
YBR301W	II	809057	809419	+	2	2.000
YBR302C	II	810340	811479	-	68	70.637
YCL076W	III	1392	2135	+	0	0.000
YCL075W	III	2126	2566	+	0	0.000
YCL074W	III	2824	3750	+	0	0.000
YCL073C	III	6479	8326	-	0	0.000
YCL069W	III	9706	11082	+	0	0.000
YCL068C	III	11503	12285	-	0	0.000
YCL067C	III	12386	13018	-	0	0.000
YCL066W	III	13282	13809	+	0	1.000
YCL065W	III	13751	14119	+	0	1.000
YCL064C	III	15798	16880	-	2	2.000
YCL063W	III	17290	18561	+	13	13.000
YCL061C	III	18816	22106	-	3	3.000
YCL059C	III	22429	23379	-	5	5.000
YCL058C	III	23523	23981	-	1	1.123
YCL058W-A	III	23584	23925	+	4	4.000
YCL057C-A	III	24032	24325	-	113	126.877
YCL057W	III	24768	26906	+	80	80.000
YCL056C	III	26925	27359	-	12	12.000
YCL055W	III	27929	28936	+	5	5.000
YCL054W-A	III	30910	30996	+	27	27.000
YCL054W	III	31449	33974	+	10	10.000
YCL052C	III	34143	35393	-	37	37.000
YCL051W	III	35865	37616	+	8	8.000
YCL050C	III	37836	38801	-	44	44.000
YCL049C	III	39786	40724	-	36	36.000
YCL048W-A	III	41488	41727	+	39	39.000
YCL048W	III	42165	43556	+	4	4.000
YCL047C	III	43661	44437	-	3	3.000
YCL045C	III	44623	46905	-	64	64.000
YCL046W	III	46640	46963	+	0	0.000
YCL044C	III	47111	48364	-	34	34.000
YCL043C	III	48653	50221	-	319	327.972
YCL041C	III	50133	50627	-	1	1.028
YCL042W	III	50584	50943	+	0	0.000
YCL040W	III	50838	52340	+	1120	1215.000
YCL039W	III	52645	54882	+	33	33.000
YCL038C	III	54941	56527	-	55	55.000
YCL037C	III	57374	58678	-	0	0.000
YCL036W	III	59026	60726	+	0	0.000
YCL035C	III	60841	61173	-	67	67.000
YCL034W	III	61658	62722	+	34	34.010
YCL033C	III	62776	63282	-	44	44.000
YCL032W	III	63441	64481	+	15	15.000
YCL031C	III	64675	65568	-	8	8.000
YCL030C	III	65934	68333	-	111	111.000
YCL029C	III	68599	69921	-	6	6.000
YCL028W	III	70150	71367	+	66	66.000
YCL027W	III	71803	73341	+	4	4.000
YCL026C-B	III	73405	73986	-	27	27.000
YCL026C-A	III	74704	75285	-	0	0.000
YCL025C	III	76018	77919	-	6	6.000
YCL023C	III	78949	79296	-	0	0.000
YCL024W	III	79162	82275	+	8	8.000
YCL022C	III	81570	82085	-	0	0.000
tE(UUC)C	III	82462	82533	-	0	0.000
YCL021W-A	III	83620	83997	+	1	1.000
YCL020W	III	85102	86418	+	0	0.000
YCL019W	III	85102	90415	+	7	39.748
tL(CAA)C	III	90859	90972	+	1	1.000
YCL018W	III	91324	92418	+	120	120.000
YCL017C	III	92777	94270	-	59	59.000
YCL016C	III	94621	95763	-	3	3.077
YCL014W	III	96281	101191	+	13	13.000
YCL012C	III	101317	101788	-	13	13.000
YCL011C	III	102075	103358	-	33	33.000
YCL010C	III	103571	104350	-	5	5.000
YCL009C	III	104619	105548	-	246	246.972
YCL008C	III	105696	106853	-	7	7.028
YCL007C	III	106974	107366	-	1	1.000
YCL005W-A	III	107023	107417	+	28	28.000
snR43	III	107504	107712	-	7	7.000
YCL005W	III	108021	108791	+	16	16.000
YCL004W	III	109105	110670	+	10	10.000
YCL002C	III	110808	111675	-	17	17.000
YCL001W	III	111916	112482	+	40	40.000
YCL001W-A	III	113080	113541	+	0	0.000
YCL001W-B	III	113770	114024	+	13	14.000
YCR001W	III	115685	115999	+	1	1.000
YCR002C	III	117380	118348	-	62	62.000
YCR003W	III	118620	119171	+	7	7.000
YCR004C	III	119575	120318	-	266	266.000
YCR005C	III	120946	122328	-	153	153.987
YCR006C	III	122530	123003	-	2	2.013
tP(AGG)C	III	123577	123648	-	1	1.000
YCR007C	III	126011	126730	-	5	5.000
tN(GUU)C	III	127716	127789	+	0	0.000
YCR008W	III	128470	130281	+	24	24.000
YCR009C	III	130745	131542	-	32	32.000
YCR010C	III	132273	133124	-	275	275.000
YCR011C	III	133724	136873	-	38	38.000
YCR012W	III	137746	138996	+	3506	3509.894
YCR013C	III	138402	139049	-	67	67.605
YCR014C	III	139185	140933	-	17	17.000
YCR015C	III	141217	142170	-	5	5.000
snR33	III	142364	142546	-	4	4.000
tG(GCC)C	III	142701	142771	-	0	0.000
YCR016W	III	143634	144506	+	4	4.000
YCR017C	III	144773	147634	-	112	112.000
YCR018C	III	148238	148903	-	30	30.000
tM(CAU)C	III	149920	149991	+	0	0.000
tK(CUU)C	III	151284	151356	-	0	0.000
YCR018C-A	III	151608	151862	-	20	23.385
YCR019W	III	152837	153928	+	14	14.000
YCR020C	III	154012	154659	-	13	13.650
YCR020C-A	III	154830	155096	-	7	7.350
YCR020W-B	III	155320	155556	+	2	2.000
YCR021C	III	156109	157107	-	111	111.000
YCR022C	III	157421	157765	-	1	1.000
YCR023C	III	158538	160373	-	32	32.000
YCR024C	III	160744	162222	-	11	11.000
YCR024C-B	III	162599	162865	-	291	313.337
YCR024C-A	III	162945	163067	-	296	317.647
YCR025C	III	163446	163856	-	5	5.000
YCR026C	III	164111	166339	-	24	24.000
YCR027C	III	167370	167999	-	10	10.000
tQ(UUG)C	III	168301	168372	-	0	0.000
YCR028C	III	170886	172424	-	27	27.000
YCR028C-A	III	172950	173440	-	96	96.000
YCR030C	III	173826	176438	-	63	63.000
snR65	III	177183	177282	+	0	0.000
YCR031C	III	177500	178220	-	326	326.221
snR189	III	178610	178798	-	0	0.000
YCR032W	III	179520	186023	+	5	5.000
YCR033W	III	186489	190169	+	14	14.000
YCR034W	III	190592	191635	+	69	69.000
YCR035C	III	191834	193018	-	11	11.000
YCR036W	III	193297	194298	+	37	37.000
YCR037C	III	194414	197185	-	26	26.000
YCR038C	III	197621	199549	-	6	6.261
YCR038W-A	III	199293	199418	+	0	0.000
YCR039C	III	199546	200178	-	1	17.739
YCR040W	III	200442	200969	+	0	1.000
YCR041W	III	200911	201243	+	0	1.000
YCR042C	III	201174	205397	-	10	10.000
YCR043C	III	206261	206644	-	13	13.000
YCR044C	III	206877	207950	-	24	24.000
YCR045C	III	208135	209610	-	2	2.000
YCR045W-A	III	208751	209101	+	1	1.000
YCR046C	III	209914	210423	-	25	25.000
YCR047C	III	210718	211545	-	16	16.000
YCR047W-A	III	211301	211507	+	0	0.000
YCR049C	III	211871	212317	-	1	1.000
YCR048W	III	211929	213761	+	12	12.000
YCR050C	III	213464	213772	-	0	0.000
YCR051W	III	214071	214739	+	49	49.000
YCR052W	III	214994	216445	+	17	17.000
YCR053W	III	216697	218241	+	71	71.020
YCR054C	III	218376	220067	-	4	4.000
YCR057C	III	220457	223228	-	8	8.000
YCR059C	III	223454	224230	-	12	12.000
YCR060W	III	224399	224734	+	19	19.000
YCR061W	III	225563	227458	+	24	24.000
tS(CGA)C	III	227942	228042	+	0	0.000
YCR064C	III	228095	228505	-	0	0.000
YCR063W	III	228318	228791	+	1	1.000
YCR065W	III	229310	231004	+	17	17.000
YCR066W	III	231500	232963	+	1	1.000
YCR067C	III	233125	236322	-	29	29.000
YCR068W	III	237214	238776	+	16	16.000
YCR069W	III	239055	240011	+	98	98.000
YCR071C	III	240103	240543	-	13	13.000
YCR072C	III	240805	242352	-	8	8.000
YCR073C	III	242588	246583	-	12	12.000
YCR073W-A	III	246963	247910	+	53	53.000
YCR075C	III	248033	248815	-	14	14.000
YCR075W-A	III	248975	249202	+	12	12.000
YCR076C	III	249293	250045	-	19	19.000
YCR077C	III	250238	252628	-	44	44.000
YCR079W	III	252845	254173	+	48	48.000
YCR081W	III	254371	258654	+	4	4.046
YCR081C-A	III	258415	258651	-	0	0.000
YCR082W	III	258883	259269	+	83	83.954
YCR083W	III	259578	259961	+	21	21.000
YCR084C	III	260311	262452	-	116	116.000
YCR085W	III	262916	263269	+	0	0.000
YCR086W	III	263392	263964	+	7	7.000
YCR087W	III	263976	264491	+	0	0.000
YCR087C-A	III	264006	264467	-	3	3.000
YCR088W	III	265068	266846	+	34	34.000
YCR089W	III	267434	272263	+	10	10.000
YCR090C	III	272315	272863	-	12	12.000
YCR091W	III	274404	276566	+	11	11.000
YCR092C	III	276764	279820	-	6	6.000
YCR093W	III	280117	286443	+	34	34.000
YCR094W	III	286762	287937	+	7	7.000
YCR095C	III	288170	289258	-	8	8.000
YCR095W-A	III	289639	289797	+	1	1.000
YCR096C	III	293179	293538	-	0	0.000
YCR097W	III	293835	294321	+	20	20.000
YCR097W-A	III	294439	294705	+	0	0.000
tT(AGU)C	III	295484	295556	+	0	0.000
YCR098C	III	297049	298605	-	4	4.000
YCR099C	III	300832	301299	-	2	2.000
YCR100C	III	301271	302221	-	3	3.000
YCR101C	III	302482	303030	-	0	0.000
YCR102C	III	304361	305467	-	7	7.000
YCR102W-A	III	306735	306932	+	0	0.000
YCR104W	III	307801	308175	+	0	0.000
YCR105W	III	309070	310155	+	0	0.000
YCR106W	III	310958	313456	+	0	0.000
YCR107W	III	313890	314981	+	0	0.000
YCR108C	III	315997	316188	-	0	0.000
YDL248W	IV	1802	2953	+	60	60.908
YDL247W-A	IV	3762	3836	+	4	4.000
YDL247W	IV	5985	7814	+	0	0.000
YDL246C	IV	8683	9756	-	24	24.000
YDL245C	IV	11657	13360	-	45	45.938
YDL244W	IV	16204	17226	+	6	6.443
YDL243C	IV	17577	18566	-	14	14.000
YDL242W	IV	18959	19312	+	6	6.000
YDL241W	IV	20635	21006	+	1	1.000
YDL240C-A	IV	22471	22608	-	0	0.000
YDL240W	IV	22823	25876	+	5	5.000
YDL239C	IV	26403	28775	-	14	14.000
YDL238C	IV	28985	30454	-	13	13.000
YDL237W	IV	30657	31829	+	25	25.000
YDL236W	IV	32296	33234	+	33	33.000
YDL235C	IV	33415	33918	-	14	14.000
YDL234C	IV	34237	36477	-	37	37.000
YDL233W	IV	36797	38173	+	13	13.000
YDL232W	IV	38487	38597	+	40	40.000
YDL231C	IV	38867	42244	-	22	22.000
YDL230W	IV	42700	43707	+	13	13.000
YDL229W	IV	44065	45906	+	177	209.023
YDL228C	IV	45277	45918	-	2	2.010
YDL227C	IV	46271	48031	-	2	2.000
YDL226C	IV	51115	52173	-	33	33.000
YDL225W	IV	52445	54100	+	8	8.000
YDL224C	IV	54397	56346	-	54	54.006
YDL223C	IV	57265	60405	-	96	96.000
YDL222C	IV	60872	61801	-	90	90.000
YDL221W	IV	62011	62562	+	6	6.000
YDL220C	IV	62244	65018	-	6	6.000
YDL219W	IV	65242	65765	+	8	8.000
YDL218W	IV	66493	67446	+	10	10.000
YDL217C	IV	67983	68606	-	14	14.000
YDL216C	IV	68997	70319	-	9	9.000
YDL215C	IV	70640	73918	-	190	190.000
YDL214C	IV	74446	76545	-	117	117.000
YDL213C	IV	77289	77966	-	11	11.000
YDL212W	IV	78426	79058	+	89	89.000
YDL211C	IV	79294	80412	-	10	10.000
tG(GCC)D1	IV	83548	83618	+	0	0.000
YDL210W	IV	84270	85985	+	9	9.000
YDL209C	IV	86207	87226	-	6	6.000
YDL208W	IV	87512	87982	+	10	10.000
YDL207W	IV	88248	89864	+	12	12.000
YDL206W	IV	90176	92464	+	19	19.000
YDL205C	IV	92762	93745	-	11	11.000
YDL204W	IV	94605	95786	+	110	110.000
YDL203C	IV	96082	97953	-	15	15.000
YDL202W	IV	98475	99224	+	14	14.000
YDL201W	IV	99561	100421	+	7	7.000
YDL200C	IV	100501	101067	-	17	17.000
YDL199C	IV	101290	103353	-	46	46.000
YDL198C	IV	103649	104551	-	73	73.000
YDL197C	IV	104917	106494	-	13	13.000
YDL196W	IV	106741	107070	+	0	0.000
YDL195W	IV	107208	111029	+	104	104.000
YDL194W	IV	111580	114234	+	20	20.000
YDL193W	IV	114672	115799	+	6	6.000
YDL192W	IV	116321	116866	+	85	85.000
YDL191W	IV	117664	118517	+	133	152.396
YDL190C	IV	118707	121592	-	14	14.000
YDL189W	IV	122216	123589	+	5	5.000
YDL188C	IV	123865	124998	-	44	44.000
YDL187C	IV	125509	125838	-	2	2.000
YDL186W	IV	125616	126449	+	5	5.000
YDL185C-A	IV	126608	126835	-	0	0.000
YDL185W	IV	126787	130002	+	196	196.000
YDL184C	IV	130407	130484	-	287	287.000
YDL183C	IV	130871	131833	-	3	3.000
YDL182W	IV	133437	134723	+	61	62.975
YDL181W	IV	135179	135436	+	162	162.000
YDL180W	IV	135896	137539	+	23	23.000
YDL179W	IV	138291	139205	+	11	11.000
YDL178W	IV	139522	141114	+	43	43.000
YDL177C	IV	141209	141721	-	2	2.000
YDL176W	IV	142097	144223	+	9	9.000
YDL175C	IV	144484	145518	-	9	9.000
YDL174C	IV	145826	147589	-	95	95.000
YDL173W	IV	148191	149078	+	21	21.000
YDL172C	IV	148607	149086	-	1	1.000
YDL171C	IV	149203	155640	-	204	204.000
YDL170W	IV	156318	157904	+	30	30.000
YDL169C	IV	158064	158735	-	9	9.000
YDL168W	IV	159604	160764	+	32	32.000
YDL167C	IV	160995	163154	-	7	7.000
YDL166C	IV	163449	164042	-	6	6.000
YDL165W	IV	164290	164865	+	20	20.606
YDL164C	IV	164987	167254	-	13	13.394
YDL163W	IV	166956	167258	+	0	0.000
YDL162C	IV	167359	167715	-	0	0.000
YDL161W	IV	167714	169078	+	21	21.000
YDL160C-A	IV	169366	169608	-	10	10.000
YDL160C	IV	170410	171930	-	11	11.000
YDL159W-A	IV	172182	172313	+	0	0.000
YDL159W	IV	172481	174028	+	12	12.000
YDL159C-B	IV	173056	173232	-	0	0.000
YDL158C	IV	173866	174174	-	1	1.000
YDL157C	IV	174232	174588	-	13	13.000
YDL156W	IV	174918	176486	+	3	3.000
YDL155W	IV	176773	178056	+	21	21.000
YDL154W	IV	178334	181039	+	7	7.000
YDL153C	IV	181186	183018	-	13	13.000
YDL152W	IV	182822	183187	+	0	0.000
YDL151C	IV	183318	183899	-	0	0.000
YDL150W	IV	183343	184611	+	7	7.000
YDL149W	IV	184925	187918	+	8	8.000
YDL148C	IV	188154	190586	-	6	6.000
YDL147W	IV	190924	192261	+	63	63.000
YDL146W	IV	192750	194225	+	6	6.000
YDL145C	IV	194571	198176	-	86	86.000
YDL144C	IV	198662	199732	-	26	26.000
YDL143W	IV	199996	201582	+	60	60.000
YDL142C	IV	201719	202570	-	14	14.000
YDL141W	IV	203039	205111	+	17	17.000
YDL140C	IV	205360	210561	-	96	96.000
YDL139C	IV	211375	212046	-	1	1.000
YDL138W	IV	213351	215642	+	26	26.000
YDL137W	IV	216529	217074	+	253	253.000
YDL136W	IV	217600	218367	+	59	67.604
YDL135C	IV	218680	219288	-	22	22.000
YDL134C	IV	219662	220771	-	68	68.000
YDL133C-A	IV	221724	221801	-	163	163.000
YDL133W	IV	222427	223740	+	23	23.000
YDL132W	IV	224304	226751	+	22	22.000
YDL131W	IV	227393	228715	+	124	128.367
YDL130W-A	IV	229171	229431	+	111	111.000
YDL130W	IV	229906	230527	+	329	329.000
YDL129W	IV	231024	231899	+	5	5.000
YDL128W	IV	232652	233887	+	123	123.000
YDL127W	IV	234927	235853	+	5	5.000
YDL126C	IV	236157	238664	-	254	254.679
YDL125C	IV	239019	239606	-	201	201.000
YDL124W	IV	240259	241197	+	183	183.000
YDL123W	IV	241418	241840	+	48	48.000
YDL122W	IV	242552	244981	+	16	16.000
YDL121C	IV	245133	245582	-	14	14.000
YDL120W	IV	245923	246447	+	42	42.000
YDL119C	IV	246689	247612	-	7	7.000
YDL118W	IV	247302	247682	+	0	0.000
YDL117W	IV	248581	251238	+	9	9.000
YDL116W	IV	251566	253746	+	14	14.000
YDL115C	IV	253995	255126	-	13	13.000
YDL114W-A	IV	254935	255048	+	0	0.000
YDL114W	IV	255604	256530	+	0	0.000
YDL113C	IV	256633	258555	-	9	9.000
YDL112W	IV	258915	263225	+	19	19.000
YDL111C	IV	263313	264110	-	14	14.000
YDL110C	IV	264512	264964	-	126	126.000
YDL109C	IV	265258	267201	-	5	5.000
YDL108W	IV	267698	268699	+	11	11.000
YDL107W	IV	268921	269976	+	14	14.000
YDL106C	IV	270222	271901	-	14	14.000
YDL105W	IV	272389	273597	+	1	1.000
YDL104C	IV	273653	274876	-	8	8.000
YDL103C	IV	275148	276581	-	20	20.000
YDL102W	IV	276872	280165	+	20	20.000
YDL101C	IV	280307	281848	-	13	13.000
YDL100C	IV	282112	283176	-	72	72.000
YDL099W	IV	283419	284444	+	22	22.000
YDL098C	IV	284581	285165	-	2	2.000
YDL097C	IV	285391	286695	-	143	143.000
YDL096C	IV	286998	287324	-	0	0.000
YDL095W	IV	287059	289512	+	63	63.000
YDL094C	IV	289572	290081	-	0	0.000
YDL093W	IV	289909	292140	+	15	15.000
YDL092W	IV	292781	293221	+	14	14.000
YDL091C	IV	293392	294759	-	18	18.000
YDL090C	IV	295034	296329	-	20	20.000
YDL089W	IV	296820	298274	+	7	7.000
YDL088C	IV	298417	300003	-	14	14.000
YDL087C	IV	300214	300999	-	1	1.000
YDL086W	IV	301413	302234	+	98	98.000
YDL086C-A	IV	301655	302089	-	2	2.000
YDL085C-A	IV	302464	302670	-	6	6.000
YDL085W	IV	303211	304848	+	85	85.000
YDL084W	IV	305237	306577	+	107	107.000
YDL083C	IV	306926	307789	-	188	188.160
YDL082W	IV	308424	309388	+	77	77.000
YDL081C	IV	309802	310122	-	354	354.000
YDL080C	IV	310642	312471	-	11	11.000
YDL079C	IV	312951	314748	-	39	39.000
YDL078C	IV	315357	316388	-	220	220.000
YDL077C	IV	316971	320120	-	10	10.000
YDL076C	IV	320668	321552	-	19	19.000
YDL075W	IV	322226	322988	+	114	114.000
snR63	IV	323217	323471	-	2	2.000
YDL074C	IV	324047	326149	-	12	12.000
YDL073W	IV	326613	329567	+	12	12.000
YDL072C	IV	329836	330447	-	160	160.000
YDL071C	IV	330666	331040	-	8	8.000
YDL070W	IV	331024	332940	+	52	52.000
YDL069C	IV	333121	333810	-	8	8.000
YDL068W	IV	333500	333829	+	0	0.000
YDL067C	IV	334217	334396	-	196	196.000
YDL066W	IV	334835	336121	+	44	44.000
YDL065C	IV	336249	337277	-	13	13.000
YDL064W	IV	337487	338070	+	20	20.000
YDL063C	IV	338272	340134	-	7	7.000
YDL062W	IV	339857	340282	+	0	0.000
YDL061C	IV	340628	340798	-	212	212.000
YDL060W	IV	341619	343985	+	8	8.000
YDL059C	IV	344237	344953	-	4	4.000
YDL058W	IV	345665	351037	+	14	14.000
YDL057W	IV	351434	352420	+	13	13.000
YDL056W	IV	352877	355378	+	16	16.000
YDL055C	IV	355674	356759	-	331	331.000
tK(UUU)D	IV	359577	359672	+	0	0.000
YDL054C	IV	359825	361285	-	92	92.000
YDL053C	IV	361699	362256	-	31	31.000
YDL052C	IV	362672	363583	-	45	45.000
YDL051W	IV	363952	364779	+	20	20.000
YDL050C	IV	364446	364817	-	1	1.000
YDL049C	IV	365068	365874	-	32	32.000
YDL048C	IV	366739	368211	-	28	28.000
YDL047W	IV	369771	370706	+	41	41.000
YDL046W	IV	371240	371761	+	359	359.000
YDL045W-A	IV	372248	372535	+	19	19.000
YDL045C	IV	372688	373608	-	16	16.000
YDL044C	IV	373967	375289	-	8	8.000
YDL043C	IV	375680	376480	-	3	3.000
YDL042C	IV	376757	378445	-	6	6.000
YDL041W	IV	378102	378455	+	0	0.000
YDL040C	IV	378874	381438	-	27	27.000
YDL039C	IV	381985	384081	-	12	12.000
YDL037C	IV	384601	385587	-	2	2.000
YDL036C	IV	387513	388901	-	7	7.000
YDL035C	IV	389172	392057	-	22	22.000
YDL034W	IV	391783	392127	+	0	0.000
YDL033C	IV	392659	393912	-	12	12.000
YDL032W	IV	393690	394001	+	0	0.000
YDL031W	IV	394217	397204	+	12	12.000
YDL030W	IV	397537	399129	+	8	8.000
YDL029W	IV	399340	400638	+	82	82.000
YDL028C	IV	400997	403291	-	13	13.000
YDL027C	IV	403695	404957	-	48	48.000
YDL026W	IV	404749	405060	+	0	0.000
YDL025C	IV	405344	407206	-	14	14.000
YDL025W-A	IV	405410	405514	+	0	0.000
YDL024C	IV	408451	409857	-	10	10.000
YDL022C-A	IV	409808	410056	-	0	0.000
tA(AGC)D	IV	410379	410451	+	0	0.000
YDL023C	IV	411761	412081	-	1	1.000
YDL022W	IV	411825	413000	+	209	209.000
YDL021W	IV	413953	414888	+	7	7.000
YDL020C	IV	415113	416708	-	89	89.000
YDL019C	IV	417663	421514	-	34	34.000
YDL018C	IV	422833	423510	-	19	19.000
YDL017W	IV	424209	425732	+	2	2.000
YDL016C	IV	425570	425872	-	1	1.071
YDL015C	IV	426002	426934	-	55	58.929
YDL014W	IV	427364	428347	+	52	52.000
YDL013W	IV	429067	430926	+	10	10.000
YDL012C	IV	431108	431517	-	13	13.000
YDL011C	IV	432308	432631	-	0	0.000
YDL010W	IV	432330	433025	+	21	21.000
YDL009C	IV	432925	433248	-	5	5.000
YDL008W	IV	433497	433994	+	10	10.000
tT(AGU)D	IV	434264	434336	-	0	0.000
YDL007C-A	IV	436567	436824	-	0	0.000
tS(AGA)D1	IV	437772	437853	+	0	0.000
YDL007W	IV	438047	439360	+	73	73.000
YDL006W	IV	439909	440754	+	9	9.000
YDL005C	IV	441014	442309	-	13	13.000
YDL004W	IV	443029	443511	+	210	210.000
YDL003W	IV	444683	446383	+	13	13.000
YDL002C	IV	446967	447578	-	8	8.000
YDL001W	IV	447984	449276	+	5	5.000
YDR001C	IV	450220	452475	-	75	75.000
YDR002W	IV	453045	453650	+	41	41.000
YDR003W	IV	454122	454754	+	32	32.000
YDR003W-A	IV	454782	454904	+	7	7.000
YDR004W	IV	455201	456583	+	15	15.000
YDR005C	IV	456836	458103	-	38	38.000
YDR006C	IV	458542	461247	-	17	17.000
YDR007W	IV	461842	462516	+	43	43.000
YDR008C	IV	462252	462602	-	1	1.000
YDR009W	IV	463434	464996	+	13	13.000
YDR010C	IV	465051	465383	-	5	5.000
YDR011W	IV	465919	470424	+	50	50.000
YDR012W	IV	471853	472941	+	452	612.978
YDR013W	IV	473157	473783	+	2	2.000
YDR014W	IV	474046	475989	+	5	5.000
YDR014W-A	IV	477797	478285	+	1	1.000
YDR015C	IV	477960	478199	-	0	0.000
YDR016C	IV	478474	478758	-	10	10.000
YDR017C	IV	479115	482267	-	8	8.000
YDR018C	IV	482670	483860	-	21	21.000
YDR019C	IV	484163	485365	-	22	22.000
YDR020C	IV	485746	486444	-	8	8.000
YDR021W	IV	486804	488003	+	4	4.000
YDR022C	IV	488072	488662	-	7	7.000
tV(UAC)D	IV	488797	488870	-	0	0.000
YDR023W	IV	489508	490896	+	51	54.000
YDR024W	IV	491017	491502	+	0	0.000
YDR025W	IV	491515	492324	+	181	182.049
YDR026C	IV	492556	494268	-	9	9.000
YDR027C	IV	494649	497318	-	13	13.000
YDR028C	IV	497835	500879	-	17	17.000
YDR029W	IV	501100	501414	+	3	3.000
YDR030C	IV	501753	503273	-	13	13.000
YDR031W	IV	503498	503863	+	16	16.000
YDR032C	IV	504099	504695	-	330	330.000
YDR033W	IV	508147	509109	+	166	166.000
YDR034C	IV	509737	512109	-	8	8.000
YDR034C-D	IV	514043	519356	-	18	36.585
YDR034C-C	IV	518040	519356	-	0	0.000
tL(UAA)D	IV	519743	519826	+	0	0.000
YDR034C-A	IV	520516	520692	-	0	0.000
tQ(UUG)D1	IV	520972	521043	+	0	0.000
YDR034W-B	IV	521314	521469	+	30	30.000
YDR035W	IV	521816	522928	+	52	52.000
YDR036C	IV	523211	524713	-	47	47.000
YDR037W	IV	525440	527215	+	36	36.000
YDR038C	IV	527422	530697	-	5	10.909
YDR039C	IV	531307	534582	-	0	2.805
YDR040C	IV	535192	538467	-	3	10.286
YDR041W	IV	539803	540414	+	11	11.000
YDR042C	IV	540601	541203	-	0	0.000
snR47	IV	541602	541700	-	0	0.000
YDR043C	IV	542674	543369	-	53	53.000
YDR044W	IV	546642	547628	+	50	50.000
YDR045C	IV	547978	548310	-	9	9.000
YDR046C	IV	548762	550576	-	1	1.000
YDR047W	IV	551860	552948	+	59	59.000
YDR048C	IV	553084	553398	-	0	0.000
YDR049W	IV	553254	555152	+	10	10.000
YDR050C	IV	555726	556472	-	925	925.000
YDR051C	IV	557056	558060	-	14	14.000
YDR052C	IV	558511	560625	-	20	20.000
YDR053W	IV	560249	560644	+	0	0.000
YDR054C	IV	561440	562327	-	28	28.000
YDR055W	IV	563527	564861	+	312	312.872
YDR056C	IV	565023	565640	-	26	26.000
YDR057W	IV	565927	567555	+	10	10.000
YDR058C	IV	567723	568703	-	9	9.000
tR(UCU)D	IV	568882	568953	+	0	0.000
tD(GUC)D	IV	568964	569035	+	0	0.000
YDR059C	IV	569234	569770	-	95	95.000
YDR060W	IV	570649	573726	+	12	12.000
YDR061W	IV	574164	575783	+	25	25.000
YDR062W	IV	576474	578159	+	52	52.000
YDR063W	IV	578663	579112	+	24	24.000
YDR064W	IV	579458	580452	+	318	318.874
YDR065W	IV	580687	581784	+	2	2.000
YDR066C	IV	581908	582498	-	9	9.000
YDR067C	IV	582791	583465	-	9	9.000
YDR068W	IV	583713	584645	+	19	19.000
YDR069C	IV	584939	587719	-	9	9.000
YDR070C	IV	588098	588379	-	112	112.000
YDR071C	IV	588827	589402	-	26	26.000
YDR072C	IV	589761	591344	-	65	65.000
YDR073W	IV	592439	592948	+	36	36.000
YDR074W	IV	593893	596583	+	135	135.000
YDR075W	IV	597156	598082	+	13	13.000
YDR076W	IV	598468	599688	+	12	12.000
YDR077W	IV	600793	601809	+	5675	5680.742
YDR078C	IV	602198	602869	-	6	6.000
YDR079W	IV	603064	603399	+	9	9.000
YDR079C-A	IV	603593	603811	-	10	10.000
YDR080W	IV	604008	606986	+	8	8.000
YDR081C	IV	607304	610081	-	8	8.000
YDR082W	IV	610441	611925	+	8	8.571
YDR083W	IV	612073	613251	+	6	6.429
YDR084C	IV	613405	614004	-	23	23.000
YDR085C	IV	614288	616150	-	29	29.000
YDR086C	IV	616928	617170	-	68	68.000
YDR087C	IV	617470	618306	-	8	8.000
YDR088C	IV	618497	619645	-	3	3.000
tR(ACG)D	IV	619969	620041	-	0	0.000
YDR089W	IV	622112	624721	+	23	23.359
YDR090C	IV	625066	625998	-	20	20.000
YDR091C	IV	626708	628534	-	36	36.000
YDR092W	IV	629876	630605	+	33	33.000
YDR093W	IV	631282	636120	+	9	12.000
YDR094W	IV	635840	636175	+	0	0.000
YDR095C	IV	636117	636527	-	0	0.000
YDR096W	IV	637139	639823	+	41	41.000
YDR097C	IV	640109	643837	-	14	14.000
YDR098C	IV	644178	644930	-	29	29.000
tQ(UUG)D2	IV	645153	645224	-	0	0.000
YDR098C-B	IV	645858	651126	-	11	114.056
YDR098C-A	IV	649804	651126	-	0	0.000
YDR099W	IV	653607	654428	+	185	185.000
YDR100W	IV	655013	655444	+	77	77.000
YDR101C	IV	655686	657467	-	19	19.000
YDR102C	IV	657648	657980	-	2	2.000
YDR103W	IV	658350	661103	+	10	10.000
YDR104C	IV	661173	664910	-	3	3.000
YDR105C	IV	665349	666770	-	55	55.000
YDR106W	IV	667004	667858	+	0	0.000
tI(AAU)D	IV	668007	668080	-	0	0.000
YDR107C	IV	669016	671034	-	11	11.000
YDR108W	IV	671269	673365	+	13	13.000
YDR109C	IV	673520	675667	-	15	15.000
YDR110W	IV	676102	677802	+	5	5.000
YDR111C	IV	678241	679764	-	18	18.000
YDR112W	IV	679544	679852	+	0	0.000
YDR113C	IV	680496	681617	-	19	19.000
YDR114C	IV	681924	682226	-	2	2.000
YDR115W	IV	682175	682492	+	39	39.000
YDR116C	IV	682724	683581	-	18	18.000
YDR117C	IV	683946	685643	-	12	12.000
YDR118W	IV	685882	687840	+	7	8.000
YDR118W-A	IV	687768	687884	+	0	0.000
YDR119W	IV	688227	690533	+	30	30.000
YDR119W-A	IV	691014	691214	+	125	125.000
YDR120C	IV	691549	693261	-	7	7.000
YDR121W	IV	693585	694175	+	2	2.000
YDR122W	IV	694700	697894	+	31	31.000
YDR123C	IV	698554	699468	-	8	8.000
YDR124W	IV	700315	701289	+	8	8.000
YDR125C	IV	701397	702758	-	8	8.000
YDR126W	IV	703234	704244	+	27	27.000
YDR127W	IV	704484	709250	+	96	96.000
YDR128W	IV	709549	712995	+	12	12.000
YDR129C	IV	713340	715379	-	71	71.000
YDR130C	IV	715747	716622	-	11	11.000
YDR131C	IV	716790	718460	-	12	12.000
YDR132C	IV	718816	720303	-	12	12.000
YDR133C	IV	720962	721297	-	1217	1217.585
YDR135C	IV	723004	727551	-	58	58.000
YDR136C	IV	727711	728283	-	0	0.000
YDR137W	IV	728259	730250	+	14	14.000
YDR138W	IV	730578	732836	+	0	0.000
YDR139C	IV	733618	733924	-	25	25.000
YDR140W	IV	734138	734803	+	22	22.000
YDR141C	IV	734901	739997	-	28	28.000
YDR142C	IV	740473	741600	-	24	24.000
YDR143C	IV	742042	743874	-	25	25.000
YDR144C	IV	744311	746101	-	10	10.000
YDR145W	IV	746738	748357	+	23	23.000
YDR146C	IV	748613	750742	-	9	9.000
YDR147W	IV	751631	753235	+	6	6.000
YDR148C	IV	753675	755066	-	186	186.000
YDR149C	IV	755555	756262	-	0	0.000
YDR150W	IV	755628	763874	+	33	33.000
YDR151C	IV	764178	765155	-	12	12.000
YDR152W	IV	765706	766503	+	9	9.000
YDR153C	IV	766736	767971	-	19	19.000
YDR154C	IV	768403	768753	-	0	0.000
YDR155C	IV	768512	769000	-	791	1731.000
YDR156W	IV	769525	769938	+	20	21.000
YDR157W	IV	769931	770332	+	0	0.000
YDR158W	IV	770357	771454	+	125	125.000
YDR159W	IV	771877	775782	+	3	3.000
YDR160W	IV	776163	778721	+	20	20.000
YDR161W	IV	779043	780206	+	8	8.000
YDR162C	IV	780390	781100	-	24	24.000
YDR163W	IV	781423	781950	+	17	17.000
YDR164C	IV	782041	784215	-	22	22.000
YDR165W	IV	784871	786205	+	4	4.000
YDR166C	IV	786306	789221	-	26	26.000
YDR167W	IV	789449	790069	+	15	15.000
YDR168W	IV	790328	791848	+	22	22.000
YDR169C	IV	792348	793889	-	31	31.000
YDR169C-A	IV	794574	794723	-	2	2.000
YDR170C	IV	796193	802222	-	25	25.000
tQ(UUG)D3	IV	802731	802802	-	0	0.000
YDR170W-A	IV	803195	804517	+	0	0.000
YDR171W	IV	806621	807748	+	199	199.000
YDR172W	IV	808324	810381	+	49	49.000
YDR173C	IV	810565	811632	-	8	8.000
YDR174W	IV	812110	812850	+	79	79.000
YDR175C	IV	813193	814152	-	19	19.000
YDR176W	IV	814452	816560	+	13	13.000
YDR177W	IV	816878	817525	+	41	41.641
YDR178W	IV	817950	818495	+	411	411.000
YDR179C	IV	818708	819196	-	5	5.000
YDR179W-A	IV	819433	820824	+	9	9.000
YDR180W	IV	821295	825776	+	3	3.000
YDR181C	IV	825910	827355	-	15	15.000
YDR182W	IV	827582	829057	+	36	36.000
YDR182W-A	IV	829151	829354	+	2	2.000
YDR183W	IV	829585	830277	+	5	5.000
YDR183C-A	IV	830397	830654	-	0	0.000
YDR184C	IV	830629	831513	-	5	5.000
YDR185C	IV	831934	832473	-	3	3.000
YDR186C	IV	832859	835492	-	53	53.000
YDR187C	IV	836228	836746	-	2	2.000
YDR188W	IV	836421	838061	+	109	109.000
YDR189W	IV	838392	840392	+	23	23.000
YDR190C	IV	840604	841995	-	26	26.000
YDR191W	IV	842337	843449	+	0	0.000
YDR192C	IV	843569	844861	-	8	8.000
YDR193W	IV	844554	844952	+	0	0.000
YDR194C	IV	845952	847946	-	16	16.000
YDR194W-A	IV	848071	848223	+	0	0.000
YDR195W	IV	848599	850200	+	13	13.000
YDR196C	IV	850274	850999	-	22	22.000
YDR197W	IV	851228	852397	+	14	14.000
YDR198C	IV	852533	853972	-	9	9.000
YDR199W	IV	854175	854540	+	0	0.000
YDR200C	IV	854279	856093	-	4	4.000
YDR201W	IV	856317	856814	+	12	12.000
YDR202C	IV	856898	857953	-	13	13.000
YDR203W	IV	857682	857999	+	0	0.000
YDR204W	IV	858137	859144	+	48	48.000
YDR205W	IV	859346	861520	+	23	23.000
YDR206W	IV	862054	864708	+	35	35.000
YDR207C	IV	865012	867522	-	13	13.000
YDR208W	IV	868224	870563	+	32	32.069
YDR209C	IV	871036	871449	-	6	6.000
YDR210W	IV	871074	871301	+	9	9.000
YDR210W-A	IV	872112	873428	+	0	0.000
YDR210W-B	IV	872112	877425	+	0	14.092
YDR210C-D	IV	878659	883927	-	6	27.669
YDR210C-C	IV	882605	883927	-	0	0.000
tI(UAU)D	IV	884361	884493	+	0	0.000
YDR211W	IV	884727	886865	+	17	17.000
YDR212W	IV	887232	888911	+	56	56.000
YDR213W	IV	889751	892492	+	3	3.000
YDR214W	IV	892875	893927	+	204	205.193
YDR215C	IV	894089	894502	-	1	1.000
YDR216W	IV	895035	899006	+	91	91.000
YDR217C	IV	899551	903480	-	12	12.000
YDR218C	IV	903781	905052	-	19	19.000
YDR219C	IV	905455	906852	-	9	9.000
YDR220C	IV	907000	907293	-	0	0.000
YDR221W	IV	907330	909438	+	17	17.000
YDR222W	IV	910054	911301	+	25	25.000
YDR223W	IV	912099	913502	+	40	40.000
YDR224C	IV	914317	914712	-	214	214.000
YDR225W	IV	915530	915928	+	514	514.000
YDR226W	IV	916486	917154	+	79	79.000
YDR227W	IV	917571	921647	+	8	8.000
YDR228C	IV	921926	923806	-	12	12.000
YDR229W	IV	924785	926146	+	14	14.000
YDR230W	IV	926223	926570	+	0	0.000
YDR231C	IV	926293	926910	-	42	42.000
YDR232W	IV	927452	929098	+	134	134.000
YDR233C	IV	929470	930357	-	401	401.000
YDR234W	IV	931129	933210	+	28	28.000
YDR235W	IV	933504	935138	+	10	10.000
YDR236C	IV	935236	935892	-	24	24.000
YDR237W	IV	936615	937493	+	24	24.000
YDR238C	IV	937895	940816	-	59	59.000
YDR239C	IV	941057	943420	-	9	9.000
YDR240C	IV	943674	945152	-	5	5.000
YDR241W	IV	945151	945438	+	5	5.000
tY(GUA)D	IV	946312	946400	+	0	0.000
YDR242W	IV	946807	948456	+	13	13.000
YDR243C	IV	948518	950284	-	3	3.000
YDR244W	IV	950563	952401	+	17	17.000
YDR245W	IV	952800	953981	+	34	34.000
YDR246W	IV	954288	954947	+	28	28.000
YDR246W-A	IV	955133	955333	+	7	7.000
YDR247W	IV	956013	957398	+	48	48.000
YDR248C	IV	957758	958339	-	24	24.000
YDR249C	IV	958681	959802	-	1	1.000
YDR250C	IV	960086	960361	-	1	1.000
YDR251W	IV	960614	963106	+	40	40.000
YDR252W	IV	963412	963861	+	8	8.000
YDR253C	IV	963990	964565	-	21	21.000
YDR254W	IV	965113	966489	+	19	19.000
YDR255C	IV	966557	967822	-	7	7.000
YDR256C	IV	968133	969680	-	671	671.048
YDR257C	IV	969990	971474	-	9	9.000
YDR258C	IV	971808	974243	-	202	202.000
YDR259C	IV	974631	975782	-	12	12.000
YDR260C	IV	976717	977229	-	20	20.000
YDR261C	IV	977521	979209	-	16	16.000
tS(AGA)D2	IV	980974	981055	-	0	0.000
YDR261W-A	IV	981462	982778	+	0	0.000
YDR261W-B	IV	981462	986775	+	2	4.866
YDR261C-D	IV	987534	992349	-	24	64.167
YDR261C-C	IV	991027	992349	-	0	0.000
tG(GCC)D2	IV	992832	992902	+	1	1.008
YDR262W	IV	993134	993952	+	127	127.992
YDR263C	IV	994242	995534	-	7	7.000
YDR264C	IV	996029	998323	-	63	63.000
YDR265W	IV	998864	999877	+	10	10.000
YDR266C	IV	1000104	1002023	-	14	14.000
YDR267C	IV	1002510	1003502	-	12	12.000
YDR268W	IV	1004004	1005143	+	7	7.000
YDR269C	IV	1005665	1005988	-	0	0.000
YDR270W	IV	1005675	1008689	+	23	23.000
YDR271C	IV	1008395	1008766	-	0	0.000
YDR272W	IV	1009010	1009834	+	25	25.000
YDR273W	IV	1010176	1011273	+	3	3.000
YDR274C	IV	1011589	1011960	-	2	2.000
YDR275W	IV	1012252	1012959	+	14	14.000
YDR276C	IV	1013476	1013643	-	846	846.614
YDR277C	IV	1014401	1015702	-	41	41.000
YDR278C	IV	1017001	1017318	-	0	0.000
tE(CUC)D	IV	1017207	1017278	-	0	0.000
YDR279W	IV	1019368	1020420	+	11	11.000
YDR280W	IV	1020747	1021664	+	13	13.000
YDR281C	IV	1022007	1022321	-	3	3.000
YDR282C	IV	1023511	1024755	-	4	4.000
YDR283C	IV	1025070	1030049	-	14	14.000
YDR284C	IV	1030550	1031419	-	40	40.000
YDR285W	IV	1032436	1035063	+	3	3.000
YDR286C	IV	1035231	1035575	-	17	17.000
YDR287W	IV	1035995	1036873	+	20	20.000
YDR288W	IV	1037195	1038106	+	20	20.000
YDR289C	IV	1038280	1039509	-	14	14.000
YDR290W	IV	1039370	1039699	+	0	0.000
YDR291W	IV	1039728	1042961	+	8	8.000
YDR292C	IV	1043146	1045011	-	21	21.000
YDR293C	IV	1045640	1049392	-	171	171.000
YDR294C	IV	1050459	1052228	-	93	93.034
YDR295C	IV	1052623	1054647	-	2	2.000
YDR296W	IV	1055212	1055892	+	18	18.000
YDR297W	IV	1056551	1057600	+	45	45.000
YDR298C	IV	1058176	1058814	-	252	252.000
YDR299W	IV	1059627	1061231	+	5	5.000
YDR300C	IV	1061505	1062791	-	14	14.000
YDR301W	IV	1063352	1067425	+	5	5.000
YDR302W	IV	1067731	1068390	+	17	17.567
YDR303C	IV	1068729	1071386	-	15	15.000
YDR304C	IV	1071880	1072557	-	40	40.000
YDR305C	IV	1072746	1073488	-	11	11.000
YDR306C	IV	1073735	1075171	-	26	26.000
tV(CAC)D	IV	1075472	1075544	-	0	0.000
YDR307W	IV	1075865	1077853	+	23	23.000
YDR308C	IV	1078027	1078449	-	15	15.000
YDR309C	IV	1079048	1080199	-	19	19.000
YDR310C	IV	1081128	1084316	-	19	19.000
YDR311W	IV	1085065	1086993	+	6	6.000
YDR312W	IV	1087581	1088942	+	5	5.000
YDR313C	IV	1089219	1090079	-	33	33.000
YDR314C	IV	1090433	1092511	-	2	2.000
YDR315C	IV	1092741	1093586	-	4	4.000
YDR316W	IV	1093763	1095178	+	8	8.000
tF(GAA)D	IV	1095370	1095461	-	0	0.000
YDR316W-A	IV	1096064	1097386	+	0	0.000
YDR316W-B	IV	1096064	1101332	+	6	35.757
YDR317W	IV	1102184	1103428	+	7	7.000
YDR318W	IV	1103758	1104947	+	13	13.000
YDR319C	IV	1105003	1105827	-	26	26.289
YDR320C	IV	1106095	1108101	-	14	14.000
YDR320C-A	IV	1108280	1108498	-	19	19.000
YDR320W-B	IV	1108484	1108621	+	0	0.000
YDR321W	IV	1108702	1109847	+	32	32.000
YDR322W	IV	1110589	1111692	+	16	16.000
YDR322C-A	IV	1112003	1112293	-	116	116.000
YDR323C	IV	1112480	1114027	-	4	4.000
YDR324C	IV	1114433	1116763	-	4	4.000
YDR325W	IV	1117126	1120233	+	9	9.000
YDR326C	IV	1120609	1124925	-	14	14.000
YDR327W	IV	1125302	1125628	+	6	6.000
YDR328C	IV	1125434	1126018	-	59	59.000
YDR329C	IV	1126270	1127595	-	29	29.000
YDR330W	IV	1127872	1129374	+	27	27.628
YDR331W	IV	1129588	1130823	+	16	16.000
YDR332W	IV	1131001	1133070	+	8	8.000
YDR333C	IV	1133260	1135431	-	9	9.000
YDR334W	IV	1135932	1140476	+	7	7.000
YDR335W	IV	1141168	1144842	+	40	40.000
YDR336W	IV	1145092	1146036	+	3	3.000
YDR337W	IV	1146319	1147179	+	15	15.000
YDR338C	IV	1147379	1149466	-	17	17.001
YDR339C	IV	1149951	1150520	-	16	16.001
tX(XXX)D	IV	1150842	1150941	-	0	0.000
YDR340W	IV	1150881	1151183	+	1	1.000
YDR341C	IV	1151803	1153626	-	39	39.000
YDR342C	IV	1154216	1155928	-	1117	6478.741
YDR343C	IV	1159608	1161320	-	1204	6977.124
YDR344C	IV	1162006	1162449	-	3	3.000
YDR345C	IV	1162957	1164660	-	101	101.022
YDR346C	IV	1167214	1168659	-	38	38.000
YDR347W	IV	1169178	1170143	+	37	37.000
YDR348C	IV	1170326	1171825	-	27	27.000
YDR349C	IV	1172386	1174176	-	62	62.000
tM(CAU)D	IV	1175829	1175901	+	0	0.000
YDR350C	IV	1176120	1178174	-	22	22.000
YDR351W	IV	1178666	1181260	+	12	12.000
YDR352W	IV	1181801	1182754	+	42	42.000
YDR353W	IV	1183299	1184258	+	79	79.000
YDR354W	IV	1184747	1185889	+	48	48.239
YDR354C-A	IV	1185139	1185282	-	2	2.000
YDR355C	IV	1186067	1186369	-	0	0.000
YDR356W	IV	1186107	1188941	+	9	9.000
YDR357C	IV	1189199	1189567	-	30	30.000
YDR358W	IV	1190059	1191732	+	11	11.000
YDR359C	IV	1191936	1194884	-	16	16.000
YDR360W	IV	1194598	1195032	+	0	0.000
YDR361C	IV	1195412	1196263	-	9	9.000
YDR362C	IV	1196679	1198697	-	19	19.000
YDR363W	IV	1199183	1200553	+	2	2.000
tK(CUU)D1	IV	1201750	1201822	+	0	0.000
YDR363W-A	IV	1202128	1202397	+	54	54.000
YDR364C	IV	1202843	1204210	-	4	4.000
YDR365C	IV	1204497	1206383	-	29	29.000
YDR365W-A	IV	1206997	1208319	+	3	11.116
YDR365W-B	IV	1206997	1212265	+	3	17.092
YDR366C	IV	1212438	1212836	-	4	4.041
YDR367W	IV	1212848	1213614	+	35	35.000
YDR368W	IV	1213904	1214842	+	46	46.000
YDR369C	IV	1215016	1217580	-	9	9.000
YDR370C	IV	1217782	1219110	-	13	13.000
YDR371W	IV	1219413	1220948	+	8	8.000
YDR371C-A	IV	1219509	1219613	-	0	0.000
YDR372C	IV	1221112	1222149	-	39	39.000
YDR373W	IV	1222759	1223331	+	22	22.000
YDR374C	IV	1223474	1224394	-	3	3.000
YDR374W-A	IV	1224757	1225026	+	23	23.000
YDR375C	IV	1225166	1226536	-	8	8.000
YDR376W	IV	1226822	1228303	+	12	12.000
YDR377W	IV	1228611	1228916	+	172	172.000
YDR378C	IV	1229349	1229609	-	36	36.000
YDR379W	IV	1230167	1233196	+	8	8.390
YDR379C-A	IV	1233278	1233517	-	33	34.610
YDR380W	IV	1234218	1236125	+	43	43.006
YDR381W	IV	1236558	1238004	+	157	157.000
YDR381C-A	IV	1238312	1238850	-	14	14.000
YDR382W	IV	1239492	1239824	+	268	268.000
YDR383C	IV	1239960	1240676	-	3	3.000
YDR384C	IV	1241204	1242031	-	966	967.936
YDR385W	IV	1243230	1245758	+	331	647.303
YDR386W	IV	1246084	1247982	+	4	4.000
YDR387C	IV	1248154	1249821	-	23	23.000
YDR388W	IV	1250186	1251634	+	50	50.000
YDR389W	IV	1252537	1254501	+	22	22.000
YDR390C	IV	1254937	1256847	-	14	14.000
tG(CCC)D	IV	1257008	1257079	-	0	0.000
YDR391C	IV	1257358	1258056	-	5	5.000
YDR392W	IV	1258696	1259709	+	6	6.000
YDR393W	IV	1259901	1261271	+	7	7.000
YDR394W	IV	1261681	1262967	+	107	107.000
YDR395W	IV	1263324	1266158	+	20	20.000
YDR396W	IV	1266295	1266795	+	1	1.000
YDR397C	IV	1266366	1266898	-	25	25.000
YDR398W	IV	1267471	1269402	+	8	8.000
YDR399W	IV	1270068	1270733	+	89	89.000
YDR400W	IV	1271063	1272085	+	9	9.000
YDR401W	IV	1272223	1272786	+	5	5.000
YDR402C	IV	1272234	1273703	-	2	2.000
YDR403W	IV	1274602	1276212	+	5	5.000
YDR404C	IV	1276654	1277169	-	49	49.000
YDR405W	IV	1277646	1278437	+	52	52.000
YDR406W	IV	1279210	1283799	+	35	36.000
YDR406W-A	IV	1283799	1284044	+	0	0.000
YDR407C	IV	1284069	1287938	-	10	10.000
YDR408C	IV	1288215	1288859	-	21	21.000
YDR409W	IV	1289406	1292120	+	10	10.000
YDR410C	IV	1292372	1293091	-	7	7.000
YDR411C	IV	1293369	1294394	-	56	56.000
YDR412W	IV	1294693	1295400	+	3	3.000
YDR413C	IV	1294836	1295411	-	0	0.000
YDR414C	IV	1295598	1296686	-	7	7.000
YDR415C	IV	1297037	1298161	-	13	13.000
YDR416W	IV	1298432	1301011	+	6	6.000
YDR417C	IV	1301555	1301926	-	2	2.009
YDR418W	IV	1301616	1302113	+	230	230.991
YDR419W	IV	1303174	1305072	+	10	10.000
tS(AGA)D3	IV	1305630	1305712	+	0	0.000
YDR420W	IV	1306267	1311675	+	13	13.000
YDR421W	IV	1312040	1314892	+	8	8.000
YDR422C	IV	1315326	1317773	-	25	25.000
YDR423C	IV	1318046	1319275	-	8	8.000
YDR424C	IV	1319387	1319841	-	26	26.000
YDR425W	IV	1320064	1321941	+	8	8.000
YDR426C	IV	1321629	1322006	-	0	0.000
YDR427W	IV	1322205	1323386	+	63	65.392
YDR428C	IV	1323454	1324239	-	16	16.608
YDR429C	IV	1324477	1325301	-	37	37.000
YDR430C	IV	1325501	1328470	-	12	12.000
YDR431W	IV	1328390	1328701	+	0	0.000
YDR432W	IV	1328783	1330027	+	14	30.800
YDR433W	IV	1329600	1330040	+	1	2.200
YDR434W	IV	1331237	1332841	+	33	33.000
YDR435C	IV	1332983	1333969	-	20	20.000
YDR436W	IV	1334821	1336953	+	20	20.000
YDR437W	IV	1337352	1337774	+	4	4.000
YDR438W	IV	1338274	1339386	+	21	21.000
YDR439W	IV	1339676	1340719	+	4	4.000
YDR440W	IV	1342493	1344241	+	7	7.000
YDR441C	IV	1344517	1345062	-	89	89.000
YDR442W	IV	1345647	1346039	+	1	1.000
YDR443C	IV	1345676	1349938	-	15	15.000
YDR444W	IV	1350290	1352353	+	15	15.000
YDR445C	IV	1352182	1352589	-	0	0.000
tK(CUU)D2	IV	1352466	1352538	-	0	0.000
YDR446W	IV	1353725	1354633	+	2	2.000
YDR447C	IV	1354829	1355553	-	120	120.321
YDR448W	IV	1356065	1357369	+	3	3.000
YDR449C	IV	1357580	1358902	-	3	3.000
YDR450W	IV	1359923	1360798	+	141	141.000
YDR451C	IV	1361120	1362181	-	15	15.000
YDR452W	IV	1362878	1364902	+	31	31.000
YDR453C	IV	1365072	1365662	-	9	9.000
YDR454C	IV	1366264	1366827	-	42	42.000
YDR455C	IV	1367373	1367681	-	0	0.000
YDR456W	IV	1367485	1369386	+	77	77.000
YDR457W	IV	1369790	1379596	+	34	34.000
YDR458C	IV	1380055	1382046	-	13	13.000
YDR459C	IV	1382319	1383443	-	16	16.000
YDR460W	IV	1383811	1384776	+	11	11.000
YDR461W	IV	1385176	1385286	+	26	26.000
YDR461C-A	IV	1385524	1385766	-	13	13.000
YDR462W	IV	1386073	1386516	+	26	26.000
YDR463W	IV	1386816	1388375	+	22	22.000
YDR464W	IV	1388872	1393179	+	7	7.000
YDR464C-A	IV	1392492	1392680	-	0	0.000
YDR465C	IV	1393336	1394574	-	6	6.000
YDR466W	IV	1395121	1397817	+	19	19.000
YDR467C	IV	1397583	1397909	-	0	0.000
YDR468C	IV	1398026	1398700	-	9	11.000
YDR469W	IV	1399015	1399542	+	14	14.000
YDR470C	IV	1399706	1401214	-	26	26.000
YDR471W	IV	1401770	1402564	+	105	105.000
snR13	IV	1402919	1403042	+	2	2.000
YDR472W	IV	1403322	1404173	+	12	12.000
YDR473C	IV	1404445	1405854	-	8	8.000
YDR475C	IV	1407464	1410094	-	12	12.000
YDR476C	IV	1410453	1411127	-	58	58.000
YDR477W	IV	1412373	1414274	+	34	34.000
YDR478W	IV	1414575	1415171	+	5	5.000
YDR479C	IV	1415210	1416874	-	34	34.000
YDR480W	IV	1417399	1418370	+	7	7.000
YDR481C	IV	1418550	1420250	-	52	52.000
YDR482C	IV	1420431	1420838	-	5	5.000
YDR483W	IV	1421157	1422485	+	89	89.000
YDR484W	IV	1422763	1424688	+	5	5.000
YDR485C	IV	1424820	1427207	-	13	13.000
YDR486C	IV	1427431	1428120	-	21	21.000
YDR487C	IV	1428354	1428980	-	51	51.000
YDR488C	IV	1429188	1430789	-	1	1.000
YDR489W	IV	1431012	1431896	+	6	6.000
YDR490C	IV	1431968	1434268	-	15	15.000
YDR491C	IV	1434500	1434991	-	0	0.000
YDR492W	IV	1434924	1435874	+	99	99.000
YDR493W	IV	1436217	1436588	+	7	7.000
YDR494W	IV	1436930	1438015	+	21	21.000
YDR495C	IV	1438115	1441150	-	5	5.000
YDR496C	IV	1441433	1443403	-	4	4.000
YDR497C	IV	1443713	1445467	-	261	261.000
YDR498C	IV	1445843	1446994	-	22	22.000
YDR499W	IV	1447830	1450073	+	5	5.000
YDR500C	IV	1450198	1450853	-	162	162.000
YDR501W	IV	1451353	1452918	+	7	7.000
YDR502C	IV	1453310	1454464	-	233	233.312
YDR503C	IV	1455042	1455866	-	8	8.000
YDR504C	IV	1456311	1456694	-	19	19.559
YDR505C	IV	1456695	1459220	-	49	50.441
YDR506C	IV	1459728	1461554	-	6	6.000
tL(CAA)D	IV	1461715	1461829	-	0	0.000
YDR507C	IV	1462358	1465786	-	27	27.000
YDR508C	IV	1466453	1468444	-	8	8.000
YDR509W	IV	1468226	1468573	+	0	0.000
YDR510W	IV	1469400	1469705	+	35	35.000
YDR510C-A	IV	1469695	1469811	-	2	2.000
YDR511W	IV	1470017	1470418	+	14	14.000
YDR512C	IV	1470500	1471063	-	24	24.000
YDR513W	IV	1471017	1471448	+	154	154.000
YDR514C	IV	1471548	1472999	-	5	5.000
YDR515W	IV	1473429	1474772	+	1	1.000
YDR516C	IV	1474974	1476476	-	99	99.000
YDR517W	IV	1477239	1478357	+	51	51.069
YDR518W	IV	1478608	1480161	+	16	16.000
YDR519W	IV	1480425	1480832	+	30	30.000
YDR520C	IV	1481085	1483403	-	11	11.000
YDR521W	IV	1483141	1483476	+	0	0.000
YDR522C	IV	1483795	1485303	-	8	8.000
YDR523C	IV	1485566	1487038	-	0	0.000
YDR524C	IV	1487542	1488990	-	25	25.000
YDR524W-C	IV	1489403	1489492	+	209	209.000
YDR524C-B	IV	1489598	1489798	-	892	892.656
YDR524C-A	IV	1489871	1489990	-	0	0.000
YDR525W	IV	1489905	1490234	+	1	1.000
YDR525W-A	IV	1490596	1490835	+	168	168.000
YDR526C	IV	1491075	1491545	-	0	0.000
YDR527W	IV	1491094	1492413	+	6	6.000
snR84	IV	1492477	1493026	-	3	3.000
YDR528W	IV	1494586	1495857	+	6	6.000
YDR529C	IV	1496165	1496548	-	221	221.672
YDR530C	IV	1496791	1497768	-	21	21.000
YDR531W	IV	1498232	1499335	+	37	37.000
YDR532C	IV	1499396	1500553	-	2	2.000
YDR533C	IV	1501447	1502160	-	29	29.000
YDR534C	IV	1503314	1504900	-	9	9.000
YDR535C	IV	1506606	1507362	-	2	2.000
YDR536W	IV	1508005	1509714	+	14	14.000
YDR537C	IV	1510856	1511461	-	0	0.000
YDR538W	IV	1510902	1511630	+	26	26.000
YDR539W	IV	1512094	1513605	+	11	11.000
YDR540C	IV	1517136	1517675	-	1	1.000
YDR541C	IV	1519664	1520698	-	10	10.000
YDR542W	IV	1523249	1523611	+	0	0.000
YDR543C	IV	1524634	1524933	-	0	0.000
YDR544C	IV	1525095	1525523	-	0	0.000
YDR545W	IV	1526321	1531711	+	14	120.422
YDR545C-A	IV	1530863	1531342	-	26	30.888
YIL177C	IX	483	6147	-	6	65.002
YIL177W-A	IX	846	1328	+	0	0.000
YIL176C	IX	8793	9155	-	0	0.000
YIL175W	IX	9183	9500	+	0	0.000
YIL174W	IX	9469	9696	+	0	0.000
YIL173W	IX	11492	16141	+	0	0.000
YIL172C	IX	16784	18553	-	0	8.923
YIL171W-A	IX	18260	18712	+	0	0.000
YIL171W	IX	19515	19844	+	0	0.000
YIL170W	IX	19847	21220	+	2	2.352
YIL169C	IX	23119	26106	-	17	17.000
YIL166C	IX	30938	32566	-	8	8.000
YIL165C	IX	33718	34077	-	4	4.000
YIL164C	IX	34087	34686	-	9	9.000
YIL163C	IX	36899	37252	-	1	1.000
YIL162W	IX	37385	38983	+	802	802.000
YIL161W	IX	39433	40140	+	6	6.000
YIL160C	IX	40191	41444	-	116	116.841
YIL159W	IX	41825	45952	+	5	5.000
YIL158W	IX	46201	46815	+	14	14.000
YIL157C	IX	46949	47542	-	52	52.000
YIL156W-A	IX	47292	47693	+	0	0.000
YIL156W-B	IX	47690	47973	+	44	44.000
YIL156W	IX	48091	51306	+	12	12.000
YIL155C	IX	51759	53708	-	421	421.000
YIL154C	IX	53981	55021	-	23	23.000
YIL153W	IX	55198	56379	+	33	33.000
YIL152W	IX	56545	57252	+	8	8.000
YIL151C	IX	57338	60694	-	16	16.000
YIL150C	IX	61013	62728	-	3	3.000
YIL149C	IX	63028	68067	-	12	12.000
YIL148W	IX	68708	69528	+	190	190.046
YIL147C	IX	69791	73453	-	8	8.000
YIL146C	IX	74184	75773	-	40	40.000
YIL145C	IX	76354	77283	-	17	17.000
YIL144W	IX	78074	80149	+	10	10.000
YIL143C	IX	80510	83041	-	30	30.000
YIL142C-A	IX	83208	83540	-	2	2.000
YIL142W	IX	83302	84885	+	50	50.000
YIL141W	IX	85053	85442	+	0	0.000
YIL140W	IX	85366	87837	+	62	62.000
YIL139C	IX	87979	88716	-	5	5.000
YIL138C	IX	89230	89715	-	27	27.000
YIL137C	IX	89948	92788	-	32	32.000
YIL136W	IX	93619	94800	+	272	272.000
YIL135C	IX	95065	96375	-	28	28.000
YIL134C-A	IX	96522	96725	-	0	0.000
snR68	IX	97111	97246	+	41	41.000
YIL134W	IX	97395	98330	+	5	5.000
YIL133C	IX	98527	99416	-	149	149.000
YIL132C	IX	99860	100501	-	5	5.000
YIL131C	IX	100781	102235	-	21	21.000
YIL130W	IX	102782	105676	+	7	7.000
YIL129C	IX	106107	113237	-	23	23.000
YIL128W	IX	113806	116904	+	10	10.000
YIL127C	IX	117024	117644	-	1	1.000
YIL126W	IX	117992	122071	+	26	26.000
YIL125W	IX	122689	125733	+	205	205.000
YIL124W	IX	126204	127097	+	175	175.000
YIL123W	IX	128151	129581	+	134	134.848
YIL122W	IX	130610	131665	+	12	12.076
YIL121W	IX	132244	133872	+	12	12.076
YIL120W	IX	134417	136108	+	35	35.000
YIL119C	IX	136654	137877	-	28	28.000
YIL118W	IX	139752	140447	+	13	13.000
YIL117C	IX	140613	141569	-	31	31.000
YIL116W	IX	142928	144085	+	51	51.000
YIL115W-A	IX	144268	144639	+	1	1.000
YIL115C	IX	144327	148709	-	35	35.000
YIL114C	IX	149143	149988	-	5	5.000
YIL113W	IX	150559	151188	+	5	5.000
YIL112W	IX	151595	154846	+	8	8.000
YIL111W	IX	155311	155765	+	7	7.000
YIL110W	IX	156045	157178	+	6	6.000
YIL109C	IX	157385	160165	-	77	77.000
YIL108W	IX	160887	162977	+	46	46.000
YIL107C	IX	163278	165761	-	60	60.000
YIL106W	IX	166415	167444	+	25	25.000
YIL105C	IX	167581	169641	-	26	26.000
YIL105W-A	IX	167664	167804	+	0	0.000
YIL104C	IX	169982	171505	-	3	3.000
YIL103W	IX	171751	173028	+	18	18.000
YIL102C-A	IX	173365	173592	-	4	4.000
YIL102C	IX	174582	174887	-	3	3.000
tT(AGU)I1	IX	175031	175103	+	0	0.000
YIL101C	IX	175307	177250	-	85	85.000
YIL100C-A	IX	177343	177681	-	0	0.000
YIL100W	IX	177373	177726	+	0	0.000
YIL099W	IX	178004	179653	+	8	8.000
YIL098C	IX	179772	180239	-	8	8.000
YIL097W	IX	180427	181977	+	10	10.000
YIL096C	IX	182117	183127	-	5	5.000
tI(AAU)I1	IX	183440	183513	-	0	0.000
YIL095W	IX	183937	186369	+	3	3.000
YIL094C	IX	186517	187632	-	49	49.000
YIL093C	IX	187990	188784	-	10	10.000
YIL092W	IX	189066	190967	+	7	7.000
YIL091C	IX	191030	193195	-	8	8.000
YIL090W	IX	193595	195070	+	37	37.000
YIL089W	IX	195599	196216	+	15	15.000
tE(CUC)I	IX	197592	197663	+	0	0.000
YIL088C	IX	197931	199403	-	61	61.000
YIL087C	IX	199646	200119	-	134	134.950
YIL086C	IX	200153	200461	-	7	7.050
YIL085C	IX	200490	202043	-	22	22.000
YIL084C	IX	202276	203259	-	3	3.000
YIL083C	IX	203556	204653	-	18	18.000
YIL082W	IX	205635	206507	+	0	0.000
YIL082W-A	IX	205635	210132	+	0	0.000
tI(AAU)I2	IX	210665	210738	+	0	0.000
YIL079C	IX	210923	212005	-	9	9.000
YIL078W	IX	212499	214703	+	74	74.000
YIL077C	IX	214991	215953	-	25	25.000
YIL076W	IX	216658	217548	+	35	35.000
YIL075C	IX	217863	220700	-	125	125.000
YIL074C	IX	221081	222490	-	54	54.000
YIL073C	IX	222937	225954	-	12	12.000
YIL072W	IX	226602	228419	+	7	7.000
YIL071W-A	IX	228550	229026	+	6	6.000
YIL071C	IX	228660	229994	-	8	8.000
YIL070C	IX	230272	231072	-	28	28.000
YIL069C	IX	231553	232369	-	151	151.000
YIL068W-A	IX	233013	233396	+	0	0.000
YIL068C	IX	233057	235474	-	11	11.000
YIL067C	IX	235724	237760	-	13	13.000
YIL066W-A	IX	237366	237809	+	0	0.000
YIL066C	IX	238099	240708	-	1	1.000
YIL065C	IX	241308	241775	-	16	16.000
YIL064W	IX	241943	242716	+	4	4.000
YIL063C	IX	242761	243744	-	13	13.000
YIL062C	IX	243998	244462	-	46	46.000
YIL061C	IX	244657	245559	-	6	6.000
YIL060W	IX	246392	246826	+	0	0.000
YIL059C	IX	246550	246915	-	2	2.000
YIL058W	IX	246914	247198	+	0	0.000
YIL057C	IX	247902	248396	-	841	844.471
tS(UGA)I	IX	248850	248931	+	2	2.000
YIL056W	IX	249991	251913	+	17	17.000
YIL055C	IX	252042	253925	-	8	8.000
YIL054W	IX	254543	254860	+	0	0.000
YIL053W	IX	255115	255867	+	13	13.000
YIL052C	IX	256226	257063	-	86	86.000
YIL051C	IX	257843	258280	-	64	64.528
YIL050W	IX	258913	259770	+	47	47.000
YIL049W	IX	260158	260919	+	8	8.000
YIL048W	IX	261437	264892	+	30	30.000
YIL047C-A	IX	265099	265467	-	0	0.000
YIL047C	IX	265115	267823	-	58	84.000
YIL046W-A	IX	268309	268473	+	1	1.000
YIL046W	IX	268651	270573	+	34	34.000
YIL045W	IX	271161	272777	+	11	11.000
YIL044C	IX	272950	273846	-	14	14.000
YIL043C	IX	274072	274926	-	79	79.009
YIL042C	IX	275108	276292	-	41	41.000
YIL041W	IX	276525	277505	+	112	112.000
YIL040W	IX	277723	278139	+	21	21.000
YIL039W	IX	278426	279847	+	42	42.000
YIL038C	IX	280142	282652	-	11	11.000
YIL037C	IX	283029	284999	-	12	12.000
YIL036W	IX	285666	287429	+	20	20.000
YIL035C	IX	287790	288908	-	17	17.000
YIL034C	IX	289226	290089	-	40	40.580
YIL033C	IX	290419	291669	-	175	175.000
YIL032C	IX	291961	292317	-	0	0.000
YIL031W	IX	292633	295737	+	3	7.000
YIL030W-A	IX	295565	295903	+	0	0.000
YIL030C	IX	296050	300009	-	79	79.000
YIL029W-A	IX	299735	300106	+	0	0.000
tK(CUU)I	IX	300228	300300	-	0	0.000
YIL029C	IX	300829	301257	-	3	3.000
YIL028W	IX	302100	302498	+	0	0.000
YIL027C	IX	303679	304104	-	9	9.000
YIL026C	IX	304477	307929	-	24	24.000
YIL025C	IX	308201	308575	-	0	0.000
YIL024C	IX	308602	309171	-	18	18.000
YIL023C	IX	309386	310426	-	53	53.000
YIL022W	IX	311165	312460	+	45	45.000
YIL021W	IX	312905	313861	+	18	19.000
YIL021C-A	IX	313199	313468	-	0	0.000
YIL020C-A	IX	313713	314051	-	0	0.000
YIL020C	IX	314035	314820	-	8	9.000
YIL019W	IX	315093	316133	+	3	3.000
YIL018W	IX	316768	317932	+	488	488.000
YIL017C	IX	318200	320965	-	23	23.000
YIL016W	IX	321454	321933	+	11	11.000
YIL015W	IX	322342	324105	+	2	2.000
tD(GUC)I1	IX	324303	324374	-	1	1.000
YIL014C-A	IX	325212	325526	-	36	36.000
tT(AGU)I2	IX	325748	325820	+	0	0.000
YIL014W	IX	326103	327995	+	14	14.000
YIL013C	IX	328207	332442	-	66	66.000
YIL012W	IX	333011	333352	+	7	7.000
YIL011W	IX	333727	334536	+	28	28.000
YIL010W	IX	334882	335529	+	12	12.000
YIL009C-A	IX	335666	336212	-	8	8.000
tD(GUC)I2	IX	336349	336420	-	0	0.000
YIL009W	IX	339344	341428	+	23	23.000
YIL008W	IX	342536	342835	+	11	11.000
YIL007C	IX	342994	343656	-	29	29.000
YIL006W	IX	344062	345183	+	10	10.000
YIL005W	IX	345692	347797	+	27	27.000
YIL004C	IX	347946	348505	-	21	21.000
YIL003W	IX	349122	350003	+	9	9.000
YIL002W-A	IX	350301	350510	+	21	21.000
YIL002C	IX	350591	353431	-	9	9.000
YIL001W	IX	353940	355481	+	11	11.000
YIR001C	IX	356143	356895	-	18	18.000
YIR002C	IX	357415	360396	-	23	23.000
YIR003W	IX	360885	362924	+	19	19.000
YIR004W	IX	363221	364519	+	19	19.000
YIR005W	IX	364889	365335	+	3	3.000
YIR006C	IX	365466	369908	-	46	46.000
tE(UUC)I	IX	370417	370488	+	0	0.000
YIR007W	IX	370704	372998	+	5	5.000
YIR008C	IX	373077	374306	-	12	12.000
YIR009W	IX	374525	374860	+	5	5.000
YIR010W	IX	375431	377161	+	13	13.000
YIR011C	IX	377287	378246	-	17	17.000
YIR012W	IX	378486	379781	+	19	19.000
YIR013C	IX	380019	380384	-	1	1.000
YIR014W	IX	381086	381814	+	3	3.000
YIR015W	IX	381948	382382	+	8	8.000
YIR016W	IX	382628	383425	+	138	138.807
YIR017C	IX	383556	384119	-	33	33.000
YIR017W-A	IX	383566	384165	+	2	2.000
YIR018W	IX	384609	385346	+	6	6.000
YIR018C-A	IX	385564	385701	-	4	4.000
YIR019C	IX	389572	393675	-	16	16.000
ICR1	IX	393884	397082	-	11	12.000
YIR020C	IX	394255	394557	-	0	0.000
YIR020W-A	IX	394917	395159	+	0	0.000
PWR1	IX	395999	396939	+	0	0.000
YIR020C-B	IX	397215	397949	-	0	0.000
YIR021W	IX	397294	398385	+	9	9.000
YIR021W-A	IX	398514	398726	+	0	0.000
YIR022W	IX	398733	399236	+	54	54.000
YIR023W	IX	399777	402689	+	10	10.000
YIR023C-A	IX	402383	402706	-	0	0.000
YIR024C	IX	402841	403491	-	10	10.000
YIR025W	IX	403659	404765	+	11	11.000
YIR026C	IX	404873	405967	-	3	3.000
YIR027C	IX	406260	407642	-	2	2.000
YIR028W	IX	408468	410375	+	11	11.000
YIR029W	IX	410807	411838	+	10	10.000
YIR030C	IX	412036	412770	-	2	2.000
YIR030W-A	IX	412899	413282	+	5	5.000
YIR031C	IX	413015	414679	-	8	8.000
YIR032C	IX	415030	415617	-	8	8.000
YIR033W	IX	416124	419465	+	26	26.000
YIR034C	IX	419615	420736	-	51	51.000
YIR035C	IX	421026	421790	-	23	23.000
YIR036C	IX	422074	422865	-	57	57.000
YIR036W-A	IX	422635	423036	+	1	1.000
YIR037W	IX	423128	423619	+	140	140.795
YIR038C	IX	423809	424513	-	174	174.000
YIR039C	IX	430498	432111	-	8	8.000
YIR040C	IX	433389	433721	-	1	1.000
YIR041W	IX	433929	434303	+	0	0.000
YIR042C	IX	435273	435983	-	12	12.000
tP(UGG)Q	Mito	731	802	+	0	0.000
Q0010	Mito	3952	4338	+	0	0.000
Q0017	Mito	4254	4415	+	0	0.000
Q0020	Mito	6546	8194	+	0	0.000
tW(UCA)Q	Mito	9374	9447	+	0	0.000
Q0032	Mito	11667	11957	+	0	0.000
Q0050	Mito	13818	16322	+	0	0.000
Q0055	Mito	13818	18830	+	0	0.000
Q0060	Mito	13818	19996	+	0	0.000
Q0065	Mito	13818	21935	+	0	0.000
Q0070	Mito	13818	23167	+	0	0.000
Q0045	Mito	13818	26701	+	0	0.000
Q0075	Mito	24156	25255	+	0	0.000
Q0080	Mito	27666	27812	+	0	0.000
Q0085	Mito	28487	29266	+	0	0.000
Q0092	Mito	30874	31014	+	0	0.000
tE(UUC)Q	Mito	35373	35444	+	0	0.000
Q0110	Mito	36540	38579	+	0	0.250
Q0115	Mito	36540	40265	+	0	0.250
Q0120	Mito	36540	42251	+	0	0.250
Q0105	Mito	36540	43647	+	0	0.250
Q0130	Mito	46723	46953	+	1	1.000
tS(UGA)Q2	Mito	48201	48290	+	0	0.000
Q0140	Mito	48901	50097	+	0	0.000
Q0142	Mito	51052	51228	+	0	0.000
Q0143	Mito	51277	51429	+	0	0.000
Q0144	Mito	54109	54438	+	0	0.000
Q0158	Mito	58009	62447	+	1	1.000
Q0160	Mito	61022	61729	+	0	0.000
tT(UGU)Q1	Mito	63862	63937	+	0	0.000
tC(GCA)Q	Mito	64415	64490	+	0	0.000
tH(GUG)Q	Mito	64596	64670	+	0	0.000
Q0182	Mito	65770	66174	+	0	0.000
tL(UAA)Q	Mito	66095	66179	+	0	0.000
tQ(UUG)Q	Mito	66210	66285	+	0	0.000
tK(UUU)Q	Mito	67061	67134	+	0	0.000
tR(UCU)Q1	Mito	67309	67381	+	0	0.000
tG(UCC)Q	Mito	67468	67542	+	0	0.000
tD(GUC)Q	Mito	68322	68396	+	0	0.000
tS(GCU)Q1	Mito	69203	69288	+	0	0.000
tR(ACG)Q2	Mito	69289	69362	+	0	0.000
tA(UGC)Q	Mito	69846	69921	+	0	0.000
tI(GAU)Q	Mito	70162	70237	+	0	0.000
tY(GUA)Q	Mito	70824	70907	+	0	0.000
tN(GUU)Q	Mito	71433	71503	+	0	0.000
tM(CAU)Q1	Mito	72630	72705	+	0	0.000
Q0250	Mito	73758	74513	+	0	0.000
Q0255	Mito	74495	75984	+	0	0.000
tF(GAA)Q	Mito	77431	77505	+	0	0.000
tT(UAG)Q2	Mito	78089	78162	-	0	0.000
tV(UAC)Q	Mito	78533	78608	+	0	0.000
Q0275	Mito	79213	80022	+	0	0.000
tM(CAU)Q2	Mito	85035	85112	+	0	0.000
Q0285	Mito	85295	85777	+	0	0.000
Q0297	Mito	85554	85709	+	0	0.000
YEL077C	V	264	4097	-	8	20.192
YEL077W-A	V	630	1112	+	0	0.000
YEL076C-A	V	4185	5114	-	0	1.014
YEL076C	V	4464	5114	-	0	0.037
YEL075W-A	V	4870	5481	+	0	0.000
YEL075C	V	5345	5713	-	1	2.017
YEL074W	V	6126	6464	+	0	0.000
YEL073C	V	7230	7553	-	7	7.000
YEL072W	V	13720	14415	+	10	10.000
YEL071W	V	16355	17845	+	218	218.000
YEL070W	V	19589	21097	+	16	16.000
YEL069C	V	21537	23231	-	3	3.062
YEL068C	V	25646	25978	-	15	15.000
YEL067C	V	26189	26776	-	6	6.000
YEL066W	V	26667	27206	+	25	25.000
YEL065W	V	27657	29543	+	16	16.000
YEL064C	V	29797	31239	-	15	15.000
YEL063C	V	31694	33466	-	65	65.000
YEL062W	V	34407	36254	+	6	6.000
YEL061C	V	36535	39537	-	9	9.000
YEL060C	V	40046	41953	-	566	566.000
YEL059C-A	V	42400	42624	-	10	10.000
YEL059W	V	42652	42960	+	4	4.000
YEL058W	V	43252	44925	+	93	93.000
YEL057C	V	45020	45721	-	5	5.000
YEL056W	V	47168	48373	+	16	16.000
YEL055C	V	48471	51539	-	29	29.000
snR80	V	52150	52320	-	1	1.000
YEL054C	V	52721	53218	-	153	154.974
YEL053W-A	V	52908	53255	+	2	2.026
YEL053C	V	53901	56102	-	15	15.000
YEL052W	V	56571	58100	+	36	36.000
YEL051W	V	58378	59148	+	25	25.000
YEL050W-A	V	59549	59740	+	1	1.009
YEL050C	V	59670	60851	-	31	31.000
snR67	V	61352	61433	+	1	1.000
snR53	V	61699	61789	+	0	0.000
tG(GCC)E	V	61890	61960	-	0	0.000
YEL049W	V	63728	64090	+	10	10.000
YEL048C	V	64709	65167	-	2	2.000
YEL047C	V	65385	66797	-	22	22.000
YEL046C	V	67629	68792	-	54	54.000
YEL045C	V	68840	69265	-	0	0.000
YEL044W	V	69757	70257	+	39	39.000
YEL043W	V	70478	73348	+	20	20.000
YEL042W	V	73771	75327	+	91	91.000
YEL041W	V	75944	77431	+	61	61.000
YEL040W	V	78053	79456	+	30	30.000
YEL039C	V	79636	79977	-	11	11.000
YEL038W	V	80462	81145	+	27	27.000
YEL037C	V	81407	82603	-	63	63.000
YEL036C	V	83050	84552	-	36	36.000
YEL035C	V	85045	85545	-	5	5.000
YEL034C-A	V	85613	86215	-	55	57.644
YEL034W	V	85676	86149	+	2317	2606.340
YEL033W	V	86179	86598	+	216	251.487
tS(AGA)E	V	86604	86685	+	0	0.000
YEL032W	V	86937	89852	+	28	28.000
YEL032C-A	V	87040	87201	-	0	0.000
YEL031W	V	90258	93905	+	89	89.000
YEL030C-A	V	94583	94897	-	0	0.000
YEL030W	V	94644	96578	+	7	7.000
YEL029C	V	96858	97796	-	5	5.000
YEL028W	V	98668	99129	+	8	8.000
tM(CAU)E	V	100133	100204	+	1	1.000
YEL027W	V	100769	101251	+	249	249.000
YEL026W	V	101943	102323	+	53	53.000
YEL025C	V	102581	106147	-	12	12.000
YEL024W	V	107260	107907	+	396	396.171
YEL023C	V	108504	110552	-	5	5.000
YEL022W	V	111421	115800	+	7	7.000
YEL021W	V	116167	116970	+	23	23.000
YEL020C-B	V	117183	117380	-	0	0.000
YEL020W-A	V	117211	117474	+	29	29.000
RPR1	V	117667	118035	-	1	1.000
YEL020C	V	118617	120299	-	33	33.000
YEL019C	V	120498	121301	-	1	1.000
YEL018C-A	V	121455	121988	-	0	0.000
YEL018W	V	121471	122310	+	7	7.000
YEL017C-A	V	122798	122929	-	69	69.000
YEL017W	V	123657	124670	+	26	26.000
YEL016C	V	124737	126218	-	11	11.000
YEL015W	V	126629	128284	+	25	25.000
YEL014C	V	128303	128608	-	1	1.000
YEL013W	V	128825	130561	+	38	38.000
tQ(UUG)E2	V	131082	131153	-	0	0.000
YEL012W	V	131772	132551	+	26	26.000
YEL011W	V	133120	135234	+	161	161.000
tK(CUU)E1	V	135425	135497	-	0	0.000
YEL010W	V	136279	136629	+	1	1.000
YEL009C-A	V	136371	136778	-	0	0.000
tR(UCU)E	V	138666	138737	+	0	0.000
YEL009C	V	138918	139763	-	1156	1156.477
YEL008W	V	140512	140892	+	3	3.000
YEL008C-A	V	140726	140818	-	0	0.000
YEL007W	V	141892	143892	+	68	68.000
YEL006W	V	144327	145334	+	31	31.000
YEL005C	V	145907	146755	-	12	12.000
YEL004W	V	146951	147979	+	4	4.000
YEL003W	V	148176	148599	+	9	9.000
YEL002C	V	148722	150014	-	84	84.000
YEL001C	V	150301	150978	-	41	41.000
YER001W	V	153520	155808	+	30	30.000
YER002W	V	156803	157498	+	16	16.000
YER003C	V	157736	159118	-	82	82.000
YER004W	V	159580	160275	+	448	448.000
YER005W	V	160550	162442	+	20	20.000
YER006W	V	162723	164285	+	21	21.000
YER006C-A	V	164344	164661	-	0	0.000
YER007W	V	164527	166083	+	7	7.000
YER007C-A	V	166237	166885	-	16	16.000
snR14	V	167427	167586	-	0	0.000
YER008C	V	167808	171818	-	11	11.000
YER009W	V	172115	172492	+	119	119.000
YER010C	V	172634	173338	-	47	47.000
YER011W	V	175248	176012	+	2	2.000
tE(UUC)E1	V	177099	177170	+	0	0.000
YER012W	V	177835	178431	+	84	84.000
YER013W	V	178841	182278	+	9	9.000
YER014W	V	182600	184219	+	9	9.000
YER014C-A	V	183731	184700	-	0	0.000
YER015W	V	184541	186775	+	211	211.000
YER016W	V	188277	189311	+	6	6.000
YER017C	V	189503	191788	-	49	49.000
YER018C	V	191959	192624	-	34	34.000
YER019W	V	192797	194230	+	11	11.000
YER019C-A	V	194273	194539	-	63	63.000
YER020W	V	195168	196517	+	32	32.000
YER021W	V	196948	198519	+	119	119.000
YER022W	V	198812	200875	+	7	7.000
YER023W	V	201076	201936	+	124	124.000
YER023C-A	V	201522	201734	-	0	0.000
YER024W	V	202192	204963	+	211	211.000
YER025W	V	205251	206834	+	53	53.000
tH(GUG)E1	V	207357	207428	+	0	0.000
YER026C	V	207644	208474	-	100	100.000
YER027C	V	208979	210232	-	21	21.000
YER028C	V	210692	211876	-	1	1.000
YER029C	V	212587	213177	-	11	11.000
YER030W	V	213437	213898	+	31	31.000
YER031C	V	214076	214747	-	37	37.000
YER032W	V	215063	217693	+	7	7.000
YER033C	V	218057	221287	-	15	15.000
YER034W	V	221846	222403	+	16	16.000
YER035W	V	222639	223076	+	25	25.000
YER036C	V	223367	225199	-	36	36.000
YER037W	V	225889	226854	+	9	9.000
YER038C	V	226858	228252	-	6	6.000
YER038W-A	V	228451	228831	+	1	1.000
YER039C	V	228456	229205	-	50	53.968
YER039C-A	V	229263	229481	-	13	14.032
YER040W	V	229795	231987	+	6	6.000
YER041W	V	232461	234740	+	9	9.000
YER042W	V	234937	235491	+	67	67.000
YER043C	V	235770	237119	-	220	220.000
YER044C	V	237570	238016	-	178	178.000
YER044C-A	V	238460	239774	-	2	2.000
YER045C	V	240032	241501	-	18	18.000
YER046W	V	243180	243611	+	10	10.000
YER046W-A	V	243700	244029	+	0	0.000
YER047C	V	243810	246503	-	25	25.000
YER048C	V	246982	248157	-	27	27.000
tQ(UUG)E1	V	250286	250357	+	0	0.000
YER048W-A	V	250718	251002	+	28	28.000
YER049W	V	251728	253662	+	13	13.000
YER050C	V	253971	254387	-	16	16.000
YER051W	V	254656	256134	+	11	11.000
YER052C	V	256375	257958	-	121	121.000
YER053C	V	258737	259639	-	40	40.000
YER053C-A	V	260933	261046	-	863	864.360
YER054C	V	262052	263698	-	48	48.000
YER055C	V	264892	265785	-	97	97.000
YER056C	V	266512	268113	-	59	59.000
YER056C-A	V	269423	270185	-	59	59.000
YER057C	V	270737	271126	-	89	89.000
YER058W	V	271768	272091	+	10	10.000
YER059W	V	272624	273886	+	15	15.000
YER060W	V	274567	276153	+	14	14.000
YER060W-A	V	276572	278164	+	3	3.000
YER061C	V	278298	279626	-	10	10.000
YER062C	V	279930	280682	-	14	14.000
YER063W	V	281710	282366	+	31	31.000
YER064C	V	282705	284222	-	5	5.000
YER065C	V	285241	286914	-	34	34.000
tS(UGA)E	V	288443	288524	-	0	0.000
YER066W	V	290242	290799	+	16	16.000
YER066C-A	V	291703	292203	-	4	4.000
YER067W	V	292066	292551	+	72	72.000
YER067C-A	V	292240	292563	-	0	0.000
YER068W	V	293050	294813	+	19	19.000
YER068C-A	V	295301	295732	-	0	0.000
YER069W	V	295410	298001	+	160	160.000
YER070W	V	298950	301616	+	70	70.000
YER071C	V	301947	302327	-	13	13.000
YER072W	V	302806	303195	+	31	31.000
YER073W	V	304030	305592	+	32	32.000
YER074W	V	306323	307196	+	160	160.000
YER074W-A	V	307653	308123	+	33	33.000
YER075C	V	308413	311199	-	17	17.000
tA(UGC)E	V	312023	312095	-	0	0.000
YER076C	V	312590	313498	-	9	9.134
YER076W-A	V	313390	313737	+	0	0.000
YER077C	V	314534	316600	-	6	6.000
YER078C	V	316807	318342	-	14	14.000
YER078W-A	V	318646	318810	+	0	0.000
YER079W	V	318920	319552	+	25	25.000
YER079C-A	V	319902	320240	-	0	0.000
YER080W	V	319963	321846	+	31	31.000
SRG1	V	322212	322762	+	3	3.064
YER081W	V	322686	324095	+	44	44.936
YER082C	V	324272	325936	-	6	6.000
YER083C	V	326174	327031	-	37	37.000
YER084W	V	327065	327451	+	13	13.000
YER084W-A	V	327598	328110	+	0	0.000
YER085C	V	327619	328140	-	1	1.000
YER086W	V	328477	330207	+	97	97.000
YER087W	V	330576	332306	+	10	10.000
YER087C-A	V	331817	332368	-	2	2.000
YER087C-B	V	332582	332830	-	65	65.000
YER088C	V	333176	335188	-	33	33.030
YER088C-A	V	335696	336019	-	7	8.465
YER088W-B	V	335927	336073	+	0	0.000
YER089C	V	335946	337340	-	36	43.535
YER090W	V	337949	339472	+	39	39.000
YER090C-A	V	338322	338411	-	0	0.000
YER091C	V	339864	342167	-	336	336.000
YER091C-A	V	342390	342611	-	0	0.000
YER092W	V	342855	343232	+	15	15.000
YER093C	V	343320	347612	-	11	11.000
YER093C-A	V	347912	348400	-	17	17.000
YER094C	V	348729	349346	-	108	108.328
YER095W	V	349980	351182	+	128	128.000
YER096W	V	351698	353236	+	8	8.000
tE(UUC)E2	V	354934	355005	+	1	1.000
YER097W	V	355140	355469	+	0	0.000
YER098W	V	355466	357730	+	12	12.000
YER099C	V	358105	359061	-	36	36.000
YER100W	V	359562	360314	+	24	24.000
YER101C	V	360502	361794	-	21	21.000
YER102W	V	363100	363702	+	111	111.248
YER103W	V	364589	366517	+	102	102.000
YER104W	V	366802	367428	+	8	8.000
YER105C	V	367838	372013	-	30	30.000
YER106W	V	372326	373234	+	3	3.000
YER107C	V	373448	374545	-	16	16.000
YER107W-A	V	374394	374714	+	0	0.000
YER110C	V	378762	382103	-	65	65.000
YER111C	V	382595	385876	-	20	20.000
YER112W	V	387232	387795	+	19	19.000
YER113C	V	387932	390052	-	13	13.000
YER114C	V	390590	393712	-	23	23.000
YER115C	V	394292	394867	-	12	12.000
YER116C	V	395348	396172	-	11	11.000
YER117W	V	396769	397653	+	205	205.000
YER118C	V	397952	399055	-	20	20.000
YER119C	V	399496	400842	-	38	38.000
YER119C-A	V	400867	401238	-	2	2.000
YER120W	V	401135	401869	+	100	100.028
YER121W	V	402375	402719	+	31	31.000
YER122C	V	402871	404352	-	42	42.000
YER123W	V	404813	406387	+	12	12.000
YER124C	V	407342	409063	-	55	55.000
YER125W	V	410189	412618	+	123	123.000
YER126C	V	413394	414179	-	12	12.000
YER127W	V	414481	415554	+	10	10.000
YER128W	V	415859	416470	+	4	4.000
YER129W	V	417281	420709	+	18	18.000
YER130C	V	421115	422446	-	7	7.000
YER131W	V	423952	424311	+	53	53.000
snR4	V	424698	424883	+	6	6.000
YER132C	V	425188	430449	-	5	5.000
snR52	V	431129	431220	-	1	1.000
YER133W	V	432495	433958	+	55	55.000
tH(GUG)E2	V	434541	434612	-	0	0.000
tK(CUU)E2	V	435752	435824	-	0	0.000
YER133W-A	V	437191	437532	+	3	3.000
YER134C	V	437267	437803	-	6	6.000
YER135C	V	437952	438344	-	1	1.000
tV(AAC)E1	V	438700	438773	+	0	0.000
YER136W	V	439616	440971	+	104	104.000
YER137C	V	441373	441819	-	2	2.000
YER137W-A	V	441575	441880	+	0	0.000
SCR1	V	441987	442508	+	1	1.000
tI(AAU)E1	V	443202	443275	-	0	0.000
YER138C	V	443756	449024	-	27	96.212
YER137C-A	V	447702	449024	-	0	0.000
YER138W-A	V	449474	449578	+	1	1.000
YER139C	V	450563	451243	-	9	9.000
YER140W	V	451565	453235	+	9	9.000
YER141W	V	453459	454919	+	154	154.000
YER142C	V	455146	456036	-	17	17.000
YER143W	V	456319	457605	+	38	38.000
YER144C	V	457806	460223	-	22	22.000
YER145C	V	460526	461740	-	122	122.000
YER145C-A	V	462386	462823	-	1	1.000
YER146W	V	462585	462866	+	18	18.000
YER147C	V	462968	464842	-	15	15.000
YER147C-A	V	465203	465613	-	2	2.000
YER148W	V	465303	466025	+	30	30.000
YER148W-A	V	466185	466763	+	0	0.000
YER149C	V	466208	467470	-	6	6.000
YER150W	V	468370	468816	+	81	81.000
tV(AAC)E2	V	469457	469530	+	0	0.000
YER151C	V	469686	472424	-	17	17.000
YER152C	V	472657	473988	-	27	27.000
YER152W-A	V	473485	474051	+	0	0.000
YER153C	V	474041	474805	-	4	4.000
YER154W	V	475020	476228	+	27	27.000
YER155C	V	476345	482848	-	35	35.000
YER156C	V	483325	484341	-	25	25.000
YER157W	V	484788	487193	+	12	12.000
tE(UUC)E3	V	487331	487402	-	0	0.000
YER158C	V	488857	490578	-	38	38.000
YER158W-A	V	491487	491702	+	2	2.000
YER159C	V	491530	491958	-	67	67.000
tR(ACG)E	V	492352	492424	-	0	0.000
YER160C	V	492856	498124	-	7	31.448
YER159C-A	V	496802	498124	-	0	0.000
YER161C	V	499347	500348	-	13	13.000
YER162C	V	500630	502894	-	4	4.000
YER163C	V	503084	503782	-	16	16.000
YER164W	V	505392	509798	+	11	11.000
YER165W	V	510373	512106	+	190	190.000
YER165C-A	V	512627	512983	-	0	0.000
YER166W	V	512744	517459	+	43	43.000
YER167W	V	518216	520771	+	15	15.000
YER168C	V	521029	522669	-	14	14.000
YER169W	V	523369	525759	+	14	14.000
YER170W	V	525974	526651	+	14	14.000
YER171W	V	527082	529418	+	20	20.000
YER172C	V	529530	536021	-	17	17.000
YER172C-A	V	536275	536655	-	0	0.000
YER173W	V	536300	538279	+	18	18.000
YER174C	V	538434	539168	-	36	36.000
YER175C	V	539464	540363	-	19	19.000
YER175W-A	V	540650	540814	+	3	3.000
YER176W	V	541690	545055	+	10	10.000
YER177W	V	545611	546414	+	391	391.000
YER178W	V	546817	548079	+	435	435.000
YER179W	V	548421	549517	+	5	5.000
YER180C	V	549724	550527	-	3	3.000
YER180C-A	V	550865	551122	-	1	1.000
tI(AAU)E2	V	551285	551358	-	0	0.000
YER181C	V	551473	551796	-	0	0.000
YER182W	V	552525	553259	+	30	30.000
YER183C	V	553334	553969	-	22	22.000
YER184C	V	556296	558680	-	8	8.000
YER185W	V	559454	560365	+	4	4.000
YER186C	V	561705	562625	-	21	21.000
YER187W	V	566230	566655	+	5	5.000
YER188W	V	568040	568759	+	2	2.000
YER188C-A	V	569608	569907	-	2	2.000
YER189W	V	571155	571523	+	0	0.000
YER190W	V	571480	576525	+	4	61.794
YER190C-A	V	574804	575379	-	6	10.841
YER190C-B	V	575680	576162	-	3	18.835
YFL068W	VI	53	535	+	0	0.000
YFL067W	VI	836	1363	+	1	1.016
YFL066C	VI	1437	2615	-	4	5.175
YFL065C	VI	3030	3338	-	0	0.000
YFL064C	VI	3322	3846	-	1	1.953
YFL063W	VI	5066	5521	+	0	0.000
YFL062W	VI	6426	7565	+	25	25.373
YFL061W	VI	9545	10222	+	12	23.478
YFL060C	VI	10301	10969	-	1	1.857
YFL059W	VI	11363	12259	+	3	5.250
YFL058W	VI	12929	13951	+	7	8.115
YFL056C	VI	14305	15431	-	17	17.000
YFL055W	VI	17004	18680	+	6	6.000
YFL054C	VI	20847	22787	-	92	92.000
YFL053W	VI	23423	25198	+	13	13.000
YFL052W	VI	28232	29629	+	6	6.000
YFL051C	VI	30058	30540	-	6	6.000
YFL050C	VI	33272	35848	-	7	7.000
YFL049W	VI	36803	38674	+	23	23.000
YFL048C	VI	38843	40180	-	27	27.000
YFL047W	VI	40421	42565	+	13	13.000
YFL046W	VI	42815	43438	+	7	7.000
YFL045C	VI	43628	44392	-	144	144.000
YFL044C	VI	44655	45560	-	51	51.000
YFL042C	VI	45720	47744	-	19	19.000
YFL041W-A	VI	48734	48925	+	3	3.000
YFL041W	VI	49139	51007	+	44	44.000
YFL040W	VI	51350	52972	+	2	2.000
YFL039C	VI	53260	54696	-	1203	1204.759
YFL038C	VI	55366	55986	-	125	125.000
YFL037W	VI	56336	57709	+	121	121.000
RUF21	VI	57815	58521	-	5	5.000
YFL036W	VI	58782	62837	+	23	23.000
YFL034C-B	VI	63016	63993	-	6	6.000
YFL034C-A	VI	64243	64932	-	32	32.000
YFL034W	VI	65477	68698	+	15	15.000
YFL033C	VI	69115	74427	-	21	21.000
YFL032W	VI	74872	75192	+	0	0.000
YFL031W	VI	75179	76147	+	48	51.000
YFL031C-A	VI	76014	76115	-	0	0.000
YFL030W	VI	76831	77988	+	167	167.000
YFL029C	VI	78055	79161	-	12	12.000
YFL028C	VI	79344	80213	-	10	10.000
YFL027C	VI	80419	81912	-	5	5.000
YFL026W	VI	82580	83875	+	20	20.000
YFL025C	VI	84145	87234	-	18	18.000
YFL024C	VI	87847	90345	-	21	21.000
YFL023W	VI	90986	93376	+	8	8.000
YFL022C	VI	93499	95010	-	27	27.043
YFL021C-A	VI	95761	96615	-	3	3.000
YFL021W	VI	95966	97498	+	101	101.000
YFL020C	VI	99231	99599	-	3	3.000
YFL019C	VI	100252	100605	-	1	1.000
tP(UGG)F	VI	101376	101478	+	0	0.000
YFL018C	VI	101628	103127	-	156	156.000
YFL017W-A	VI	103699	103932	+	10	10.000
YFL017C	VI	103983	104462	-	13	13.000
YFL016C	VI	104701	106236	-	59	59.000
YFL015W-A	VI	106415	106732	+	0	0.000
YFL015C	VI	106469	106963	-	0	0.000
YFL014W	VI	107256	107585	+	1525	1531.804
YFL013W-A	VI	107799	108602	+	15	15.058
YFL013C	VI	107852	109930	-	14	14.000
YFL012W-A	VI	109810	110184	+	0	0.000
YFL012W	VI	110647	111093	+	1	1.000
YFL011W	VI	112345	113985	+	1	1.000
YFL010W-A	VI	114990	115274	+	1	1.000
YFL010C	VI	115108	115743	-	17	17.000
YFL009W	VI	116145	118484	+	15	15.000
YFL008W	VI	119429	123106	+	19	19.000
YFL007W	VI	123479	129910	+	92	92.000
YFL005W	VI	130334	130981	+	72	72.000
RUF20	VI	131061	131503	-	8	8.000
YFL004W	VI	131810	134296	+	30	30.000
YFL003C	VI	134521	137157	-	4	4.000
tN(GUU)F	VI	137486	137559	-	0	0.000
YFL002W-B	VI	138204	139520	+	0	0.000
YFL002W-A	VI	138204	143517	+	0	8.857
YFL002C	VI	145114	146934	-	8	8.000
YFL001W	VI	147131	148459	+	3	3.000
YFR001W	VI	149110	149724	+	16	16.000
YFR002W	VI	150016	152535	+	10	10.000
YFR003C	VI	152657	153124	-	21	21.000
YFR004W	VI	153393	154313	+	63	63.000
YFR005C	VI	154527	155873	-	6	6.000
YFR006W	VI	156145	157752	+	41	41.000
tF(GAA)F	VI	157916	158007	-	0	0.000
YFR007W	VI	159299	160360	+	10	10.000
YFR008W	VI	160535	161200	+	9	9.000
tG(GCC)F1	VI	162228	162298	+	0	0.000
YFR009W	VI	162488	164746	+	16	17.000
YFR009W-A	VI	163875	164132	+	0	0.000
YFR010W	VI	165067	166566	+	40	40.000
YFR010W-A	VI	166728	166916	+	2	2.000
YFR011C	VI	166746	167258	-	28	28.000
tY(GUA)F1	VI	167437	167525	+	0	0.000
YFR012W	VI	167888	168496	+	1	1.000
YFR012W-A	VI	169224	169310	+	0	0.000
YFR013W	VI	169922	172285	+	10	10.000
YFR014C	VI	172537	173877	-	22	22.000
YFR015C	VI	174265	176391	-	24	24.000
YFR016C	VI	177042	180743	-	12	12.000
tG(GCC)F2	VI	180974	181044	-	0	0.000
YFR017C	VI	182274	182861	-	65	65.000
YFR018C	VI	183131	184222	-	46	46.000
YFR019W	VI	184502	191338	+	18	18.000
tS(GCU)F	VI	191513	191613	-	0	0.000
YFR020W	VI	192737	193435	+	67	67.000
YFR021W	VI	194812	196314	+	12	12.000
YFR022W	VI	196833	199034	+	17	17.000
RUF22	VI	199299	199813	-	0	0.000
YFR023W	VI	199874	201709	+	4	4.000
YFR024C-A	VI	201960	203433	-	59	59.000
YFR025C	VI	203743	204750	-	25	25.000
tA(AGC)F	VI	204924	204996	-	0	0.000
YFR026C	VI	205748	206257	-	5	5.000
YFR027W	VI	207452	208297	+	16	16.000
YFR028C	VI	208413	210068	-	19	19.000
tY(GUA)F2	VI	210619	210707	-	0	0.000
YFR029W	VI	210937	212973	+	9	9.000
YFR030W	VI	213312	216419	+	173	173.000
YFR031C	VI	216594	220106	-	7	7.000
YFR031C-A	VI	220507	221418	-	202	202.000
RUF23	VI	221714	221967	+	0	0.000
YFR032C	VI	222090	222959	-	0	0.000
YFR032C-A	VI	223258	223437	-	119	120.983
YFR032C-B	VI	223710	223973	-	1	1.017
YFR033C	VI	224326	224769	-	291	291.000
YFR034C	VI	225020	225958	-	16	16.000
YFR034W-A	VI	226022	226309	+	12	12.000
YFR035C	VI	226121	226465	-	28	28.000
tK(CUU)F	VI	226688	226760	-	0	0.000
YFR036W	VI	226963	227337	+	5	5.000
YFR036W-A	VI	227451	228101	+	0	0.000
YFR037C	VI	227513	229186	-	35	36.923
YFR038W	VI	229380	231941	+	10	10.000
YFR039C	VI	232012	233544	-	15	15.000
YFR040W	VI	234242	237250	+	32	32.000
YFR041C	VI	237368	238255	-	12	12.000
YFR042W	VI	238458	239060	+	32	32.000
YFR043C	VI	239114	239827	-	6	6.000
YFR044C	VI	239992	241437	-	164	164.000
YFR045W	VI	241998	242999	+	13	13.000
YFR046C	VI	243074	244159	-	4	4.000
YFR047C	VI	244279	245166	-	79	79.000
YFR048W	VI	246146	248134	+	8	8.000
YFR049W	VI	248523	248894	+	57	57.000
YFR050C	VI	249066	249866	-	153	153.000
YFR051C	VI	250163	251803	-	33	33.000
YFR052W	VI	252505	253329	+	60	60.000
YFR052C-A	VI	253429	253734	-	16	20.024
YFR053C	VI	253592	255049	-	996	1246.499
YFR054C	VI	258855	259433	-	2	2.000
YFR056C	VI	263957	264325	-	0	0.000
YFR055W	VI	264204	265226	+	3	3.000
YFR057W	VI	269061	269516	+	0	0.000
YGL263W	VII	2790	3932	+	0	0.000
YGL262W	VII	5312	5839	+	0	0.000
YGL261C	VII	6290	6652	-	0	0.000
YGL260W	VII	6860	7090	+	0	0.000
YGL259W	VII	8470	8967	+	0	0.000
YGL258W-A	VII	9162	9395	+	0	0.000
YGL258W	VII	11110	11730	+	0	0.000
YGL257C	VII	12481	14157	-	24	24.000
YGL256W	VII	15159	16307	+	14	14.000
YGL255W	VII	20978	22108	+	44	44.000
YGL254W	VII	22304	23203	+	11	11.000
YGL253W	VII	23935	25395	+	128	128.000
YGL252C	VII	25718	27484	-	33	33.000
YGL251C	VII	27921	31636	-	17	17.000
YGL250W	VII	31910	32635	+	15	15.000
YGL249W	VII	33098	35212	+	1	1.000
RME3	VII	33109	35013	-	15	15.000
YGL248W	VII	35653	36762	+	27	29.132
YGL247W	VII	36933	37526	+	11	11.868
YGL246C	VII	37617	38780	-	10	10.000
YGL245W	VII	39023	41149	+	67	67.000
YGL244W	VII	41498	43174	+	10	10.000
YGL243W	VII	43307	44509	+	10	10.000
YGL242C	VII	44652	45197	-	7	7.000
YGL241W	VII	45445	48459	+	7	7.000
YGL240W	VII	48613	49365	+	1	1.000
YGL239C	VII	49431	49745	-	0	0.000
YGL238W	VII	49552	52434	+	35	35.000
YGL237C	VII	52731	53528	-	7	7.000
YGL236C	VII	53787	55796	-	10	10.000
YGL235W	VII	55279	55815	+	1	1.000
YGL234W	VII	56482	58890	+	136	136.000
YGL233W	VII	59122	61854	+	13	13.000
YGL232W	VII	62075	63002	+	12	12.000
YGL231C	VII	63048	63620	-	25	25.000
YGL230C	VII	63772	64215	-	6	6.000
YGL229C	VII	64503	66959	-	7	7.000
YGL228W	VII	67598	69331	+	37	37.000
YGL227W	VII	69671	72547	+	29	29.000
YGL226C-A	VII	72749	73158	-	43	43.000
YGL226W	VII	73340	73711	+	8	8.000
tV(AAC)G3	VII	73829	73902	-	2	2.000
YGL225W	VII	76894	77907	+	58	58.000
YGL224C	VII	78015	78857	-	14	14.000
YGL223C	VII	79112	80365	-	18	18.000
YGL222C	VII	80659	81186	-	2	2.000
YGL221C	VII	81426	82292	-	24	24.000
YGL220W	VII	82374	82736	+	57	57.000
YGL219C	VII	82878	84257	-	28	28.000
YGL218W	VII	83650	84300	+	0	0.000
YGL217C	VII	84839	85180	-	0	0.000
YGL216W	VII	84885	87302	+	3	3.000
YGL215W	VII	87981	89339	+	45	45.000
YGL214W	VII	90010	90495	+	0	0.000
YGL213C	VII	90054	91247	-	16	16.000
YGL212W	VII	91432	92382	+	3	3.000
YGL211W	VII	92512	93591	+	7	7.135
YGL210W	VII	93792	94460	+	25	25.000
YGL209W	VII	95858	97006	+	19	19.000
YGL208W	VII	97338	98585	+	17	17.000
YGL207W	VII	98969	102076	+	58	58.000
YGL206C	VII	102543	107504	-	51	51.000
YGL205W	VII	108158	110404	+	659	660.558
tH(GUG)G1	VII	110625	110696	-	4	4.000
YGL204C	VII	111700	112005	-	2	2.000
YGL203C	VII	112475	114664	-	9	9.000
tK(UUU)G1	VII	115488	115583	+	0	0.000
YGL202W	VII	116059	117561	+	71	71.000
YGL201C	VII	117854	120907	-	15	15.000
tK(CUU)G1	VII	122269	122341	+	0	0.000
YGL200C	VII	122694	123305	-	150	150.000
YGL199C	VII	123572	124042	-	3	3.000
YGL198W	VII	123591	124298	+	39	39.000
YGL197W	VII	124698	129161	+	34	34.000
YGL196W	VII	129883	131169	+	45	45.865
YGL195W	VII	131525	139543	+	36	36.000
YGL194C-A	VII	139719	139961	-	9	9.000
YGL194C	VII	140368	141726	-	4	4.000
RME2	VII	141898	144120	-	61	72.000
YGL193C	VII	141916	142227	-	0	0.000
YGL192W	VII	142246	144048	+	0	0.000
YGL191W	VII	144808	145197	+	216	216.000
YGL190C	VII	145809	147389	-	30	30.000
YGL189C	VII	148229	148588	-	211	211.000
YGL188C-A	VII	148824	148964	-	1	1.000
YGL188C	VII	149343	149516	-	28	29.834
YGL187C	VII	149704	150171	-	382	409.305
YGL186C	VII	151037	152776	-	30	30.000
YGL185C	VII	153167	154306	-	7	7.017
YGL184C	VII	154615	156012	-	34	34.000
YGL183C	VII	156543	157285	-	1	1.000
YGL182C	VII	157273	157596	-	0	0.000
YGL181W	VII	157906	159096	+	23	23.000
YGL180W	VII	160065	162758	+	23	23.000
YGL179C	VII	163409	165091	-	3	3.033
YGL178W	VII	167352	170571	+	20	20.000
YGL177W	VII	167559	167906	+	0	0.000
YGL176C	VII	171415	173079	-	7	7.078
YGL175C	VII	173285	174322	-	1	1.011
YGL174W	VII	174545	175345	+	3	3.000
YGL173C	VII	175527	180113	-	53	53.589
YGL172W	VII	180700	182118	+	16	16.000
YGL171W	VII	182390	184084	+	4	4.000
YGL170C	VII	184153	185394	-	3	3.000
tK(CUU)G2	VII	185714	185786	-	0	0.000
YGL169W	VII	186059	187339	+	14	14.000
YGL168W	VII	187464	187796	+	4	4.000
YGL167C	VII	187616	190468	-	54	54.000
YGL166W	VII	191129	191806	+	10	10.000
YGL165C	VII	191398	191976	-	0	0.000
YGL164C	VII	191978	193300	-	7	7.000
YGL163C	VII	193707	196403	-	15	15.000
YGL162W	VII	198138	199037	+	8	8.000
YGL161C	VII	199210	200142	-	61	61.000
YGL160W	VII	200561	202273	+	28	28.000
YGL159W	VII	202721	203833	+	5	5.000
tL(CAA)G1	VII	205521	205634	+	1	1.000
YGL158W	VII	207033	208571	+	1	1.000
YGL157W	VII	209006	210049	+	10	10.000
YGL156W	VII	210416	213667	+	95	95.000
YGL155W	VII	214081	215211	+	12	12.000
YGL154C	VII	215278	216096	-	20	20.000
YGL153W	VII	216273	217298	+	12	12.000
YGL152C	VII	216692	217369	-	0	0.000
YGL151W	VII	217524	220922	+	11	11.000
YGL150C	VII	221104	225573	-	28	28.000
YGL149W	VII	225572	225877	+	0	0.000
YGL148W	VII	226399	227529	+	59	59.000
YGL147C	VII	227754	228329	-	56	56.000
YGL146C	VII	228751	229686	-	10	10.000
YGL145W	VII	230243	232348	+	14	14.000
YGL144C	VII	232450	234507	-	7	7.000
YGL143C	VII	234717	235958	-	4	4.000
YGL142C	VII	236269	238119	-	33	33.000
YGL141W	VII	238353	241085	+	11	11.000
YGL140C	VII	241353	245012	-	23	23.000
YGL139W	VII	245716	248124	+	28	28.000
YGL138C	VII	248494	249531	-	0	0.000
YGL137W	VII	249869	252738	+	60	60.000
YGL136C	VII	252897	253859	-	7	7.000
YGL135W	VII	254641	255294	+	266	300.896
YGL134W	VII	255663	256964	+	24	24.000
YGL133W	VII	257707	261501	+	11	11.000
YGL132W	VII	261580	261915	+	1	1.000
YGL131C	VII	261648	265859	-	6	6.000
YGL130W	VII	266145	267524	+	21	21.000
YGL129C	VII	267723	269075	-	14	14.000
YGL128C	VII	269293	270144	-	0	0.000
YGL127C	VII	270392	270775	-	6	6.000
YGL126W	VII	270997	272139	+	23	23.000
YGL125W	VII	272520	274322	+	30	30.000
YGL124C	VII	274780	276714	-	19	19.000
YGL123W	VII	277617	278381	+	362	362.000
YGL123C-A	VII	277634	277864	-	5	5.016
YGL122C	VII	278946	280523	-	13	13.000
YGL121C	VII	280777	281157	-	96	96.000
YGL120C	VII	281634	283937	-	9	9.000
YGL119W	VII	284442	285947	+	6	6.000
tW(CCA)G1	VII	287350	287455	-	0	0.000
YGL118C	VII	288014	288451	-	0	0.000
YGL117W	VII	288512	289309	+	10	10.000
YGL116W	VII	289809	291641	+	3	3.000
YGL115W	VII	292033	293001	+	38	38.000
YGL114W	VII	293460	295637	+	46	46.076
YGL113W	VII	295932	297938	+	7	7.000
YGL112C	VII	298178	299728	-	17	17.000
YGL111W	VII	299978	301369	+	11	11.000
YGL110C	VII	301537	303411	-	8	8.000
YGL109W	VII	303513	303836	+	1	1.000
YGL108C	VII	303649	304071	-	6	6.000
YGL107C	VII	304333	306273	-	15	15.000
YGL106W	VII	306560	307009	+	21	21.000
YGL105W	VII	307437	308567	+	60	60.000
YGL104C	VII	308713	310173	-	10	10.000
YGL103W	VII	310967	311927	+	386	386.000
YGL102C	VII	311505	311933	-	3	3.000
YGL101W	VII	312193	312840	+	21	21.000
YGL100W	VII	313234	314283	+	22	22.000
YGL099W	VII	314631	316553	+	10	10.000
snR82	VII	316788	317055	+	7	7.000
YGL098W	VII	317342	318079	+	6	6.000
tH(GUG)G2	VII	319781	319852	+	0	0.000
YGL097W	VII	321782	323230	+	23	23.000
YGL096W	VII	325331	326161	+	35	35.000
tE(UUC)G1	VII	328583	328654	+	0	0.000
YGL095C	VII	328874	330607	-	18	18.000
YGL094C	VII	331118	334465	-	25	25.000
YGL093W	VII	334886	337639	+	10	10.000
YGL092W	VII	337906	341859	+	21	21.000
YGL091C	VII	342056	343042	-	20	20.000
YGL090W	VII	343319	344584	+	5	5.000
YGL089C	VII	344791	345153	-	6	6.000
YGL088W	VII	345836	346201	+	0	0.000
snR10	VII	345986	346230	+	1	5.000
YGL087C	VII	346406	346904	-	22	22.000
YGL086W	VII	347119	349368	+	14	14.000
YGL085W	VII	349616	350440	+	11	11.000
YGL084C	VII	350616	352298	-	37	37.000
YGL083W	VII	353058	355472	+	11	11.000
YGL082W	VII	355827	356972	+	23	23.000
YGL081W	VII	357377	358339	+	5	5.000
YGL080W	VII	358636	359028	+	44	44.000
YGL079W	VII	359444	360100	+	8	8.000
YGL078C	VII	360288	361859	-	13	13.000
YGL077C	VII	362225	363916	-	110	110.000
YGL076C	VII	364335	365996	-	224	251.751
snR39	VII	365163	365251	-	0	0.000
snR39B	VII	366374	366469	-	0	0.000
YGL075C	VII	366925	368088	-	2	2.000
YGL074C	VII	368596	368922	-	0	0.000
YGL073W	VII	368753	371254	+	35	35.000
YGL072C	VII	371003	371362	-	10	10.000
YGL071W	VII	372012	374084	+	4	4.000
YGL070C	VII	374459	374827	-	10	10.000
YGL069C	VII	375050	375514	-	0	0.000
YGL068W	VII	375087	375671	+	45	45.000
YGL067W	VII	376101	377255	+	16	16.000
YGL066W	VII	377609	379582	+	7	7.000
YGL065C	VII	379760	381271	-	12	12.000
YGL064C	VII	381523	383208	-	3	3.000
YGL063W	VII	383654	384766	+	12	12.000
YGL063C-A	VII	384502	384651	-	0	0.000
YGL062W	VII	385196	388732	+	222	222.000
YGL061C	VII	388968	389711	-	7	7.000
YGL060W	VII	390065	391990	+	6	6.000
YGL059W	VII	392223	393698	+	15	15.000
YGL058W	VII	393986	394504	+	16	16.000
YGL057C	VII	394966	395829	-	10	10.000
YGL056C	VII	396035	397618	-	47	47.000
YGL055W	VII	398628	400160	+	2802	2802.975
YGL054C	VII	400871	401287	-	51	51.000
tE(UUC)G2	VII	401527	401598	-	0	0.000
YGL053W	VII	402589	403302	+	18	20.571
YGL052W	VII	403437	403742	+	5	5.000
YGL051W	VII	403687	404391	+	8	8.615
tR(UCU)G1	VII	405470	405541	+	0	0.000
YGL050W	VII	405776	406597	+	7	7.000
YGL049C	VII	406860	409604	-	14	14.000
YGL048C	VII	410069	411286	-	97	97.000
YGL047W	VII	411552	412160	+	9	9.000
tV(AAC)G1	VII	412294	412367	-	0	0.000
YGL045W	VII	414102	415730	+	34	34.000
YGL044C	VII	416146	417036	-	7	7.000
YGL043W	VII	417483	418412	+	10	10.000
YGL042C	VII	418288	418593	-	2	3.000
YGL041C-B	VII	418704	418886	-	0	0.000
YGL041W-A	VII	418825	419289	+	6	6.000
YGL041C	VII	419022	419225	-	0	0.000
YGL040C	VII	419527	420555	-	71	71.000
tL(CAA)G2	VII	423092	423205	+	0	0.000
YGL039W	VII	423961	425007	+	11	11.000
YGL038C	VII	425362	426804	-	27	27.000
YGL037C	VII	427297	427947	-	146	146.000
YGL036W	VII	428601	431330	+	23	23.000
YGL035C	VII	431548	433062	-	35	35.000
YGL034C	VII	433214	433579	-	0	0.000
YGL033W	VII	435625	436401	+	1	1.000
YGL032C	VII	436570	436833	-	11	11.000
YGL031C	VII	437467	437934	-	113	113.000
YGL030W	VII	439091	439638	+	376	376.000
YGL029W	VII	440063	440425	+	2	2.000
tF(GAA)G	VII	440716	440807	-	0	0.000
YGL028C	VII	441281	442909	-	83	83.000
YGL027C	VII	443642	446143	-	12	12.000
YGL026C	VII	446412	448535	-	112	112.000
YGL025C	VII	448764	449957	-	13	13.000
YGL024W	VII	449788	450123	+	0	0.000
YGL023C	VII	450197	452104	-	22	22.000
YGL022W	VII	452404	454560	+	80	80.000
YGL021W	VII	454785	457067	+	19	19.000
YGL020C	VII	457163	457870	-	16	16.000
YGL019W	VII	458156	458992	+	44	44.000
YGL018C	VII	459110	459664	-	3	3.000
YGL017W	VII	459854	461365	+	7	7.000
YGL016W	VII	461666	464911	+	10	10.000
YGL015C	VII	465043	465435	-	0	0.000
YGL014W	VII	466141	468807	+	36	36.000
YGL014C-A	VII	466237	466398	-	0	0.000
YGL013C	VII	469092	472298	-	14	14.000
YGL012W	VII	472855	474276	+	86	86.000
YGL011C	VII	474489	475247	-	98	98.000
YGL010W	VII	475545	476069	+	31	31.000
YGL009C	VII	476313	478652	-	107	107.000
YGL008C	VII	479910	482666	-	982	982.000
YGL007C-A	VII	482941	483027	-	3	3.000
YGL007W	VII	483260	483637	+	19	19.000
YGL006W-A	VII	485423	485533	+	0	0.000
YGL006W	VII	485921	489442	+	54	54.000
YGL005C	VII	489708	490547	-	11	11.000
YGL004C	VII	490703	491956	-	13	13.000
YGL003C	VII	492474	494174	-	35	35.000
YGL002W	VII	494517	495167	+	20	20.000
YGL001C	VII	495453	496502	-	60	60.000
YGR001C	VII	497133	498034	-	20	20.000
YGR002C	VII	498476	499906	-	8	8.000
YGR003W	VII	500132	502366	+	10	10.000
YGR004W	VII	502938	504326	+	11	11.000
YGR005C	VII	504657	505859	-	23	23.000
YGR006W	VII	506070	506825	+	2	2.125
YGR007W	VII	506969	507940	+	14	14.875
YGR008C	VII	508110	508364	-	141	141.000
YGR009C	VII	509047	511002	-	20	20.000
YGR010W	VII	511545	512732	+	15	18.571
YGR011W	VII	512497	512823	+	6	7.429
YGR012W	VII	513159	514340	+	21	21.000
YGR013W	VII	514554	516416	+	3	3.000
YGR014W	VII	516943	520863	+	99	99.000
YGR015C	VII	521090	522076	-	9	9.000
YGR016W	VII	522261	522833	+	4	4.000
YGR017W	VII	523787	524680	+	14	14.000
YGR018C	VII	524365	524694	-	0	0.000
YGR019W	VII	525229	526644	+	47	47.000
YGR020C	VII	526973	527329	-	25	25.000
YGR021W	VII	527632	528504	+	8	8.000
YGR022C	VII	529257	529586	-	0	0.000
YGR023W	VII	529264	530919	+	51	51.000
tD(GUC)G1	VII	531610	531681	+	0	0.000
YGR024C	VII	531883	532596	-	21	21.000
YGR025W	VII	532639	532941	+	0	0.000
YGR026W	VII	532985	533821	+	60	60.000
YGR027C	VII	534132	534458	-	340	340.000
YGR027W-A	VII	536057	537379	+	0	0.000
YGR027W-B	VII	536057	541325	+	3	80.184
tE(UUC)G3	VII	541850	541921	+	0	0.000
YGR028W	VII	542203	543291	+	13	13.000
YGR029W	VII	543553	544205	+	24	24.000
tD(GUC)G2	VII	544577	544648	-	2	2.000
snR46	VII	545370	545566	+	3	3.000
YGR030C	VII	545681	546157	-	10	10.000
YGR031W	VII	546441	547469	+	37	37.000
YGR031C-A	VII	546809	547300	-	0	0.000
YGR032W	VII	548264	553951	+	96	96.000
YGR033C	VII	554248	554967	-	41	41.000
YGR034W	VII	555812	556672	+	133	133.000
YGR035C	VII	557072	557422	-	0	0.000
YGR035W-A	VII	557565	557786	+	5	5.000
YGR036C	VII	558149	558868	-	8	8.000
YGR037C	VII	559731	559994	-	133	133.000
YGR038W	VII	560682	561350	+	41	41.000
tS(AGA)G	VII	561662	561743	-	0	0.000
YGR038C-B	VII	562199	567467	-	25	72.131
YGR038C-A	VII	566145	567467	-	0	0.000
YGR039W	VII	574888	575199	+	1	1.071
YGR040W	VII	575398	576504	+	13	13.929
YGR041W	VII	577487	579130	+	16	16.000
YGR042W	VII	579476	580291	+	11	11.000
YGR043C	VII	580435	581436	-	86	86.000
YGR044C	VII	582990	583892	-	30	31.818
YGR045C	VII	583934	584296	-	3	3.182
YGR046W	VII	584895	586052	+	48	48.000
YGR047C	VII	586392	589469	-	4	4.000
YGR048W	VII	589826	590911	+	19	19.000
YGR049W	VII	591314	591877	+	35	35.000
YGR050C	VII	592086	592442	-	13	13.000
YGR051C	VII	592906	593229	-	4	4.000
YGR052W	VII	593596	594705	+	29	29.000
YGR053C	VII	594986	595837	-	3	3.000
YGR054W	VII	596693	598621	+	36	36.000
YGR055W	VII	599417	601141	+	40	40.000
YGR056W	VII	601661	604447	+	5	5.000
YGR057C	VII	604773	605501	-	18	18.000
YGR058W	VII	606136	607143	+	11	11.000
YGR059W	VII	607563	609101	+	1	1.000
snR48	VII	609584	609696	+	0	0.000
YGR060W	VII	610564	611493	+	691	691.000
YGR061C	VII	611889	615965	-	103	103.000
YGR062C	VII	616328	617278	-	6	6.000
YGR063C	VII	617516	617824	-	46	46.000
YGR064W	VII	617621	617989	+	0	0.000
YGR065C	VII	618077	619858	-	29	29.000
YGR066C	VII	620921	621799	-	4	4.000
YGR067C	VII	622372	624786	-	47	47.000
YGR068C	VII	625324	627084	-	3	3.000
YGR068W-A	VII	626294	626389	+	0	0.000
YGR069W	VII	627083	627418	+	1	1.000
YGR070W	VII	627806	631273	+	18	18.000
YGR071C	VII	631481	634063	-	7	7.000
YGR072W	VII	634304	635467	+	14	14.000
YGR073C	VII	635615	635986	-	2	2.000
YGR074W	VII	635712	636152	+	10	10.000
YGR075C	VII	636147	636875	-	4	4.000
YGR076C	VII	637104	637577	-	11	11.000
YGR077C	VII	637744	639513	-	21	21.000
YGR078C	VII	639772	640371	-	5	5.000
YGR079W	VII	640720	641832	+	5	5.000
YGR080W	VII	642010	643008	+	23	23.000
YGR081C	VII	643148	643780	-	6	6.000
YGR082W	VII	644044	644595	+	61	61.000
YGR083C	VII	644860	646815	-	13	13.000
YGR084C	VII	647123	648142	-	14	14.000
YGR085C	VII	648383	648907	-	103	114.444
YGR086C	VII	649598	650617	-	485	485.000
YGR087C	VII	651290	652981	-	13	13.000
YGR088W	VII	654634	656322	+	133	133.000
YGR089W	VII	656960	659770	+	19	19.000
tT(UGU)G1	VII	661749	661820	+	0	0.000
YGR090W	VII	662358	666071	+	18	18.000
YGR091W	VII	666341	667825	+	4	4.000
YGR092W	VII	668189	669907	+	23	23.000
YGR093W	VII	670388	671911	+	8	8.000
YGR094W	VII	672186	675500	+	80	80.000
YGR095C	VII	675671	676342	-	10	10.000
YGR096W	VII	676621	677565	+	14	14.000
YGR097W	VII	678695	682135	+	45	45.000
YGR098C	VII	682566	687458	-	13	13.000
YGR099W	VII	687899	689965	+	16	16.000
YGR100W	VII	690245	693097	+	24	24.000
YGR101W	VII	693363	694403	+	39	39.000
YGR102C	VII	694584	695135	-	13	13.000
YGR103W	VII	695417	697234	+	18	18.000
YGR104C	VII	697445	698368	-	5	5.000
YGR105W	VII	698599	698832	+	19	19.000
YGR106C	VII	698989	699786	-	79	79.000
tL(GAG)G	VII	700675	700756	+	1	1.000
tK(UUU)G2	VII	700953	701048	-	0	0.000
YGR107W	VII	702667	703116	+	3	3.000
YGR108W	VII	703636	705051	+	9	9.000
YGR109C	VII	705359	706501	-	2	2.000
tC(GCA)G	VII	707108	707179	-	0	0.000
YGR109W-A	VII	707610	708482	+	0	0.000
YGR109W-B	VII	707610	712254	+	14	38.000
YGR110W	VII	713709	715046	+	23	23.000
YGR111W	VII	715828	717030	+	22	22.000
YGR112W	VII	717358	718527	+	9	9.000
YGR113W	VII	718893	719924	+	11	11.000
YGR114C	VII	720265	720654	-	0	0.000
YGR115C	VII	720372	721151	-	0	0.000
YGR116W	VII	720409	724764	+	26	26.000
YGR117C	VII	725049	726479	-	18	18.000
YGR118W	VII	726974	727730	+	183	183.000
YGR119C	VII	728046	729671	-	23	23.000
YGR120C	VII	730033	730821	-	5	5.000
tN(GUU)G	VII	731137	731210	+	0	0.000
YGR121C	VII	731449	732927	-	55	55.000
YGR121W-A	VII	733412	733627	+	1	1.000
YGR122W	VII	733935	735143	+	11	11.000
YGR122C-A	VII	735630	735758	-	2	2.000
tR(UCU)G3	VII	736340	736411	+	0	0.000
YGR123C	VII	736662	738203	-	9	9.000
tI(AAU)G	VII	739122	739195	+	0	0.000
YGR124W	VII	739944	741662	+	43	43.000
YGR125W	VII	742325	745435	+	15	15.000
YGR126W	VII	745835	746527	+	0	0.000
YGR127W	VII	746798	747736	+	54	54.000
YGR128C	VII	747950	750091	-	0	0.000
YGR129W	VII	750400	751047	+	1	1.000
YGR130C	VII	751394	753844	-	62	62.000
YGR131W	VII	754726	755250	+	0	0.000
YGR132C	VII	755589	756452	-	96	96.000
YGR133W	VII	756896	757447	+	15	15.000
YGR134W	VII	757770	761138	+	8	8.000
YGR135W	VII	761392	762168	+	63	63.000
YGR136W	VII	762428	763153	+	25	41.406
YGR137W	VII	762888	763262	+	7	11.594
YGR138C	VII	763762	765606	-	26	28.690
YGR139W	VII	765726	766064	+	1	1.000
YGR140W	VII	767429	770299	+	11	11.000
YGR141W	VII	770569	771972	+	22	22.000
YGR142W	VII	772454	773686	+	93	93.000
tA(AGC)G	VII	774349	774421	+	0	0.000
YGR143W	VII	775193	777508	+	18	18.000
tG(UCC)G	VII	779616	779687	+	0	0.000
YGR144W	VII	780399	781379	+	48	48.000
YGR145W	VII	781767	783890	+	2	2.000
YGR146C	VII	784223	784858	-	58	58.000
YGR146C-A	VII	785276	785437	-	2	2.000
YGR147C	VII	786054	786920	-	21	21.000
YGR148C	VII	787312	787779	-	81	81.000
YGR149W	VII	789031	790329	+	55	55.000
YGR150C	VII	790459	793053	-	4	4.000
tA(UGC)G	VII	794417	794489	+	0	0.000
YGR151C	VII	794655	794990	-	0	0.000
YGR152C	VII	794674	795492	-	1	4.000
YGR153W	VII	796092	796745	+	5	5.000
YGR154C	VII	796798	797868	-	11	11.000
YGR155W	VII	798543	800066	+	102	102.000
YGR156W	VII	800546	801823	+	14	14.000
YGR157W	VII	802440	805049	+	120	120.839
YGR158C	VII	805269	806021	-	6	6.000
YGR159C	VII	806412	807656	-	28	28.000
YGR160W	VII	807073	807684	+	0	0.000
YGR161C	VII	808629	809420	-	153	153.000
YGR161W-C	VII	810227	810505	+	68	68.000
YGR161W-A	VII	811738	813054	+	0	0.000
YGR161W-B	VII	811738	817051	+	0	0.000
YGR161C-D	VII	817747	823015	-	9	31.814
YGR161C-C	VII	821693	823015	-	0	0.000
tV(AAC)G2	VII	823482	823555	+	0	0.000
YGR162W	VII	824059	826917	+	27	27.000
YGR163W	VII	827552	828577	+	24	25.000
YGR164W	VII	828625	828960	+	0	0.000
tR(UCU)G2	VII	828723	828794	-	0	0.000
YGR165W	VII	829116	830153	+	14	14.000
YGR166W	VII	830515	832197	+	17	17.000
YGR167W	VII	832456	833157	+	37	37.000
YGR168C	VII	833352	834482	-	12	12.000
YGR169C	VII	834689	835903	-	3	3.000
YGR169C-A	VII	836387	836665	-	12	12.000
YGR170W	VII	837142	840558	+	23	23.000
YGR171C	VII	840824	842551	-	13	13.000
YGR172C	VII	842845	843591	-	14	14.000
YGR173W	VII	843854	844960	+	8	8.000
tG(GCC)G1	VII	845649	845719	+	0	0.000
YGR174C	VII	845893	846405	-	34	34.000
YGR174W-A	VII	846655	846741	+	9	9.000
YGR175C	VII	846933	848423	-	335	335.000
YGR176W	VII	848720	849067	+	1	1.000
YGR177C	VII	848829	850436	-	6	6.000
YGR178C	VII	851047	853215	-	47	47.000
YGR179C	VII	853675	854895	-	8	8.000
YGR180C	VII	855264	856301	-	169	169.000
tL(CAA)G3	VII	857378	857491	-	0	0.000
YGR181W	VII	858287	858604	+	17	17.000
YGR182C	VII	858551	858904	-	86	109.292
YGR183C	VII	859063	859476	-	202	256.708
YGR184C	VII	859901	865753	-	49	49.000
YGR185C	VII	866336	867520	-	45	45.000
YGR186W	VII	867774	869981	+	26	26.000
YGR187C	VII	870232	871416	-	17	17.000
YGR188C	VII	872044	875109	-	3	3.000
tK(CUU)G3	VII	876394	876466	+	0	0.000
YGR189C	VII	876669	878192	-	228	228.000
tW(CCA)G2	VII	878710	878815	-	0	0.000
YGR190C	VII	880296	880661	-	9	9.000
YGR191W	VII	880420	882231	+	42	42.000
YGR192C	VII	882812	883810	-	10377	10387.574
YGR193C	VII	884509	885741	-	30	30.000
YGR194C	VII	886073	887875	-	25	25.000
YGR195W	VII	888882	889622	+	12	12.000
YGR196C	VII	889733	892186	-	14	14.000
YGR197C	VII	892497	894140	-	24	24.000
YGR198W	VII	894693	897146	+	12	12.000
YGR199W	VII	897502	899781	+	38	38.000
YGR200C	VII	899904	902270	-	17	17.000
YGR201C	VII	902520	903197	-	35	35.000
YGR202C	VII	903474	904748	-	10	10.000
YGR203W	VII	905237	905683	+	25	25.000
YGR204W	VII	905934	908774	+	107	107.000
YGR204C-A	VII	909061	909174	-	1	1.000
YGR205W	VII	909213	910085	+	30	30.000
YGR206W	VII	910432	910737	+	5	5.000
YGR207C	VII	910843	911628	-	23	23.000
YGR208W	VII	911883	912812	+	9	9.000
YGR209C	VII	912913	913227	-	128	128.211
YGR210C	VII	913503	914738	-	17	17.000
YGR211W	VII	915241	916701	+	39	39.000
YGR212W	VII	917040	918446	+	6	6.000
YGR213C	VII	918512	919465	-	3	3.000
YGR214W	VII	920575	921788	+	136	136.037
YGR215W	VII	922175	922507	+	16	16.000
YGR216C	VII	922633	924462	-	23	23.000
YGR217W	VII	924696	930815	+	5	5.000
tG(GCC)G2	VII	930953	931023	-	0	0.000
YGR218W	VII	932541	935795	+	58	58.000
YGR219W	VII	936035	936376	+	0	0.000
YGR220C	VII	936074	936883	-	14	14.000
YGR221C	VII	937124	938992	-	11	11.000
snR7-L	VII	939459	939672	-	0	0.000
snR7-S	VII	939494	939672	-	0	0.000
YGR222W	VII	939923	940804	+	10	10.000
YGR223C	VII	940869	942215	-	12	12.000
YGR224W	VII	942806	944647	+	11	11.000
YGR225W	VII	945145	947019	+	2	2.000
YGR226C	VII	946792	947001	-	0	0.000
YGR227W	VII	947420	948997	+	14	14.000
YGR228W	VII	949365	949709	+	0	0.000
YGR229C	VII	949382	950899	-	19	19.000
YGR230W	VII	951894	952307	+	10	10.000
YGR231C	VII	952548	953480	-	77	77.000
YGR232W	VII	953960	954646	+	31	31.000
YGR233C	VII	954674	958210	-	11	11.000
YGR234W	VII	959904	961103	+	171	171.000
YGR235C	VII	961360	962061	-	47	47.000
YGR236C	VII	962530	962817	-	126	126.000
YGR237C	VII	963298	965655	-	21	21.000
YGR238C	VII	966039	968687	-	10	10.000
YGR239C	VII	969187	970053	-	22	22.000
YGR240C	VII	970771	973734	-	281	281.000
YGR240C-A	VII	974577	974777	-	1	1.000
YGR241C	VII	974875	976581	-	19	19.000
YGR242W	VII	976415	976723	+	1	1.000
YGR243W	VII	977336	977776	+	359	359.000
YGR244C	VII	978036	979319	-	195	195.000
YGR245C	VII	979765	982068	-	15	15.000
YGR246C	VII	982482	984272	-	11	11.000
YGR247W	VII	984966	985685	+	15	15.000
YGR248W	VII	985972	986739	+	71	71.000
YGR249W	VII	988049	989419	+	3	3.000
YGR250C	VII	991176	993521	-	84	84.000
YGR251W	VII	995639	996229	+	2	2.000
YGR252W	VII	996869	998188	+	17	17.000
YGR253C	VII	998358	999140	-	69	69.000
YGR254W	VII	1000927	1002240	+	1727	1727.000
YGR255C	VII	1002523	1003962	-	28	28.000
tT(UGU)G2	VII	1004216	1004287	+	0	0.000
YGR256W	VII	1004624	1006102	+	220	221.781
YGR257C	VII	1006205	1007305	-	27	27.219
YGR258C	VII	1007671	1010766	-	5	5.000
YGR259C	VII	1012481	1012921	-	1	1.000
YGR260W	VII	1012485	1014089	+	72	72.000
YGR261C	VII	1014321	1016750	-	27	27.000
YGR262C	VII	1016974	1017759	-	14	14.000
YGR263C	VII	1017967	1019241	-	21	21.000
YGR264C	VII	1019598	1021853	-	21	21.000
YGR265W	VII	1021648	1022058	+	0	0.000
YGR266W	VII	1022656	1024761	+	40	40.000
YGR267C	VII	1025004	1025735	-	49	49.000
YGR268C	VII	1026057	1026653	-	22	22.000
YGR269W	VII	1026636	1026962	+	2	2.000
YGR270W	VII	1027370	1031509	+	13	13.000
YGR270C-A	VII	1027382	1027600	-	0	0.000
YGR271W	VII	1031791	1037694	+	10	10.000
YGR271C-A	VII	1037800	1038501	-	2	2.000
YGR273C	VII	1038715	1039239	-	0	0.000
YGR274C	VII	1039895	1043095	-	7	7.000
YGR275W	VII	1043276	1043749	+	10	10.000
YGR276C	VII	1043819	1045480	-	15	15.000
YGR277C	VII	1045644	1046561	-	26	26.000
YGR278W	VII	1046731	1048464	+	4	4.000
YGR279C	VII	1048798	1049958	-	210	210.000
YGR280C	VII	1050910	1051725	-	10	10.000
YGR281W	VII	1052824	1057257	+	18	18.000
YGR282C	VII	1057783	1058724	-	960	960.000
YGR283C	VII	1059015	1060040	-	13	13.000
YGR284C	VII	1060658	1061590	-	133	133.000
YGR285C	VII	1061852	1063153	-	41	41.000
YGR286C	VII	1063813	1064940	-	37	37.000
YGR287C	VII	1067222	1068991	-	37	37.000
YGR288W	VII	1070293	1071714	+	18	18.000
YGR289C	VII	1073963	1075813	-	1107	1107.000
YGR290W	VII	1075482	1075925	+	7	7.000
YGR291C	VII	1076283	1076504	-	0	0.000
YGR292W	VII	1076599	1078353	+	449	601.674
YGR293C	VII	1079885	1080346	-	1	4.000
YGR294W	VII	1080306	1080668	+	0	0.000
YGR295C	VII	1081584	1082729	-	202	209.428
YGR296W	VII	1084864	1090591	+	1	7.690
YGR296C-A	VII	1088870	1089445	-	0	0.000
YGR296C-B	VII	1089746	1090228	-	0	0.000
YHL050C	VIII	445	3311	-	36	63.856
YHL050W-A	VIII	811	1293	+	0	0.000
YHL049C	VIII	3726	4541	-	5	7.894
YHL048C-A	VIII	5663	5797	-	0	0.000
YHL048W	VIII	6401	7546	+	2	2.000
YHL047C	VIII	8351	10213	-	0	0.000
YHL046W-A	VIII	9981	10307	+	0	0.000
YHL046C	VIII	11923	12285	-	0	0.000
YHL045W	VIII	12502	12849	+	0	0.000
YHL044W	VIII	13565	14272	+	0	0.000
YHL043W	VIII	14901	15413	+	21	21.000
YHL042W	VIII	15667	16119	+	8	8.000
YHL041W	VIII	17392	17841	+	3	3.000
YHL040C	VIII	19088	20971	-	45	45.000
YHL039W	VIII	21783	23540	+	20	20.000
YHL038C	VIII	23617	25509	-	5	5.000
YHL037C	VIII	25778	26179	-	0	0.000
YHL036W	VIII	26241	27881	+	24	24.000
YHL035C	VIII	27978	32756	-	14	14.000
YHL034W-A	VIII	33176	33637	+	1	1.000
YHL034C	VIII	33193	34077	-	109	109.000
YHL033C	VIII	35255	36025	-	120	120.000
YHL032C	VIII	36379	38508	-	187	187.000
YHL031C	VIII	38815	39486	-	18	18.000
YHL030W-A	VIII	39074	39535	+	2	2.000
YHL030W	VIII	40084	45690	+	25	25.000
YHL029C	VIII	45929	47968	-	20	20.000
YHL028W	VIII	48763	50580	+	3	3.000
YHL027W	VIII	51111	52988	+	61	61.000
YHL026C	VIII	53219	54166	-	5	5.000
YHL025W	VIII	54851	55849	+	19	19.000
YHL024W	VIII	56649	58790	+	94	94.000
YHL023C	VIII	59123	62563	-	17	17.000
tH(GUG)H	VIII	62755	62826	+	0	0.000
YHL022C	VIII	62961	64157	-	5	5.000
YHL021C	VIII	64462	65859	-	43	43.000
YHL020C	VIII	66242	67456	-	24	24.000
YHL019W-A	VIII	67711	68304	+	0	0.000
YHL019C	VIII	67731	69548	-	8	8.000
YHL018W	VIII	69708	70070	+	0	0.000
YHL017W	VIII	70276	71874	+	11	11.000
YHL016C	VIII	72037	74244	-	16	16.000
YHL015W-A	VIII	74699	74782	+	3	3.000
YHL015W	VIII	75412	75777	+	245	245.138
YHL014C	VIII	76097	77314	-	4	4.000
YHL013C	VIII	77430	78353	-	8	8.000
YHL012W	VIII	78936	80417	+	8	8.000
YHL011C	VIII	80654	81616	-	36	36.000
YHL010C	VIII	81964	83721	-	10	10.000
YHL009C	VIII	84068	85060	-	4	4.000
tV(AAC)H	VIII	85298	85371	-	0	0.000
YHL009W-A	VIII	85909	87150	+	0	0.000
YHL009W-B	VIII	85909	91318	+	0	0.000
YHL008C	VIII	92627	94510	-	7	7.000
YHL007C	VIII	95118	97937	-	6	6.000
YHL006W-A	VIII	97732	98085	+	0	0.000
YHL006C	VIII	98343	98795	-	8	8.000
YHL005C	VIII	98828	99220	-	0	0.000
YHL004W	VIII	99219	100403	+	32	32.000
YHL003C	VIII	100648	101883	-	24	24.000
YHL002C-A	VIII	102587	103075	-	0	0.000
YHL002W	VIII	102612	103970	+	14	14.000
YHL001W	VIII	104277	105091	+	98	98.961
YHR001W	VIII	106055	107368	+	24	24.000
YHR001W-A	VIII	107826	108122	+	253	253.117
YHR002W	VIII	108812	109885	+	7	7.000
YHR003C	VIII	110028	111317	-	9	9.000
YHR004C	VIII	111754	113094	-	15	15.000
YHR005C	VIII	113499	114917	-	19	19.000
YHR005C-A	VIII	115620	115901	-	51	51.000
tT(AGU)H	VIII	116107	116179	-	0	0.000
YHR006W	VIII	117814	119439	+	61	61.000
YHR007C	VIII	120091	121683	-	847	847.000
YHR007C-A	VIII	122550	122765	-	4	4.042
YHR008C	VIII	122889	123590	-	284	286.958
YHR009C	VIII	124109	125680	-	56	56.000
YHR010W	VIII	126521	127492	+	111	111.000
YHR011W	VIII	127780	129120	+	7	7.000
YHR012W	VIII	129481	130448	+	16	16.000
YHR013C	VIII	130730	131446	-	10	10.000
YHR014W	VIII	132047	132922	+	0	0.000
tS(AGA)H	VIII	133026	133107	-	0	0.000
tQ(UUG)H	VIII	134321	134392	+	0	0.000
YHR015W	VIII	134554	136533	+	1	1.000
YHR016C	VIII	136881	138455	-	41	41.000
YHR017W	VIII	138694	139851	+	10	10.000
YHR018C	VIII	140011	141402	-	138	138.000
YHR019C	VIII	141894	143558	-	72	72.000
YHR020W	VIII	143996	146062	+	42	42.000
tA(AGC)H	VIII	146242	146314	-	0	0.000
YHR021C	VIII	147871	148669	-	267	267.000
YHR021W-A	VIII	149225	149680	+	1	1.000
YHR022C	VIII	149575	150345	-	3	3.000
YHR022C-A	VIII	151217	151306	-	0	0.000
YHR023W	VIII	151666	157452	+	6	6.000
YHR024C	VIII	157744	159192	-	28	28.000
YHR025W	VIII	159438	160511	+	51	51.000
YHR026W	VIII	160844	161485	+	83	83.000
YHR027C	VIII	161730	164711	-	123	123.000
YHR028C	VIII	164978	167434	-	48	48.000
YHR028W-A	VIII	167352	167672	+	0	0.000
YHR029C	VIII	167677	168561	-	10	10.000
YHR030C	VIII	168890	170344	-	34	34.000
YHR031C	VIII	170799	172970	-	13	13.000
YHR032W	VIII	173344	175089	+	11	11.000
YHR032W-A	VIII	175195	175374	+	1	1.000
YHR032C-A	VIII	175275	175394	-	0	0.000
YHR033W	VIII	175548	176819	+	14	14.000
YHR034C	VIII	176965	177999	-	9	9.000
YHR035W	VIII	178219	180111	+	0	0.000
YHR036W	VIII	180345	181760	+	9	9.000
YHR037W	VIII	181977	183704	+	36	36.205
YHR038W	VIII	184066	184758	+	1	1.000
YHR039C	VIII	184875	186809	-	53	53.000
YHR039C-A	VIII	187173	187679	-	28	28.000
YHR040W	VIII	187924	189024	+	4	4.000
YHR041C	VIII	189131	189864	-	21	21.000
YHR042W	VIII	190543	192618	+	83	83.000
YHR043C	VIII	192805	193545	-	24	24.000
YHR044C	VIII	194068	194808	-	5	5.000
YHR045W	VIII	195551	197233	+	13	13.000
YHR046C	VIII	197398	198285	-	6	6.000
YHR047C	VIII	198740	201310	-	35	35.000
YHR048W	VIII	204607	206151	+	10	10.000
YHR049W	VIII	206462	207193	+	8	8.000
YHR049C-A	VIII	207234	207530	-	0	0.000
YHR050W	VIII	207654	209303	+	55	55.000
YHR050W-A	VIII	209475	209645	+	2	2.090
YHR051W	VIII	209705	210151	+	198	206.910
YHR052W	VIII	210848	211978	+	11	11.000
RUF5-1	VIII	212409	213118	+	0	71.108
YHR052W-A	VIII	212510	212704	+	0	0.000
YHR053C	VIII	212535	212720	-	3	518.731
YHR054C	VIII	213185	214249	-	1	6.834
RUF5-2	VIII	214407	215116	+	0	71.108
YHR054W-A	VIII	214508	214702	+	0	0.000
YHR055C	VIII	214533	214718	-	0	0.054
YHR056C	VIII	215183	217834	-	5	34.169
YHR056W-A	VIII	217406	217840	+	0	0.000
YHR057C	VIII	218226	218843	-	76	76.000
YHR058C	VIII	218997	219884	-	3	3.000
YHR059W	VIII	220108	220500	+	16	16.000
YHR060W	VIII	220725	221270	+	8	8.000
YHR061C	VIII	221534	222478	-	13	13.000
YHR062C	VIII	222877	223758	-	7	7.000
YHR063C	VIII	224030	225169	-	12	12.000
YHR063W-A	VIII	225442	225777	+	0	0.000
YHR064C	VIII	225525	227141	-	63	63.000
YHR065C	VIII	227532	229037	-	7	7.000
YHR066W	VIII	229335	230696	+	5	5.000
YHR067W	VIII	230970	231812	+	11	11.000
YHR068W	VIII	232133	233296	+	19	19.000
YHR069C	VIII	233579	234658	-	15	15.000
YHR069C-A	VIII	234874	235236	-	1	1.000
YHR070W	VIII	234881	236380	+	6	6.000
YHR070C-A	VIII	236102	236512	-	1	1.000
YHR071W	VIII	237004	237693	+	35	35.000
tF(GAA)H1	VIII	237848	237939	-	0	0.000
YHR071C-A	VIII	238910	239230	-	0	0.000
YHR072W	VIII	239098	241293	+	36	36.000
YHR072W-A	VIII	241664	241840	+	43	43.000
YHR073W	VIII	242582	245572	+	21	22.000
YHR073W-A	VIII	242868	243044	+	0	0.000
YHR073C-B	VIII	245422	245502	-	0	0.000
YHR074W	VIII	246193	248337	+	71	71.000
YHR075C	VIII	248439	249641	-	11	11.000
YHR076W	VIII	251101	252225	+	26	26.000
YHR077C	VIII	252374	255756	-	26	26.000
YHR078W	VIII	256360	258018	+	22	22.000
YHR079C	VIII	258244	261591	-	24	24.000
YHR079C-A	VIII	262192	262553	-	0	0.000
YHR080C	VIII	262801	266838	-	11	11.000
YHR081W	VIII	267538	268092	+	10	10.000
YHR082C	VIII	268459	271548	-	42	42.000
YHR083W	VIII	272627	273616	+	8	8.000
YHR084W	VIII	274174	276240	+	13	13.000
YHR085W	VIII	276764	277768	+	4	4.000
YHR086W	VIII	278153	279724	+	28	28.000
YHR086W-A	VIII	280231	280392	+	2	2.000
YHR087W	VIII	280820	281155	+	74	74.000
YHR088W	VIII	281495	282382	+	12	12.000
YHR089C	VIII	282681	283298	-	51	51.000
YHR090C	VIII	283777	284625	-	6	6.000
YHR091C	VIII	284839	286770	-	13	13.000
YHR092C	VIII	287081	288811	-	227	227.000
YHR093W	VIII	289142	289690	+	0	0.000
YHR094C	VIII	290913	292625	-	6	6.000
YHR095W	VIII	292943	293437	+	1	1.000
YHR096C	VIII	294669	296447	-	477	477.000
YHR097C	VIII	297385	298609	-	30	30.000
YHR098C	VIII	299145	301934	-	38	38.000
YHR099W	VIII	302761	313995	+	6	6.000
YHR100C	VIII	314116	314673	-	9	9.529
YHR101C	VIII	314874	315968	-	8	8.471
YHR102W	VIII	316572	319814	+	13	13.000
YHR103W	VIII	320414	322972	+	12	12.000
YHR104W	VIII	323409	324392	+	106	106.000
YHR105W	VIII	324766	325410	+	4	4.000
YHR106W	VIII	325598	326626	+	62	62.000
YHR107C	VIII	326813	328036	-	32	32.000
YHR108W	VIII	328303	330060	+	41	41.000
YHR109W	VIII	330310	332067	+	13	13.000
YHR110W	VIII	332282	332920	+	40	40.000
YHR111W	VIII	333072	334394	+	9	9.000
YHR112C	VIII	334527	335663	-	32	32.000
YHR113W	VIII	336337	337809	+	54	54.000
YHR114W	VIII	338083	339984	+	16	16.000
YHR115C	VIII	340109	341359	-	26	26.000
YHR116W	VIII	341665	342120	+	8	8.571
YHR117W	VIII	342349	344268	+	34	36.429
YHR118C	VIII	344321	345628	-	3	3.000
YHR119W	VIII	346043	349285	+	10	10.000
YHR120W	VIII	349574	352453	+	4	4.000
YHR121W	VIII	352756	353319	+	14	14.000
YHR122W	VIII	353625	354320	+	15	15.000
YHR123W	VIII	354815	356081	+	20	20.000
YHR124W	VIII	356561	358444	+	11	11.000
tF(GAA)H2	VIII	358478	358569	-	0	0.000
YHR125W	VIII	358858	359163	+	1	1.000
YHR126C	VIII	359702	360181	-	0	0.000
YHR127W	VIII	360913	361644	+	10	10.000
YHR128W	VIII	362115	362765	+	14	14.000
YHR129C	VIII	362999	364153	-	8	8.000
YHR130C	VIII	364965	365300	-	2	2.000
YHR131C	VIII	365340	367892	-	8	8.000
YHR131W-A	VIII	367747	367992	+	1	1.000
YHR132C	VIII	368502	369794	-	68	68.000
YHR132W-A	VIII	370054	370449	+	62	62.000
YHR133C	VIII	370722	371597	-	21	21.000
YHR134W	VIII	371749	372558	+	2	2.000
YHR135C	VIII	372694	374310	-	38	38.000
YHR136C	VIII	374654	375100	-	2	2.000
YHR137W	VIII	375709	377250	+	132	132.000
YHR137C-A	VIII	375738	376388	-	0	0.000
YHR138C	VIII	377355	377699	-	52	52.000
YHR139C	VIII	378219	379199	-	12	12.000
YHR139C-A	VIII	380108	380419	-	2	2.000
YHR140W	VIII	380572	381291	+	4	4.000
snR32	VIII	381540	381727	+	0	0.000
YHR141C	VIII	381990	382751	-	183	183.000
YHR142W	VIII	383538	384488	+	68	68.000
YHR143W	VIII	385510	386487	+	153	153.000
YHR143W-A	VIII	387233	387445	+	21	21.000
YHR144C	VIII	387788	388726	-	2	2.000
tP(UGG)H	VIII	388893	388995	-	0	0.000
YHR145C	VIII	388981	389337	-	7	7.000
YHR146W	VIII	390300	391697	+	29	29.000
YHR147C	VIII	392639	393283	-	26	26.000
YHR148W	VIII	393534	394085	+	4	4.000
YHR149C	VIII	394455	396659	-	11	11.000
YHR150W	VIII	397251	398990	+	25	25.000
YHR151C	VIII	399268	400848	-	16	16.000
YHR152W	VIII	401434	401955	+	10	10.000
YHR153C	VIII	402086	402682	-	3	3.000
YHR154W	VIII	402966	406178	+	16	16.000
YHR155W	VIII	407103	410789	+	14	14.000
snR71	VIII	411228	411317	+	1	1.000
YHR156C	VIII	411384	412406	-	4	4.000
YHR157W	VIII	412907	413455	+	0	0.000
YHR158C	VIII	413685	417179	-	11	11.000
YHR159W	VIII	417549	419063	+	10	10.000
YHR160C	VIII	419221	420072	-	10	10.000
YHR161C	VIII	420373	422286	-	34	34.000
YHR162W	VIII	423072	423461	+	91	91.000
YHR163W	VIII	423724	424473	+	88	88.727
YHR164C	VIII	424610	429178	-	10	10.000
YHR165C	VIII	429707	436948	-	13	13.000
YHR165W-A	VIII	436647	436958	+	0	0.000
YHR166C	VIII	437170	439050	-	5	5.000
YHR167W	VIII	439342	440127	+	1	1.000
YHR168W	VIII	440377	441933	+	9	9.000
YHR169W	VIII	442181	443476	+	12	12.000
YHR170W	VIII	443828	445384	+	17	17.000
YHR171W	VIII	445713	447605	+	11	11.000
YHR172W	VIII	448335	450806	+	7	7.000
YHR173C	VIII	450815	451153	-	0	0.000
YHR174W	VIII	451327	452640	+	1193	1193.957
YHR175W	VIII	452872	453441	+	51	60.808
YHR175W-A	VIII	453558	453707	+	1	1.192
YHR176W	VIII	454229	455527	+	15	15.000
YHR177W	VIII	456591	457952	+	2	2.000
YHR178W	VIII	459299	461530	+	6	6.000
YHR179W	VIII	462502	463704	+	45	45.000
YHR180W	VIII	465178	465669	+	9	9.000
YHR180W-A	VIII	466932	467114	+	0	0.000
YHR180C-B	VIII	466958	467062	-	0	0.000
tT(UGU)H	VIII	466990	467061	+	0	0.000
YHR181W	VIII	467228	467914	+	25	25.000
YHR182W	VIII	468219	470576	+	13	13.000
YHR182C-A	VIII	470939	471412	-	0	0.000
YHR183W	VIII	470960	472429	+	489	489.223
YHR184W	VIII	472744	474459	+	6	6.000
YHR185C	VIII	474627	475340	-	1	1.000
tV(CAC)H	VIII	475706	475778	-	0	0.000
YHR186C	VIII	475999	480672	-	16	16.000
YHR187W	VIII	480990	481919	+	16	16.000
YHR188C	VIII	482005	483837	-	40	40.000
YHR189W	VIII	484028	484600	+	8	8.000
YHR190W	VIII	484845	486179	+	165	165.965
YHR191C	VIII	486230	486631	-	6	6.035
YHR192W	VIII	486826	487662	+	16	16.000
YHR193C	VIII	487712	488236	-	78	78.000
YHR193C-A	VIII	488653	489027	-	0	0.000
YHR194W	VIII	488657	490396	+	11	11.000
YHR195W	VIII	490747	491712	+	18	18.000
YHR196W	VIII	491931	493658	+	4	4.000
YHR197W	VIII	493896	496187	+	5	5.000
YHR198C	VIII	496315	497280	-	47	47.000
YHR199C	VIII	497490	498422	-	33	33.892
YHR199C-A	VIII	498571	498859	-	4	4.108
YHR200W	VIII	499079	499885	+	56	56.000
YHR201C	VIII	499950	501143	-	10	10.000
YHR202W	VIII	502388	504196	+	16	16.000
YHR203C	VIII	504476	505530	-	239	239.000
YHR204W	VIII	506319	508709	+	16	16.000
YHR205W	VIII	509363	511837	+	67	67.000
YHR206W	VIII	512732	514600	+	22	22.000
YHR207C	VIII	514905	516485	-	15	15.000
YHR208W	VIII	517532	518713	+	78	78.000
YHR209W	VIII	519437	520312	+	44	44.000
YHR210C	VIII	520712	521737	-	3	3.000
YHR211W	VIII	525392	528619	+	28	28.000
YHR212C	VIII	537759	538094	-	0	1.000
YHR212W-A	VIII	538742	538945	+	0	1.000
YHR213W	VIII	539151	539747	+	0	0.000
YHR213W-A	VIII	540549	540782	+	3	3.000
YHR213W-B	VIII	540800	541099	+	0	0.000
YHR214W	VIII	541651	542262	+	0	0.000
YHR214W-A	VIII	543008	543493	+	3	8.250
YHR214C-B	VIII	543964	549346	-	3	3.843
YHR214C-C	VIII	547910	549346	-	0	0.000
YHR214C-D	VIII	550648	550941	-	0	0.500
YHR214C-E	VIII	551200	551499	-	2	2.000
YHR215W	VIII	552099	553502	+	7	15.556
YHR216W	VIII	554396	555967	+	19	19.380
YHR217C	VIII	556581	557042	-	0	0.000
YHR218W	VIII	558014	559924	+	2	2.076
YHR218W-A	VIII	559932	560249	+	0	0.000
YHR219W	VIII	560173	562047	+	3	3.220
YHR219C-A	VIII	561199	561681	-	2	5.159
YJL225C	X	466	6130	-	6	55.960
YJL225W-A	X	829	1311	+	0	0.000
YJL223C	X	8776	9138	-	0	0.000
YJL222W-B	X	9346	9483	+	0	0.000
YJL222W-A	X	9452	9679	+	0	0.000
YJL222W	X	11475	16124	+	2	16.000
YJL221C	X	16767	18536	-	0	8.923
YJL220W	X	18243	18695	+	0	0.000
YJL219W	X	19497	21200	+	7	8.315
YJL218W	X	21973	22563	+	8	8.000
YJL217W	X	23133	23729	+	121	121.000
YJL216C	X	24341	26086	-	49	49.000
YJL215C	X	26412	26771	-	0	0.000
YJL214W	X	26887	28596	+	10	10.000
YJL213W	X	32163	33158	+	2	2.000
YJL212C	X	33850	36249	-	11	11.000
YJL211C	X	36757	37200	-	6	6.000
YJL210W	X	36919	37734	+	102	102.000
YJL209W	X	38005	39969	+	14	14.000
YJL208C	X	40194	41183	-	8	8.000
YJL207C	X	41389	47433	-	9	9.000
YJL206C	X	47659	49935	-	8	8.000
YJL205C	X	50139	50443	-	12	12.000
YJL204C	X	50629	53151	-	7	7.000
YJL203W	X	53341	54183	+	6	6.000
YJL202C	X	53943	54290	-	0	0.000
YJL201W	X	54379	56178	+	18	18.000
YJL200C	X	56444	58813	-	18	18.000
tT(AGU)J	X	59100	59172	-	0	0.000
YJL199C	X	59856	60182	-	12	12.000
YJL198W	X	60844	63489	+	18	18.000
YJL197W	X	63805	67569	+	13	13.000
YJL197C-A	X	65805	66086	-	0	0.000
YJL196C	X	67850	68782	-	56	56.000
YJL195C	X	69241	69942	-	0	0.000
YJL194W	X	69338	70879	+	1	1.000
YJL193W	X	71366	72574	+	5	5.000
YJL192C	X	72710	73414	-	16	16.000
YJL191W	X	73787	74611	+	162	162.000
YJL190C	X	74910	75302	-	118	118.000
YJL189W	X	75933	76474	+	139	139.986
YJL188C	X	76202	76510	-	2	2.014
YJL187C	X	76803	79262	-	13	13.000
YJL186W	X	80155	81915	+	38	38.000
YJL185C	X	82095	82976	-	49	49.000
YJL184W	X	83448	83819	+	16	16.000
YJL183W	X	84068	85336	+	25	25.000
YJL182C	X	85435	85752	-	0	0.000
YJL181W	X	85660	87495	+	9	9.000
YJL180C	X	87583	88560	-	14	14.000
YJL179W	X	88787	89116	+	7	7.000
YJL178C	X	89282	90097	-	41	41.000
YJL177W	X	90786	91657	+	102	102.028
YJL176C	X	92053	94530	-	19	19.000
YJL175W	X	94049	94561	+	0	0.000
YJL174W	X	95092	95922	+	84	84.000
YJL173C	X	96161	96529	-	26	26.000
YJL172W	X	97737	99467	+	35	35.000
YJL171C	X	99704	100894	-	56	56.000
YJL170C	X	101150	101779	-	11	11.000
YJL169W	X	102099	102467	+	2	2.000
YJL168C	X	102227	104428	-	8	8.000
YJL167W	X	105014	106072	+	141	141.000
YJL166W	X	106434	106718	+	313	313.796
YJL165C	X	106894	109461	-	16	16.000
YJL164C	X	109966	111159	-	13	13.000
YJL163C	X	111666	113333	-	40	40.000
YJL162C	X	113878	115629	-	2	2.000
tE(UUC)J	X	115939	116010	-	0	0.000
YJL161W	X	117245	117787	+	20	20.000
YJL160C	X	117962	118825	-	1	1.000
YJL159W	X	120449	121690	+	2009	2009.998
YJL158C	X	122265	122948	-	208	208.000
YJL157C	X	123836	126328	-	12	12.000
YJL156W-A	X	126604	126825	+	6	6.000
YJL156C	X	126853	128952	-	13	13.000
YJL155C	X	129285	130643	-	28	28.000
YJL154C	X	131101	133935	-	15	15.000
YJL153C	X	134332	135933	-	120	120.000
YJL152W	X	136174	136533	+	4	4.039
YJL151C	X	136372	136773	-	128	128.000
YJL150W	X	137123	137425	+	0	0.000
YJL149W	X	137379	139370	+	34	35.000
snR128	X	139566	139691	-	2	2.000
snR190	X	139761	139950	-	0	0.000
YJL148W	X	140437	141138	+	14	14.000
YJL147C	X	141419	142567	-	4	4.000
YJL146W	X	143292	144701	+	24	24.000
YJL145W	X	145160	146044	+	4	4.000
YJL144W	X	146359	146673	+	31	31.000
YJL143W	X	147101	147577	+	111	111.000
YJL142C	X	147819	148211	-	5	7.500
YJL141C	X	147967	150390	-	31	46.500
YJL140W	X	150961	151626	+	37	37.000
YJL139C	X	151713	152999	-	15	15.000
YJL138C	X	153504	154691	-	212	212.754
YJL137C	X	154985	156127	-	22	22.000
YJL136W-A	X	156169	156252	+	0	0.000
YJL136C	X	156550	157273	-	123	123.000
YJL135W	X	157877	158194	+	0	0.000
YJL134W	X	158188	159417	+	29	29.000
YJL133C-A	X	159623	159847	-	1270	1271.400
YJL133W	X	160619	161563	+	21	21.000
YJL132W	X	161914	164166	+	17	17.000
YJL131C	X	164278	165348	-	5	5.000
YJL130C	X	165723	172367	-	285	285.000
YJL129C	X	173599	177306	-	12	12.000
YJL128C	X	178097	180103	-	12	12.000
YJL127W-A	X	180194	180310	+	0	0.000
YJL127C-B	X	181551	181709	-	16	16.000
YJL127C	X	182298	184220	-	12	12.000
YJL126W	X	184501	185424	+	8	8.000
YJL125C	X	185528	186679	-	7	7.000
YJL124C	X	187126	187644	-	19	19.000
YJL123C	X	188004	189440	-	32	32.000
YJL122W	X	189716	190243	+	8	8.000
YJL121C	X	190374	191090	-	93	93.000
YJL120W	X	191022	191345	+	2	2.000
YJL119C	X	191572	191895	-	5	5.000
YJL118W	X	191639	192298	+	8	8.000
YJL117W	X	192531	193466	+	39	39.000
YJL116C	X	193860	194873	-	66	66.000
YJL115W	X	196287	197126	+	14	14.000
tA(AGC)J	X	197313	197385	-	0	0.000
YJL114W	X	197915	198595	+	0	0.000
YJL113W	X	198678	203325	+	0	0.000
tD(GUC)J1	X	204735	204806	+	0	0.000
YJL112W	X	205305	207449	+	15	15.000
YJL111W	X	207877	209529	+	59	59.000
YJL110C	X	209922	211577	-	13	13.000
YJL109C	X	212000	217309	-	27	27.000
YJL108C	X	217705	218856	-	1	1.000
YJL107C	X	218853	220016	-	6	6.000
YJL106W	X	221390	223327	+	5	5.000
YJL105W	X	225055	226737	+	8	8.000
YJL104W	X	227327	227776	+	10	10.000
snR37	X	228094	228479	-	1	1.000
YJL103C	X	229025	230881	-	31	31.000
YJL102W	X	231301	233760	+	16	16.000
tR(ACG)J	X	233939	234011	+	0	0.000
YJL101C	X	234320	236356	-	50	50.055
YJL100W	X	237263	239086	+	19	19.000
YJL099W	X	239414	241654	+	13	13.000
YJL098W	X	242082	245258	+	14	14.000
YJL097W	X	245591	246244	+	77	77.000
YJL096W	X	246490	246975	+	16	16.000
YJL095W	X	247255	251691	+	5	5.000
YJL094C	X	251821	254442	-	38	38.000
YJL093C	X	254737	256812	-	32	32.000
YJL092W	X	257423	260947	+	22	22.000
YJL091C	X	261080	262552	-	33	33.000
YJL090C	X	262757	265051	-	6	6.000
YJL089W	X	265926	268415	+	65	65.000
YJL088W	X	268799	269815	+	145	145.000
YJL087C	X	270002	272485	-	4	4.000
YJL086C	X	272478	272846	-	0	0.000
YJL085W	X	272827	274698	+	13	13.000
YJL084C	X	274862	278002	-	25	25.000
YJL083W	X	278841	280655	+	8	8.000
YJL082W	X	281185	283380	+	48	48.000
YJL081C	X	283802	285271	-	30	30.000
YJL080C	X	285558	289226	-	59	59.000
YJL079C	X	289875	290774	-	167	167.000
YJL078C	X	291336	293981	-	67	67.000
YJL077W-B	X	294047	294145	+	2	2.000
YJL077C	X	294666	295061	-	4	4.000
YJL077W-A	X	294799	294885	+	7	7.000
YJL076W	X	295245	298814	+	18	18.000
YJL075C	X	298460	298876	-	4	4.000
YJL074C	X	299157	302849	-	8	8.000
YJL073W	X	303181	305118	+	15	15.026
YJL072C	X	305221	305862	-	8	8.000
YJL071W	X	306132	307856	+	19	19.000
YJL070C	X	307971	310637	-	7	7.000
YJL069C	X	310922	312706	-	12	12.000
YJL068C	X	313016	313915	-	54	54.403
YJL067W	X	314084	314434	+	2	2.000
YJL066C	X	314114	314872	-	80	80.597
YJL065C	X	315054	315557	-	11	11.000
YJL064W	X	315175	315570	+	0	0.000
YJL063C	X	315759	316475	-	23	23.000
YJL062W-A	X	316723	316980	+	72	72.000
YJL062W	X	317284	319776	+	33	33.000
YJL061W	X	320016	322157	+	10	10.000
YJL060W	X	323386	324720	+	67	67.000
YJL059W	X	324964	326190	+	23	23.000
YJL058C	X	326242	327873	-	3	3.000
YJL057C	X	328118	330121	-	32	32.000
YJL056C	X	330431	333073	-	10	10.000
YJL055W	X	333357	334094	+	57	57.000
YJL054W	X	334265	335701	+	16	16.000
YJL053W	X	335898	337037	+	24	24.000
YJL052C-A	X	337884	338003	-	0	0.000
YJL052W	X	338271	339269	+	281	281.000
YJL051W	X	339787	342255	+	12	12.000
YJL050W	X	342522	345743	+	4	4.000
YJL049W	X	345973	347325	+	4	4.000
YJL048C	X	347447	348637	-	154	154.000
YJL047C-A	X	349044	349178	-	0	0.000
snR60	X	349130	349233	-	0	0.000
YJL047C	X	349580	352108	-	9	9.000
YJL046W	X	352386	353615	+	5	5.000
tY(GUA)J1	X	354244	354332	+	0	0.000
tR(UCU)J1	X	355374	355445	+	0	0.000
tD(GUC)J2	X	355456	355527	+	1	1.000
YJL045W	X	356024	357928	+	61	61.000
YJL044C	X	358300	359676	-	21	21.000
YJL043W	X	360130	360903	+	2	2.000
YJL042W	X	361249	365445	+	39	39.000
YJL041W	X	365903	368373	+	33	33.000
YJL039C	X	368748	373799	-	25	25.000
tD(GUC)J3	X	374424	374495	-	0	0.000
tR(UCU)J2	X	374506	374577	-	0	0.000
YJL038C	X	375115	375774	-	4	4.000
YJL037W	X	376662	377336	+	12	12.000
tV(AAC)J	X	378360	378433	+	0	0.000
YJL036W	X	378825	380096	+	22	22.000
YJL035C	X	380249	381001	-	6	6.000
YJL034W	X	381327	383375	+	212	212.000
YJL033W	X	383837	386149	+	7	7.000
YJL032W	X	386348	386662	+	0	0.000
YJL031C	X	386368	387438	-	9	9.000
YJL030W	X	387657	388247	+	13	13.000
YJL029C	X	388385	390853	-	11	11.000
tM(CAU)J1	X	391043	391115	-	0	0.000
YJL028W	X	391311	391646	+	0	0.000
YJL027C	X	391833	392249	-	3	3.000
YJL026W	X	392404	393603	+	152	152.000
YJL026C-A	X	393066	393287	-	0	0.000
YJL025W	X	393967	395511	+	0	0.000
YJL024C	X	395931	396592	-	7	7.000
tG(GCC)J1	X	396726	396796	-	0	0.000
YJL023C	X	397355	398398	-	10	10.000
YJL022W	X	398109	398417	+	0	0.000
YJL020C	X	398937	402410	-	43	43.000
YJL020W-A	X	400981	401238	+	0	0.000
YJL019W	X	402897	404945	+	11	11.000
YJL016W	X	405588	407273	+	36	36.000
YJL015C	X	407142	407426	-	0	0.000
YJL014W	X	407558	409162	+	57	57.000
YJL013C	X	409493	411040	-	16	16.327
YJL012C	X	411234	413399	-	33	33.673
YJL011C	X	414285	414770	-	5	5.000
tK(CUU)J	X	414966	415038	+	0	0.000
tW(CCA)J	X	415931	416036	-	0	0.000
YJL010C	X	417562	419562	-	11	11.000
YJL009W	X	419855	420181	+	2	2.000
YJL008C	X	419957	421663	-	59	59.000
YJL007C	X	422698	423012	-	0	0.000
tM(CAU)J2	X	422937	423009	+	0	0.000
YJL006C	X	423138	424109	-	4	4.000
tL(UAA)J	X	424432	424515	-	0	0.000
YJL005W	X	425157	431237	+	21	21.000
YJL004C	X	431589	432200	-	37	37.000
YJL003W	X	432644	433000	+	13	13.000
YJL002C	X	433221	434651	-	54	54.000
YJL001W	X	435163	435926	+	123	123.000
YJR001W	X	436802	438610	+	74	74.000
YJR002W	X	438865	440646	+	13	13.000
YJR003C	X	440994	442553	-	9	9.000
YJR004C	X	442909	444861	-	27	27.000
YJR005W	X	445923	448025	+	23	23.000
YJR005C-A	X	448477	448758	-	1	1.000
YJR006W	X	449202	450665	+	14	14.000
YJR007W	X	451020	451934	+	46	46.000
YJR008W	X	452430	453446	+	145	145.000
YJR009C	X	453683	454681	-	398	399.284
YJR010W	X	456239	457774	+	73	73.000
YJR010C-A	X	458077	458361	-	10	10.000
YJR011C	X	458641	459426	-	7	7.000
YJR012C	X	459795	460418	-	4	4.000
YJR013W	X	460382	461593	+	17	17.000
YJR014W	X	461829	462425	+	25	25.000
YJR015W	X	462721	464253	+	42	42.000
YJR016C	X	464451	466208	-	133	133.000
YJR017C	X	466521	467033	-	35	35.000
YJR018W	X	466786	467148	+	0	0.000
YJR019C	X	467232	468281	-	147	147.000
YJR020W	X	468001	468333	+	0	0.000
YJR021C	X	468555	469579	-	28	28.000
YJR022W	X	469784	470113	+	2	2.000
YJR023C	X	469804	470205	-	0	0.000
YJR024C	X	470230	470964	-	40	41.000
YJR025C	X	471138	471671	-	50	50.000
YJR026W	X	472760	474082	+	0	0.000
YJR027W	X	472760	478028	+	4	16.242
YJR028W	X	478344	479666	+	0	0.000
YJR029W	X	478344	483612	+	0	0.000
YJR030C	X	483959	486196	-	10	10.000
YJR031C	X	486586	490812	-	14	14.000
YJR032W	X	491081	492262	+	8	8.000
YJR033C	X	492378	496451	-	13	13.000
YJR034W	X	496683	497009	+	18	18.000
YJR035W	X	497355	500612	+	11	11.000
YJR036C	X	500713	503391	-	2	2.000
YJR037W	X	503102	503485	+	0	0.000
YJR038C	X	503710	504072	-	0	0.000
YJR039W	X	503936	507301	+	16	16.000
YJR040W	X	507746	510085	+	10	10.000
YJR041C	X	510239	513763	-	1	1.000
YJR042W	X	514055	516289	+	16	16.000
YJR043C	X	516461	517513	-	2	2.000
tM(CAU)J3	X	517813	517884	-	0	0.000
YJR044C	X	518763	519185	-	59	59.006
YJR045C	X	519638	521602	-	583	585.088
YJR046W	X	522048	523862	+	16	16.000
tS(AGA)J	X	524012	524093	-	2	2.000
YJR047C	X	524908	525381	-	4	4.000
YJR048W	X	526335	526664	+	239	239.000
YJR049C	X	526884	528476	-	18	18.000
YJR050W	X	528697	529404	+	8	8.000
YJR051W	X	529861	531366	+	29	29.000
tG(GCC)J2	X	531828	531898	+	0	0.000
YJR052W	X	532062	533759	+	9	9.000
YJR053W	X	534027	535751	+	6	6.000
YJR054W	X	536056	537549	+	11	11.000
tR(CCU)J	X	538555	538626	+	0	0.000
YJR055W	X	538772	539266	+	2	2.000
tD(GUC)J4	X	541508	541579	+	1	1.000
YJR056C	X	541792	542502	-	6	6.000
tY(GUA)J2	X	542956	543044	-	1	1.000
YJR057W	X	544062	544712	+	7	7.000
YJR058C	X	544732	545175	-	24	24.000
YJR059W	X	545787	548243	+	30	30.000
YJR060W	X	548759	549814	+	2	2.000
YJR061W	X	550511	553318	+	67	67.000
YJR062C	X	553476	554849	-	10	10.000
YJR063W	X	555195	555572	+	6	6.000
YJR064W	X	555914	557602	+	59	59.000
YJR065C	X	557809	559158	-	107	107.000
YJR066W	X	559416	566828	+	22	22.000
YJR067C	X	567019	567444	-	3	3.000
YJR068W	X	567643	568704	+	8	8.000
YJR069C	X	568806	569399	-	10	10.000
YJR070C	X	569621	570598	-	15	15.000
YJR071W	X	570405	570773	+	0	0.000
YJR072C	X	570967	572124	-	25	25.000
YJR073C	X	572315	572935	-	162	162.000
YJR074W	X	573095	573751	+	26	26.000
YJR075W	X	573981	575171	+	26	26.000
YJR076C	X	575354	576601	-	34	34.000
YJR077C	X	577255	578190	-	464	464.000
YJR078W	X	578860	580221	+	20	22.857
YJR079W	X	580205	581239	+	1	1.143
YJR080C	X	580432	581616	-	24	24.000
YJR082C	X	581914	582255	-	20	20.000
YJR083C	X	582608	583537	-	9	9.000
YJR084W	X	583733	585004	+	8	8.000
YJR085C	X	585120	585437	-	168	168.000
YJR086W	X	586068	586400	+	22	22.917
YJR087W	X	586400	586750	+	2	2.083
YJR088C	X	586495	587373	-	10	10.000
YJR089W	X	587718	590582	+	13	13.000
YJR090C	X	590872	594327	-	19	19.000
YJR091C	X	595061	598336	-	33	33.000
YJR092W	X	598735	603078	+	18	18.000
YJR093C	X	603220	604203	-	8	8.000
YJR094C	X	604569	605651	-	15	15.000
IRT1	X	605936	607424	-	56	56.000
YJR094W-A	X	608305	608858	+	187	187.000
YJR095W	X	609773	610741	+	61	61.000
YJR096W	X	611195	612043	+	39	39.000
YJR097W	X	612413	612931	+	4	4.000
YJR098C	X	613186	615156	-	6	6.000
YJR099W	X	615576	616286	+	20	20.000
YJR100C	X	616351	617334	-	8	8.000
tL(UAG)J	X	617919	618019	+	0	0.000
YJR101W	X	618234	619034	+	17	17.000
YJR102C	X	619157	619765	-	8	8.000
YJR103W	X	620754	622490	+	65	65.000
YJR104C	X	622550	623014	-	532	532.386
YJR105W	X	623581	624603	+	148	148.000
YJR106W	X	624838	627015	+	14	14.000
YJR107W	X	627340	628326	+	24	24.000
YJR108W	X	628712	629083	+	5	5.000
YJR109C	X	629585	632941	-	87	87.000
YJR110W	X	633615	635681	+	5	5.000
YJR111C	X	635855	636706	-	12	12.000
YJR112W	X	637030	637635	+	4	4.000
YJR112W-A	X	637790	638168	+	15	15.000
YJR113C	X	638232	638975	-	32	32.064
YJR114W	X	638659	639051	+	1	1.000
YJR115W	X	639942	640451	+	29	29.000
YJR116W	X	640825	641664	+	20	20.000
YJR117W	X	642007	643368	+	153	153.761
YJR118C	X	643490	644101	-	23	23.000
YJR119C	X	644304	646490	-	6	6.000
YJR120W	X	647126	647476	+	5	5.250
YJR121W	X	647607	649142	+	1073	1126.750
YJR122W	X	649776	651269	+	11	11.000
YJR123W	X	651901	652578	+	545	545.000
YJR124C	X	652892	654238	-	3	3.000
YJR125C	X	654737	655963	-	30	30.000
YJR126C	X	656254	658689	-	29	29.000
YJR127C	X	658917	663059	-	23	23.000
YJR128W	X	662921	663280	+	2	2.000
snR3	X	663749	663942	+	1	1.000
YJR129C	X	664000	665019	-	4	4.000
YJR130C	X	665218	667137	-	33	33.000
YJR131W	X	667644	669293	+	8	8.000
YJR132W	X	669522	672668	+	21	21.000
YJR133W	X	672991	673620	+	30	30.000
YJR134C	X	673729	675852	-	5	5.000
YJR135C	X	676059	676778	-	4	4.000
YJR135W-A	X	676971	677234	+	22	22.000
YJR136C	X	677441	678706	-	11	11.000
YJR137C	X	678957	683285	-	154	154.000
YJR138W	X	684567	689321	+	4	4.000
YJR139C	X	689445	690524	-	206	206.019
YJR140C	X	690750	695696	-	7	7.000
YJR140W-A	X	690961	691110	+	0	0.000
YJR141W	X	695906	696949	+	9	9.000
YJR142W	X	697141	698169	+	17	17.000
YJR143C	X	698326	700614	-	42	42.000
YJR144W	X	700882	701691	+	19	19.000
YJR145C	X	702027	703068	-	300	300.000
YJR146W	X	703885	704238	+	10	10.476
YJR147W	X	704196	705272	+	11	11.524
YJR148W	X	705744	706874	+	76	76.000
YJR149W	X	707160	708374	+	6	6.000
YJR150C	X	708811	709707	-	6	6.000
YJR151C	X	712255	715740	-	19	19.000
YJR151W-A	X	717580	717630	+	0	0.000
YJR152W	X	719666	721297	+	7	7.000
YJR153W	X	722815	723900	+	1	1.000
YJR154W	X	725784	726824	+	5	5.000
YJR155W	X	727405	728271	+	15	15.000
YJR156C	X	728574	729596	-	16	16.000
YJR157W	X	730515	730877	+	5	5.000
YJR158W	X	732440	734143	+	0	0.000
YJR159W	X	736044	737117	+	0	0.000
YJR160C	X	738008	739816	-	15	15.000
YJR161C	X	742848	743999	-	21	21.929
YJR162C	X	744911	745261	-	0	0.000
YKL225W	XI	451	798	+	0	0.000
YKL224C	XI	1810	2181	-	0	0.000
YKL223W	XI	2389	2721	+	0	0.000
YKL222C	XI	3503	5620	-	8	8.000
YKL221W	XI	6107	7528	+	2	2.000
YKL220C	XI	9091	11226	-	3	3.000
YKL219W	XI	14485	15708	+	15	15.000
YKL218C	XI	17359	18339	-	19	19.000
YKL217W	XI	22234	24084	+	3895	3899.572
YKL216W	XI	25215	26159	+	16	16.000
YKL215C	XI	26827	30687	-	19	19.000
YKL214C	XI	31082	31693	-	12	12.000
YKL213C	XI	31960	34107	-	34	34.000
YKL212W	XI	34543	36414	+	27	27.000
YKL211C	XI	36699	38153	-	17	17.000
snR64	XI	38811	38911	+	0	0.000
YKL210W	XI	39163	42237	+	155	155.000
YKL209C	XI	42423	46295	-	7	7.000
tT(CGU)K	XI	46735	46806	-	0	0.000
YKL208W	XI	47157	47972	+	8	8.000
YKL207W	XI	48194	48955	+	65	65.000
YKL206C	XI	49006	49809	-	15	15.000
YKL205W	XI	50051	53353	+	14	14.000
YKL204W	XI	53704	55602	+	24	24.000
YKL203C	XI	55935	63359	-	11	11.000
YKL202W	XI	63821	64402	+	24	24.235
YKL201C	XI	63930	67466	-	78	78.765
YKL198C	XI	68232	70220	-	46	46.000
YKL197C	XI	70734	73865	-	15	15.000
tN(GUU)K	XI	74624	74697	+	0	0.000
YKL196C	XI	74932	75534	-	54	54.000
YKL195W	XI	75821	77032	+	47	47.000
YKL194C	XI	77258	78646	-	5	5.000
YKL193C	XI	78866	79882	-	18	18.000
YKL192C	XI	80160	80537	-	160	160.000
YKL191W	XI	81035	82639	+	23	23.000
YKL190W	XI	82947	83550	+	41	41.000
tL(UAA)K	XI	84208	84291	+	0	0.000
YKL189W	XI	84704	85903	+	7	7.000
YKL188C	XI	86225	88786	-	32	32.000
YKL187C	XI	89284	91536	-	297	297.000
YKL186C	XI	92744	93298	-	57	57.000
YKL185W	XI	94499	96265	+	35	35.000
YKL184W	XI	96757	98157	+	29	29.000
YKL183C-A	XI	98395	98607	-	1	1.000
YKL183W	XI	98721	99641	+	16	16.000
YKL182W	XI	100671	106826	+	1048	1048.000
YKL181W	XI	107316	108599	+	63	63.000
YKL180W	XI	109269	110129	+	183	183.000
YKL179C	XI	110464	112503	-	10	10.000
YKL178C	XI	113215	114627	-	3	3.000
YKL177W	XI	114356	114694	+	0	0.000
YKL176C	XI	115500	117986	-	48	48.000
YKL175W	XI	118793	120304	+	74	74.000
YKL174C	XI	120380	122236	-	21	21.000
YKL173W	XI	122517	125543	+	10	10.000
YKL172W	XI	125759	127042	+	4	4.000
YKL171W	XI	127475	130261	+	34	34.000
YKL170W	XI	130634	131050	+	23	23.000
YKL169C	XI	130685	131068	-	1	1.000
YKL168C	XI	131288	133462	-	4	4.000
YKL167C	XI	133721	134134	-	12	12.000
YKL166C	XI	134509	135705	-	3	3.000
YKL165C-A	XI	135790	136023	-	0	0.000
YKL165C	XI	137932	140691	-	15	15.000
tE(UUC)K	XI	141018	141089	-	0	0.000
YKL164C	XI	141794	142819	-	199	199.000
YKL163W	XI	144401	145378	+	776	776.000
YKL162C-A	XI	145922	146074	-	7	7.000
YKL162C	XI	147630	148838	-	11	11.000
YKL161C	XI	149386	150687	-	17	17.000
YKL160W	XI	153269	153706	+	26	26.000
YKL159C	XI	153816	154451	-	8	8.000
YKL157W	XI	154991	158232	+	69	69.000
YKL156W	XI	158613	159212	+	59	59.000
YKL156C-A	XI	158975	159091	-	0	0.000
YKL155C	XI	159456	161342	-	9	9.000
YKL154W	XI	161601	162335	+	8	8.000
tR(UCU)K	XI	162487	162558	-	0	0.000
YKL153W	XI	163600	164109	+	22	22.038
YKL152C	XI	163642	164385	-	1148	1150.863
YKL151C	XI	164917	165930	-	41	41.000
YKL150W	XI	166544	167452	+	291	291.000
YKL149C	XI	167612	168829	-	28	28.000
YKL148C	XI	169207	171129	-	556	556.000
YKL147C	XI	171551	172168	-	1	1.000
YKL146W	XI	171783	173861	+	72	72.025
YKL145W	XI	174213	175616	+	84	90.000
YKL145W-A	XI	174958	175050	+	0	0.000
YKL144C	XI	175843	176481	-	7	7.000
YKL143W	XI	176781	178172	+	8	8.000
YKL142W	XI	178515	179174	+	63	63.000
YKL141W	XI	179667	180263	+	517	517.000
YKL140W	XI	180779	182425	+	27	27.000
YKL139W	XI	182958	184544	+	13	13.000
YKL138C-A	XI	184803	185012	-	7	7.000
YKL138C	XI	185286	185681	-	24	24.000
YKL137W	XI	185957	186292	+	12	13.000
YKL136W	XI	186416	186814	+	0	0.000
YKL135C	XI	186460	188640	-	32	32.000
YKL134C	XI	189124	191442	-	8	8.000
YKL133C	XI	191679	193070	-	7	7.000
YKL132C	XI	193574	194866	-	7	7.000
YKL131W	XI	194478	194999	+	0	0.000
YKL130C	XI	195288	196028	-	10	10.000
YKL129C	XI	196349	200167	-	6	6.000
YKL128C	XI	200884	201771	-	8	8.000
tK(CUU)K	XI	202999	203071	+	0	0.000
YKL127W	XI	203541	205253	+	32	32.000
YKL126W	XI	205707	207749	+	35	35.000
YKL125W	XI	208247	210130	+	7	7.000
YKL124W	XI	210593	212332	+	18	26.000
YKL123W	XI	212043	212423	+	0	0.000
YKL122C	XI	212495	212998	-	11	11.000
YKL121W	XI	214142	216700	+	19	19.000
YKL120W	XI	217344	218318	+	26	26.000
YKL119C	XI	218570	219217	-	5	5.000
YKL118W	XI	219126	219437	+	0	0.000
tA(AGC)K1	XI	219895	219967	+	0	0.000
YKL117W	XI	220324	220974	+	110	110.000
YKL116C	XI	221344	222900	-	14	15.000
YKL115C	XI	222893	223285	-	0	0.000
YKL114C	XI	223352	224455	-	17	17.000
YKL113C	XI	224727	225875	-	15	15.000
YKL112W	XI	226570	228765	+	17	17.000
YKL111C	XI	228464	228799	-	0	0.000
YKL110C	XI	228939	229880	-	9	10.000
YKL109W	XI	232227	233891	+	51	51.000
YKL108W	XI	234426	235787	+	5	5.000
YKL107W	XI	236141	237070	+	26	26.000
YKL106C-A	XI	237147	237266	-	1	1.000
YKL106W	XI	237536	238891	+	20	20.000
YKL105C	XI	239185	242583	-	11	11.000
YKL104C	XI	243220	245373	-	163	163.000
YKL103C	XI	246138	247682	-	27	27.000
YKL102C	XI	248062	248367	-	1	1.000
YKL101W	XI	248920	253476	+	21	21.000
YKL100C	XI	253697	255460	-	109	109.000
YKL100W-A	XI	254159	254248	+	0	0.000
YKL099C	XI	255720	256472	-	1	1.000
YKL098W	XI	256770	257843	+	5	5.000
YKL097C	XI	258503	258913	-	0	0.000
YKL096C-B	XI	259073	259222	-	0	0.000
YKL096W-A	XI	259253	259531	+	1926	1926.829
YKL096W	XI	261132	261851	+	33	33.000
YKL095W	XI	262277	263113	+	3	3.000
YKL094W	XI	263349	264290	+	84	84.000
YKL093W	XI	264789	265808	+	50	50.307
YKL092C	XI	266145	269459	-	6	6.000
YKL091C	XI	269718	270650	-	24	24.000
YKL090W	XI	271878	273209	+	10	10.000
YKL089W	XI	273394	275043	+	1	1.000
YKL088W	XI	275283	276998	+	7	7.000
YKL087C	XI	277189	277863	-	35	35.000
YKL086W	XI	278281	278664	+	1	1.000
YKL085W	XI	279123	280127	+	162	162.000
YKL084W	XI	280509	280859	+	13	13.000
YKL083W	XI	280921	281535	+	0	0.000
YKL082C	XI	281025	282329	-	12	12.000
YKL081W	XI	282891	284455	+	127	127.000
snR38	XI	283185	283279	+	0	0.000
YKL080W	XI	285030	286208	+	64	64.000
YKL079W	XI	286603	288573	+	15	15.000
YKL078W	XI	288845	291052	+	1	1.000
YKL077W	XI	291453	292631	+	46	46.000
YKL076C	XI	292838	293221	-	0	0.000
YKL075C	XI	292956	294308	-	5	6.000
YKL074C	XI	294610	296193	-	6	6.000
YKL073W	XI	296430	299075	+	9	9.000
YKL072W	XI	299582	301882	+	7	7.000
tW(CCA)K	XI	302918	303023	+	0	0.000
YKL071W	XI	305114	305884	+	10	10.000
YKL070W	XI	306211	306720	+	10	10.000
YKL069W	XI	307285	307827	+	16	16.000
tV(AAC)K1	XI	308144	308217	-	0	0.000
YKL068W-A	XI	309206	309442	+	27	27.000
YKL068W	XI	310199	313078	+	20	20.000
tH(GUG)K	XI	313401	313472	-	0	0.000
YKL067W	XI	314812	315273	+	88	97.960
YKL066W	XI	315281	315724	+	17	20.068
YKL065W-A	XI	315954	316175	+	18	18.972
YKL065C	XI	316437	317057	-	106	106.000
YKL064W	XI	317764	320673	+	54	54.000
YKL063C	XI	321015	321518	-	6	6.000
YKL062W	XI	323228	325120	+	21	21.000
YKL061W	XI	325771	326112	+	11	11.000
YKL060C	XI	326408	327487	-	2883	2883.773
YKL059C	XI	328118	329443	-	12	12.000
YKL058W	XI	330166	330534	+	58	58.000
YKL057C	XI	330856	333969	-	27	27.000
YKL056C	XI	334412	334915	-	272	272.000
YKL055C	XI	335321	336157	-	0	0.000
YKL054C	XI	336537	338753	-	42	42.000
YKL053C-A	XI	339182	339442	-	21	21.000
YKL053W	XI	339572	339946	+	1	1.000
YKL052C	XI	339668	340546	-	12	12.000
YKL051W	XI	341312	342373	+	21	21.000
YKL050C	XI	342852	345620	-	4	4.000
YKL049C	XI	346075	346764	-	16	16.000
YKL048C	XI	347214	349136	-	9	9.000
YKL047W	XI	349463	351013	+	11	11.000
YKL046C	XI	351275	352624	-	54	54.000
YKL045W	XI	353493	355079	+	12	12.000
YKL044W	XI	356322	356642	+	5	5.217
YKL043W	XI	356748	357848	+	64	66.783
YKL042W	XI	358475	359566	+	5	5.000
YKL041W	XI	360143	360817	+	14	14.000
YKL040C	XI	361058	361828	-	28	28.000
YKL039W	XI	362622	364193	+	88	88.000
snR69	XI	364776	364876	+	6	6.000
YKL038W	XI	365605	369117	+	29	29.000
YKL037W	XI	369365	369721	+	7	7.000
YKL036C	XI	369528	369920	-	1	1.000
YKL035W	XI	369891	371390	+	144	144.000
YKL034W	XI	371829	374105	+	35	35.000
YKL033W-A	XI	374505	375215	+	16	16.000
YKL033W	XI	375456	378572	+	18	18.000
tV(AAC)K2	XI	379680	379753	+	0	0.000
YKL032C	XI	380065	381858	-	39	39.000
YKL031W	XI	382072	382485	+	0	0.000
YKL030W	XI	382498	383103	+	0	0.000
YKL029C	XI	382716	384725	-	22	22.000
YKL028W	XI	385758	387206	+	11	11.000
YKL027W	XI	387562	388905	+	25	25.000
YKL026C	XI	389380	389883	-	30	30.000
YKL025C	XI	390240	392279	-	14	14.000
YKL024C	XI	392526	393140	-	13	13.765
YKL023C-A	XI	393146	393373	-	4	4.235
YKL023W	XI	393721	394554	+	16	16.000
YKL022C	XI	394726	397248	-	19	19.000
YKL021C	XI	397344	398750	-	8	8.000
YKL020C	XI	398832	402080	-	49	49.000
YKL019W	XI	402568	403518	+	22	22.000
YKL018C-A	XI	403580	403879	-	8	8.000
YKL018W	XI	404102	405091	+	3	3.000
YKL017C	XI	405190	407241	-	6	6.000
YKL016C	XI	407465	407989	-	218	218.000
YKL015W	XI	408544	411483	+	30	30.000
YKL014C	XI	411619	416913	-	7	7.000
YKL013C	XI	417508	418023	-	91	91.000
YKL012W	XI	418310	420061	+	12	12.000
YKL011C	XI	420155	421216	-	3	3.000
YKL010C	XI	421424	425875	-	25	25.000
YKL009W	XI	426242	426952	+	17	17.000
YKL008C	XI	427295	428551	-	28	28.000
YKL007W	XI	429302	430108	+	29	29.000
YKL006C-A	XI	430198	430632	-	10	10.000
snR87	XI	431030	431138	-	0	0.000
YKL006W	XI	431906	432720	+	190	190.000
YKL005C	XI	433093	434877	-	10	10.000
YKL004W	XI	435580	436785	+	72	72.000
YKL003C	XI	437097	437492	-	18	18.000
YKL002W	XI	437778	438544	+	31	31.000
YKL001C	XI	438777	439385	-	53	53.000
YKR001C	XI	440608	442722	-	81	81.000
YKR002W	XI	443232	444938	+	38	38.000
YKR003W	XI	445381	446727	+	25	25.000
YKR004C	XI	446799	448036	-	9	9.000
YKR005C	XI	448521	450167	-	3	3.000
YKR006C	XI	450423	451217	-	10	10.000
YKR007W	XI	451434	451988	+	22	22.000
YKR008W	XI	452201	454078	+	13	13.000
YKR009C	XI	454352	457054	-	334	334.000
tL(CAA)K	XI	458557	458670	+	0	0.000
YKR010C	XI	458924	461239	-	14	14.000
YKR011C	XI	461635	462696	-	13	13.000
YKR012C	XI	463739	464116	-	1	1.000
YKR013W	XI	463959	464948	+	145	145.000
YKR014C	XI	465367	466071	-	50	50.000
YKR015C	XI	466961	468667	-	8	8.000
YKR016W	XI	469717	471339	+	38	38.000
YKR017C	XI	471694	473349	-	34	34.000
YKR018C	XI	473723	475900	-	103	103.000
YKR019C	XI	476216	478063	-	7	7.000
YKR020W	XI	478338	478832	+	10	10.000
YKR021W	XI	479234	481981	+	22	22.000
YKR022C	XI	482171	483139	-	10	10.000
YKR023W	XI	483419	485011	+	4	4.000
YKR024C	XI	485144	487372	-	4	4.000
YKR025W	XI	487770	488618	+	11	11.000
YKR026C	XI	488738	489655	-	9	9.000
tR(ACG)K	XI	490968	491040	+	0	0.000
YKR027W	XI	491364	493661	+	16	16.000
YKR028W	XI	494257	497358	+	15	15.000
YKR029C	XI	497578	499833	-	8	8.000
YKR030W	XI	500282	501103	+	24	24.000
YKR031C	XI	501344	506395	-	10	10.000
YKR032W	XI	506517	506831	+	0	0.000
YKR033C	XI	506879	507304	-	0	0.000
YKR034W	XI	506898	507707	+	0	0.000
YKR035C	XI	507920	508561	-	1	1.000
YKR035W-A	XI	507939	508553	+	11	11.000
YKR036C	XI	508702	510633	-	4	4.000
YKR037C	XI	510910	511797	-	12	12.000
YKR038C	XI	511999	513159	-	36	36.000
tD(GUC)K	XI	513332	513403	-	0	0.000
YKR039W	XI	515063	516871	+	66	66.000
tA(AGC)K2	XI	517988	518060	+	0	0.000
YKR040C	XI	518063	518566	-	0	0.000
YKR041W	XI	518198	518950	+	3	3.000
YKR042W	XI	519527	520624	+	253	253.000
YKR043C	XI	520897	521712	-	27	27.000
YKR044W	XI	522015	523346	+	16	16.000
YKR045C	XI	523418	523969	-	10	10.000
YKR046C	XI	524223	525074	-	1261	1263.324
YKR047W	XI	525257	525562	+	3	3.000
YKR048C	XI	525387	526640	-	49	49.000
YKR049C	XI	526830	527231	-	34	34.016
YKR050W	XI	527815	530484	+	7	7.000
YKR051W	XI	530946	532202	+	13	13.000
YKR052C	XI	532550	533464	-	12	12.000
YKR053C	XI	534067	535281	-	4	4.000
YKR054C	XI	535647	547925	-	10	10.000
YKR055W	XI	548216	549091	+	5	5.000
YKR056W	XI	549448	551367	+	15	15.000
YKR057W	XI	551657	552242	+	130	130.000
YKR058W	XI	552770	554620	+	29	29.000
YKR059W	XI	554987	556174	+	150	150.000
YKR060W	XI	556518	557342	+	3	3.000
YKR061W	XI	557677	558954	+	10	10.000
snR42	XI	559016	559366	-	5	5.000
YKR062W	XI	559666	560652	+	8	8.000
YKR063C	XI	560789	562297	-	5	5.000
YKR064W	XI	562547	565138	+	8	8.000
YKR065C	XI	565299	565892	-	49	49.000
YKR066C	XI	566113	567198	-	94	94.000
YKR067W	XI	567918	570149	+	105	105.000
YKR068C	XI	570328	570909	-	47	47.000
YKR069W	XI	571612	573393	+	31	31.000
YKR070W	XI	573574	574632	+	23	23.000
YKR071C	XI	574934	575980	-	36	36.000
YKR072C	XI	576435	578123	-	16	16.000
YKR073C	XI	578187	578507	-	0	0.000
tK(UUU)K	XI	578965	579060	+	0	0.000
YKR074W	XI	579209	579676	+	15	15.000
YKR075C	XI	579827	580750	-	47	47.000
YKR075W-A	XI	580212	580481	+	0	0.000
YKR076W	XI	582283	583395	+	58	58.000
YKR077W	XI	583653	584744	+	19	19.000
YKR078W	XI	584952	586709	+	4	4.000
YKR079C	XI	586789	589305	-	16	16.000
YKR080W	XI	590395	591357	+	25	25.000
YKR081C	XI	591506	592540	-	6	6.000
YKR082W	XI	592825	596298	+	13	13.000
YKR083C	XI	596421	596822	-	5	5.000
YKR084C	XI	597055	598890	-	15	15.000
YKR085C	XI	599094	599681	-	5	5.000
YKR086W	XI	599857	603072	+	3	3.000
YKR087C	XI	603195	604232	-	28	28.000
YKR088C	XI	604405	605418	-	48	48.000
YKR089C	XI	605633	608365	-	25	25.000
YKR090W	XI	608946	611066	+	11	11.000
YKR091W	XI	611525	612265	+	36	36.000
YKR092C	XI	612665	613885	-	16	16.000
YKR093W	XI	615730	617535	+	20	20.000
YKR094C	XI	617996	618750	-	86	86.000
YKR095W	XI	619805	625432	+	21	21.000
YKR095W-A	XI	625864	626205	+	6	6.000
YKR096W	XI	626793	630380	+	32	32.000
YKR097W	XI	631152	632801	+	4	4.000
YKR098C	XI	633026	635179	-	1	1.000
YKR099W	XI	635851	638286	+	6	6.000
YKR100C	XI	638901	639968	-	28	28.000
YKR101W	XI	640540	642504	+	4	4.000
YKR102W	XI	646356	649865	+	15	15.000
YKR103W	XI	653080	656736	+	2	2.000
YKR104W	XI	656836	657756	+	4	4.000
YKR105C	XI	658716	660464	-	1	1.000
YKR106W	XI	661442	663289	+	2	2.000
YLL067C	XII	585	4301	-	46	89.022
YLL067W-A	XII	843	1325	+	0	0.000
YLL066W-B	XII	5605	5775	+	0	0.000
YLL066C	XII	6120	9836	-	6	19.087
YLL066W-A	XII	6486	6968	+	0	0.000
YLL065W	XII	11726	12076	+	0	0.000
YLL064C	XII	13083	13445	-	1	1.000
YLL063C	XII	14648	16072	-	0	0.000
YLL062C	XII	16639	17613	-	18	18.000
YLL061W	XII	17956	19707	+	234	234.000
YLL060C	XII	21138	21839	-	13	13.000
YLL059C	XII	22474	22980	-	2	2.000
YLL058W	XII	23569	25296	+	22	22.000
YLL057C	XII	25756	26994	-	15	15.000
YLL056C	XII	27409	28305	-	21	21.000
YLL055W	XII	30109	31704	+	52	52.000
YLL054C	XII	32673	35204	-	5	5.000
YLL053C	XII	35503	35961	-	132	139.831
YLL052C	XII	35912	36361	-	104	110.169
YLL051C	XII	37333	39471	-	39	39.000
YLL050C	XII	39804	40414	-	174	174.000
YLL049W	XII	40666	41205	+	17	17.000
YLL048C	XII	41280	46265	-	50	50.000
YLL047W	XII	46672	47055	+	0	0.000
YLL046C	XII	46714	47463	-	0	0.000
YLL045C	XII	47859	48629	-	201	201.000
YLL044W	XII	48216	48662	+	1	1.000
YLL043W	XII	49938	51947	+	34	34.000
YLL042C	XII	52087	52590	-	5	5.000
YLL041C	XII	53131	53931	-	585	585.000
YLL040C	XII	54211	63645	-	31	31.000
YLL039C	XII	64062	65207	-	358	358.000
YLL038C	XII	65775	66518	-	5	5.000
YLL037W	XII	66562	66942	+	0	0.000
YLL036C	XII	66745	68256	-	7	7.000
YLL035W	XII	68580	70478	+	5	5.000
YLL034C	XII	70633	73146	-	7	7.000
YLL033W	XII	73409	74101	+	6	6.000
YLL032C	XII	74270	76747	-	7	7.000
YLL031C	XII	77152	80205	-	32	32.000
YLL030C	XII	80356	80697	-	0	0.000
YLL029W	XII	81461	83710	+	51	51.000
YLL028W	XII	84804	86564	+	58	58.000
YLL027W	XII	87403	88155	+	52	52.000
YLL026W	XII	88623	91349	+	395	395.054
tP(UGG)L	XII	92548	92650	+	0	0.000
YLL025W	XII	94747	95121	+	2	2.000
YLL024C	XII	95566	97485	-	407	493.480
YLL023C	XII	97997	98836	-	113	113.000
YLL022C	XII	99044	100201	-	11	11.000
YLL021W	XII	100947	105347	+	19	19.000
YLL020C	XII	105556	105861	-	2	2.569
YLL019C	XII	105686	107899	-	107	137.431
YLL019W-A	XII	106908	107000	+	0	0.000
YLL018C-A	XII	108676	108972	-	3	3.000
YLL018C	XII	109902	111575	-	71	71.000
YLL017W	XII	112234	112545	+	8	8.000
YLL016W	XII	112847	115993	+	18	18.000
YLL015W	XII	116432	121111	+	51	51.000
YLL014W	XII	121322	121648	+	40	40.012
YLL013C	XII	122075	124714	-	12	12.000
YLL012W	XII	125534	127255	+	57	57.000
YLL011W	XII	127523	128992	+	3	3.000
YLL010C	XII	129330	130613	-	18	18.000
YLL009C	XII	131205	131414	-	19	19.003
YLL008W	XII	131729	133987	+	5	5.000
YLL007C	XII	134302	136299	-	7	7.000
YLL006W-A	XII	136345	136521	+	0	0.000
YLL006W	XII	136586	137866	+	5	5.000
YLL005C	XII	137940	140546	-	22	22.000
YLL004W	XII	141073	142923	+	7	7.000
YLL003W	XII	143201	146041	+	9	9.000
YLL002W	XII	146291	147601	+	5	5.000
YLL001W	XII	147890	150163	+	42	42.000
YLR001C	XII	151389	153977	-	40	40.000
YLR002C	XII	154343	156334	-	1	1.000
YLR003C	XII	156855	157730	-	8	8.000
YLR004C	XII	157934	159505	-	7	7.000
YLR005W	XII	160049	161434	+	27	27.000
YLR006C	XII	161755	163893	-	11	11.000
YLR007W	XII	164392	165402	+	22	22.000
YLR008C	XII	165577	166083	-	15	15.000
YLR009W	XII	166537	167136	+	13	13.000
YLR010C	XII	167320	167802	-	6	6.000
tS(AGA)L	XII	167944	168025	-	0	0.000
YLR011W	XII	169103	169678	+	5	5.000
YLR012C	XII	169982	170281	-	0	0.000
YLR013W	XII	171339	171764	+	0	0.000
YLR014C	XII	172268	174982	-	4	4.000
YLR015W	XII	175227	176744	+	10	10.000
YLR016C	XII	176802	177416	-	11	11.000
YLR017W	XII	177608	178621	+	36	36.000
YLR018C	XII	178707	179606	-	13	13.000
YLR019W	XII	180288	181481	+	26	26.000
YLR020C	XII	181789	183405	-	7	7.000
YLR021W	XII	183623	184162	+	7	7.000
YLR022C	XII	184174	184926	-	6	6.000
YLR023C	XII	185498	187129	-	50	50.000
YLR024C	XII	187663	193281	-	5	5.000
YLR025W	XII	194452	195174	+	19	19.000
YLR026C	XII	195450	196472	-	2	2.000
YLR027C	XII	196829	198085	-	140	140.104
snR30	XII	198784	199389	+	2	2.000
YLR028C	XII	199540	201315	-	85	85.000
YLR029C	XII	201976	202590	-	219	219.000
YLR030W	XII	203290	204081	+	3	3.000
YLR031W	XII	204225	204785	+	7	7.000
YLR032W	XII	204991	208500	+	5	5.000
YLR033W	XII	208761	210269	+	22	22.000
YLR034C	XII	210512	211933	-	85	85.000
YLR035C	XII	212369	214456	-	13	13.000
tA(UGC)L	XII	214883	214955	-	0	0.000
YLR035C-A	XII	215440	218907	-	0	0.000
YLR036C	XII	221521	222132	-	6	6.000
YLR037C	XII	222685	223059	-	5	5.000
YLR038C	XII	224921	225172	-	148	148.000
YLR039C	XII	225426	228596	-	17	17.000
YLR040C	XII	228908	229582	-	9	9.000
YLR041W	XII	229377	229697	+	3	3.000
YLR042C	XII	229966	230451	-	8	8.000
YLR043C	XII	231702	232013	-	156	156.000
YLR044C	XII	232390	234081	-	356	356.000
YLR045C	XII	235037	237703	-	16	16.000
YLR046C	XII	238001	238813	-	14	14.000
YLR047C	XII	239347	241407	-	16	16.000
YLR048W	XII	242232	243349	+	284	284.000
YLR049C	XII	243886	245172	-	20	20.000
YLR050C	XII	245587	246072	-	46	46.000
YLR051C	XII	246324	246977	-	2	2.000
YLR052W	XII	247201	247953	+	3	3.000
YLR053C	XII	248100	248426	-	8	8.000
YLR054C	XII	248717	250978	-	2	2.000
YLR055C	XII	251272	253080	-	7	7.000
YLR056W	XII	253861	254958	+	321	321.000
YLR057W	XII	255306	257855	+	13	13.000
YLR058C	XII	257992	259401	-	112	112.000
YLR059C	XII	259738	260547	-	22	22.000
YLR060W	XII	260979	262766	+	34	34.000
YLR061W	XII	263194	263948	+	100	100.000
YLR062C	XII	263577	263954	-	0	0.000
YLR063W	XII	264157	265254	+	4	4.000
YLR064W	XII	265456	266277	+	59	59.000
YLR065C	XII	266373	266918	-	21	21.000
YLR066W	XII	267169	267723	+	36	36.000
YLR067C	XII	267813	270710	-	4	4.000
YLR068W	XII	271008	271463	+	3	3.000
YLR069C	XII	271630	273915	-	36	36.000
YLR070C	XII	274141	275211	-	21	21.000
YLR071C	XII	275378	278626	-	13	13.000
YLR072W	XII	278862	280943	+	15	15.000
YLR073C	XII	281019	281621	-	11	11.000
YLR074C	XII	281956	282456	-	10	10.000
YLR075W	XII	282927	283592	+	632	632.995
YLR076C	XII	283185	283607	-	3	3.005
YLR077W	XII	283872	285623	+	13	13.000
YLR078C	XII	285736	286559	-	8	8.000
YLR079W	XII	286820	287674	+	16	16.000
YLR080W	XII	287916	289250	+	5	5.000
YLR081W	XII	290212	291936	+	5	5.000
YLR082C	XII	292394	293572	-	11	11.000
YLR083C	XII	294091	296094	-	36	36.000
YLR084C	XII	296589	300251	-	10	10.000
YLR085C	XII	300673	301989	-	10	10.000
YLR086W	XII	302243	306499	+	10	10.000
YLR087C	XII	306855	315731	-	14	14.000
YLR088W	XII	316107	317951	+	28	28.000
YLR089C	XII	318237	320015	-	126	126.000
YLR090W	XII	320701	322080	+	12	12.000
YLR091W	XII	322297	323178	+	13	13.000
YLR092W	XII	323544	326225	+	47	47.000
YLR093C	XII	326513	327415	-	52	52.000
YLR094C	XII	327730	329238	-	5	5.000
YLR095C	XII	329677	332115	-	11	11.000
YLR096W	XII	332590	336033	+	7	7.000
YLR097C	XII	336231	337265	-	20	20.000
YLR098C	XII	337527	339473	-	9	9.000
YLR099C	XII	339744	340928	-	29	29.000
YLR099W-A	XII	341325	341588	+	24	24.000
YLR100W	XII	341810	342853	+	42	42.000
YLR101C	XII	342566	342961	-	0	0.000
YLR102C	XII	342970	343767	-	9	10.000
YLR103C	XII	343989	345941	-	6	6.000
YLR104W	XII	346585	346980	+	20	20.000
YLR105C	XII	347047	348180	-	13	13.000
snR79	XII	348427	348510	-	1	1.000
YLR106C	XII	349006	363738	-	16	16.000
YLR107W	XII	364116	365330	+	8	8.000
snR6	XII	366235	366346	+	0	0.000
YLR108C	XII	366667	368124	-	5	5.000
YLR109W	XII	368781	369311	+	453	453.000
YLR110C	XII	369697	370098	-	3698	3700.944
YLR111W	XII	370391	370723	+	3	3.000
YLR112W	XII	370791	371210	+	3	3.000
YLR113W	XII	371620	372927	+	45	45.000
tR(ACG)L	XII	374355	374427	+	0	0.000
YLR114C	XII	374944	377238	-	18	18.000
YLR115W	XII	377985	380564	+	9	9.000
YLR116W	XII	380822	382252	+	10	10.000
YLR117C	XII	382471	384534	-	13	13.000
YLR118C	XII	384725	385408	-	13	13.000
YLR119W	XII	385534	386175	+	8	8.000
YLR120C	XII	386511	388220	-	107	107.000
YLR120W-A	XII	388672	388773	+	2	2.000
YLR121C	XII	388744	390270	-	61	61.000
YLR122C	XII	390954	391331	-	2	6.000
YLR123C	XII	391078	391407	-	0	0.000
YLR124W	XII	391600	391944	+	1	1.000
YLR125W	XII	393484	393894	+	3	3.000
YLR126C	XII	394765	395520	-	17	17.000
YLR127C	XII	395758	398319	-	11	11.000
YLR128W	XII	398530	399433	+	5	5.000
YLR129W	XII	399657	402488	+	6	6.000
YLR130C	XII	402794	404062	-	40	40.000
YLR131C	XII	404510	406822	-	12	12.000
YLR132C	XII	407283	408155	-	10	10.000
YLR133W	XII	408445	410193	+	13	13.000
YLR134W	XII	410723	412414	+	7	7.000
YLR135W	XII	413281	415527	+	10	10.000
YLR136C	XII	415801	416658	-	12	12.000
YLR137W	XII	417006	418109	+	3	3.000
YLR138W	XII	418437	421394	+	12	12.000
YLR139C	XII	421542	423473	-	5	5.000
YLR140W	XII	423474	423800	+	0	0.000
YLR141W	XII	423683	424774	+	8	26.000
YLR142W	XII	425186	426616	+	36	36.000
tD(GUC)L1	XII	427132	427203	+	0	0.000
YLR143W	XII	427329	429386	+	6	6.000
YLR144C	XII	429677	432016	-	16	16.000
YLR145W	XII	432168	432773	+	8	8.000
YLR146C	XII	432823	433725	-	9	9.000
YLR146W-A	XII	433870	434058	+	4	4.000
YLR147C	XII	434158	434463	-	10	10.000
YLR148W	XII	434641	437397	+	10	10.000
YLR149C	XII	437631	439823	-	102	102.000
YLR149C-A	XII	440370	440456	-	0	0.000
YLR150W	XII	440467	441288	+	155	155.000
YLR151C	XII	441715	442737	-	10	10.000
YLR152C	XII	442958	444688	-	60	60.000
YLR153C	XII	445524	447575	-	330	330.214
YLR154C	XII	447982	448314	-	14	14.000
tQ(UUG)L	XII	448650	448721	-	0	0.000
ETS2-1	XII	451575	451785	-	0	8.884
RDN25-1	XII	451786	455181	-	0	0.000
RDN37-1	XII	451786	457732	-	0	300.901
YLR154W-A	XII	452438	452623	+	2	2.000
YLR154W-B	XII	454392	454556	+	0	0.000
YLR154W-C	XII	454696	455070	+	2	2.000
ITS2-1	XII	455182	455413	-	0	0.000
RDN58-1	XII	455414	455571	-	0	0.000
YLR154W-E	XII	455433	455636	+	1	1.000
ITS1-1	XII	455572	455932	-	0	0.000
YLR154W-F	XII	455883	456023	+	0	0.000
RDN18-1	XII	455933	457732	-	0	0.000
ETS1-1	XII	457733	458432	-	0	78.683
RDN5-1	XII	459676	459796	+	8	16.888
ETS2-2	XII	460712	460922	-	0	14.145
RDN25-2	XII	460923	464318	-	0	0.000
RDN37-2	XII	460923	466869	-	0	472.703
YLR154C-G	XII	462522	462671	-	0	0.000
ITS2-2	XII	464319	464550	-	0	0.000
RDN58-2	XII	464551	464708	-	0	0.000
ITS1-2	XII	464709	465069	-	0	0.000
RDN18-2	XII	465070	466869	-	0	0.000
ETS1-2	XII	466870	467569	-	0	78.683
RDN5-2	XII	468813	468931	+	0	0.000
YLR154C-H	XII	468827	468958	-	2	2.123
YLR155C	XII	469317	470405	-	0	90.950
YLR156W	XII	472113	472457	+	0	0.000
RDN5-3	XII	472465	472583	+	0	0.000
YLR156C-A	XII	472479	472610	-	0	0.000
YLR157C	XII	472969	474057	-	0	90.950
YLR157W-D	XII	475764	475976	+	0	0.000
YLR157C-B	XII	476333	481601	-	0	0.000
YLR157C-A	XII	480279	481601	-	0	0.000
YLR157W-E	XII	481873	482037	+	0	0.000
RDN5-4	XII	482045	482163	+	0	0.000
YLR157C-C	XII	482059	482190	-	0	0.000
YLR158C	XII	482549	483637	-	0	24.544
YLR159W	XII	485345	485689	+	0	3.000
RDN5-5	XII	485697	485815	+	0	0.000
YLR159C-A	XII	485711	485842	-	0	0.000
YLR160C	XII	486201	487289	-	0	24.544
YLR161W	XII	488997	489341	+	0	0.000
RDN5-6	XII	489349	489469	+	0	0.000
YLR162W	XII	489573	489929	+	0	0.000
YLR162W-A	XII	490406	490594	+	0	0.000
YLR163C	XII	491866	493254	-	29	29.000
YLR163W-A	XII	492812	492925	+	0	0.000
YLR164W	XII	493883	494389	+	38	38.000
YLR165C	XII	494494	495258	-	6	6.000
YLR166C	XII	495429	498044	-	8	8.000
YLR167W	XII	498947	499405	+	387	387.000
YLR168C	XII	499578	500270	-	22	22.000
YLR169W	XII	500335	500688	+	3	3.000
YLR170C	XII	500579	501049	-	8	8.000
YLR171W	XII	500733	501122	+	0	0.000
YLR172C	XII	501260	502162	-	31	31.000
YLR173W	XII	502421	504247	+	4	4.000
YLR174W	XII	504591	505829	+	209	209.000
YLR175W	XII	506134	507585	+	29	29.000
YLR176C	XII	507797	510232	-	3	3.000
YLR177W	XII	511054	512940	+	14	14.000
YLR178C	XII	513162	513821	-	179	179.000
YLR179C	XII	514108	514713	-	46	46.000
YLR180W	XII	515262	516410	+	86	86.000
YLR181C	XII	516678	517670	-	19	19.000
YLR182W	XII	517940	520351	+	18	18.000
YLR183C	XII	520543	522012	-	8	8.000
YLR184W	XII	522106	522453	+	0	0.000
YLR185W	XII	522663	523288	+	122	122.000
YLR186W	XII	523632	524390	+	12	12.000
YLR187W	XII	524865	527945	+	7	7.000
YLR188W	XII	528300	530387	+	30	30.000
YLR189C	XII	530797	534393	-	13	13.000
YLR190W	XII	535214	536689	+	64	64.000
YLR191W	XII	537272	538432	+	9	9.000
YLR192C	XII	538792	539589	-	58	58.000
YLR193C	XII	540009	540536	-	35	35.000
YLR194C	XII	540809	541573	-	98	98.000
YLR195C	XII	541937	543304	-	20	20.000
YLR196W	XII	543968	545698	+	12	12.000
YLR197W	XII	546097	547611	+	37	37.000
YLR198C	XII	547286	547645	-	2	2.000
YLR199C	XII	547853	548769	-	38	38.000
YLR200W	XII	549012	549356	+	4	4.000
YLR201C	XII	549511	550293	-	23	26.833
YLR202C	XII	550194	550636	-	1	1.167
YLR203C	XII	550650	551960	-	54	54.000
YLR204W	XII	552270	552605	+	27	27.000
YLR205C	XII	552724	553677	-	61	61.000
YLR206W	XII	554578	556419	+	36	36.000
YLR207W	XII	556788	559289	+	17	17.000
YLR208W	XII	559551	560444	+	58	58.000
YLR209C	XII	560797	561732	-	45	45.000
YLR210W	XII	562008	563390	+	8	8.000
YLR211C	XII	563792	564531	-	10	10.000
YLR212C	XII	564860	566281	-	33	33.000
YLR213C	XII	566654	567922	-	6	6.000
YLR214W	XII	568567	570627	+	18	18.000
YLR215C	XII	570776	571858	-	7	7.000
YLR216C	XII	572096	573211	-	148	148.000
YLR217W	XII	572909	573232	+	0	0.000
YLR218C	XII	573466	573918	-	3	3.000
YLR219W	XII	574151	576337	+	28	28.000
YLR220W	XII	576825	577793	+	90	90.000
YLR221C	XII	578362	579024	-	9	9.000
YLR222C	XII	579318	581771	-	3	3.000
YLR222C-A	XII	582006	582236	-	0	0.000
YLR223C	XII	582233	585490	-	8	8.000
YLR224W	XII	586464	587573	+	17	17.000
YLR225C	XII	587695	588918	-	24	24.000
YLR226W	XII	589354	590541	+	6	6.000
YLR227C	XII	590562	592043	-	16	16.000
tL(UAG)L1	XII	592519	592619	-	8	8.000
YLR227W-A	XII	593438	594760	+	0	0.000
YLR227W-B	XII	593438	598706	+	16	21.105
YLR228C	XII	600019	602463	-	54	54.000
YLR229C	XII	604212	604787	-	83	83.806
YLR230W	XII	604574	604879	+	20	20.194
tI(UAU)L	XII	605300	605432	-	0	0.000
YLR231C	XII	605758	607119	-	32	32.000
YLR232W	XII	606830	607177	+	2	2.000
YLR233C	XII	607425	609524	-	15	15.000
YLR234W	XII	609783	611753	+	3	3.000
YLR235C	XII	611532	611930	-	0	0.500
YLR236C	XII	611794	612117	-	0	0.500
YLR237W	XII	612367	614163	+	39	39.000
YLR238W	XII	614755	616191	+	4	4.002
YLR239C	XII	616332	617318	-	7	7.000
YLR240W	XII	617533	620160	+	9	9.000
YLR241W	XII	620473	622821	+	65	65.000
YLR242C	XII	622918	623883	-	8	8.000
YLR243W	XII	624203	625021	+	14	14.000
YLR244C	XII	625168	626331	-	30	30.000
YLR245C	XII	626502	626930	-	5	5.000
YLR246W	XII	627118	628197	+	10	10.000
tL(CAA)L	XII	628383	628497	+	0	0.000
YLR247C	XII	628684	633354	-	17	17.000
YLR248W	XII	634252	636084	+	42	42.000
YLR249W	XII	636780	639914	+	344	344.000
YLR250W	XII	640317	641021	+	31	31.000
YLR251W	XII	641464	642057	+	26	30.457
YLR252W	XII	641957	642262	+	9	10.543
YLR253W	XII	642627	644336	+	26	26.000
YLR254C	XII	644404	644973	-	20	20.000
YLR255C	XII	645600	645953	-	0	0.000
YLR256W	XII	646415	650923	+	51	54.000
YLR256W-A	XII	651117	652439	+	0	0.000
tA(AGC)L	XII	656934	657006	-	0	0.000
YLR257W	XII	658826	659791	+	41	41.000
YLR258W	XII	660716	662833	+	67	67.000
YLR259C	XII	663284	665002	-	583	583.000
YLR260W	XII	665844	667907	+	24	24.000
YLR261C	XII	668237	668563	-	0	0.000
YLR262C	XII	668244	668891	-	3	12.000
YLR262C-A	XII	669468	669662	-	39	39.000
YLR263W	XII	670340	672823	+	1	1.000
YLR264W	XII	673131	673334	+	102	102.000
YLR264C-A	XII	673828	673944	-	70	70.000
YLR265C	XII	674427	675455	-	11	11.379
YLR266C	XII	675619	677724	-	18	18.621
YLR267W	XII	678212	679924	+	11	11.000
YLR268W	XII	680200	680844	+	34	34.000
YLR269C	XII	680866	681216	-	0	0.000
YLR270W	XII	681186	682238	+	34	34.000
YLR271W	XII	682737	683561	+	7	7.000
YLR272C	XII	683672	687202	-	17	17.000
tV(AAC)L	XII	687859	687932	-	0	0.000
YLR273C	XII	689083	691029	-	18	18.000
YLR274W	XII	691555	693882	+	29	29.000
YLR275W	XII	694378	694800	+	10	10.000
YLR276C	XII	695046	696830	-	13	13.000
YLR277C	XII	697156	699495	-	9	9.000
YLR278C	XII	699999	704024	-	16	16.000
YLR279W	XII	704309	704698	+	4	4.000
YLR280C	XII	704483	704833	-	2	9.500
YLR281C	XII	704493	704960	-	1	9.500
YLR282C	XII	705071	705412	-	0	0.000
YLR283W	XII	705186	706130	+	7	7.000
YLR284C	XII	706198	707040	-	31	31.000
YLR285W	XII	707360	708145	+	12	12.000
YLR285C-A	XII	708168	708338	-	0	0.000
YLR286C	XII	708448	710136	-	411	423.001
YLR286W-A	XII	708562	708696	+	3	3.000
YLR287C	XII	710991	712058	-	10	10.000
YLR287C-A	XII	712537	713158	-	189	189.000
YLR288C	XII	713480	714904	-	10	10.000
YLR289W	XII	715089	717026	+	15	15.000
YLR290C	XII	717145	717978	-	14	14.000
YLR291C	XII	718317	719462	-	16	16.000
YLR292C	XII	719789	720370	-	10	10.000
YLR293C	XII	720771	721430	-	77	77.000
YLR294C	XII	721701	722030	-	62	74.888
YLR295C	XII	721999	722373	-	116	140.112
YLR296W	XII	722978	723304	+	3	3.000
YLR297W	XII	724044	724433	+	42	42.000
YLR298C	XII	724721	725416	-	6	6.000
YLR299W	XII	726069	728051	+	32	32.000
YLR299C-A	XII	727911	728003	-	0	0.000
YLR300W	XII	728955	730301	+	372	372.958
YLR301W	XII	730825	731559	+	19	19.000
tL(UAG)L2	XII	732090	732190	+	0	0.000
YLR302C	XII	732191	732553	-	1	1.000
YLR303W	XII	732542	733876	+	952	952.000
tI(AAU)L1	XII	734802	734875	+	1	1.000
YLR304C	XII	735212	737548	-	720	720.610
YLR305C	XII	738161	743863	-	29	29.000
YLR306W	XII	744151	744851	+	5	5.000
YLR307W	XII	745620	746525	+	1	1.000
YLR307C-A	XII	746848	747111	-	21	21.000
YLR308W	XII	747937	748875	+	0	0.000
YLR309C	XII	749034	751769	-	8	8.000
YLR310C	XII	752224	756993	-	54	54.000
YLR311C	XII	757265	757612	-	13	13.388
YLR312C	XII	757637	758833	-	54	55.612
YLR312W-A	XII	759480	760241	+	13	13.000
YLR313C	XII	760750	762342	-	0	0.000
YLR314C	XII	762575	764137	-	42	42.000
YLR315W	XII	764808	765269	+	10	10.000
YLR316C	XII	765266	766358	-	10	10.000
YLR317W	XII	765655	766089	+	6	6.000
YLR318W	XII	766542	769196	+	7	7.000
YLR319C	XII	769318	771684	-	13	13.000
YLR320W	XII	771940	776304	+	8	8.000
YLR321C	XII	776584	777864	-	4	4.000
YLR322W	XII	777628	777942	+	1	1.000
YLR323C	XII	778173	778952	-	2	2.000
YLR324W	XII	779215	780786	+	29	29.000
YLR325C	XII	781143	781379	-	193	193.000
YLR326W	XII	782174	782896	+	9	9.000
YLR327C	XII	783127	783387	-	1222	1222.000
tX(XXX)L	XII	784354	784453	+	5	5.000
YLR328W	XII	784913	786118	+	44	44.000
YLR329W	XII	786442	787333	+	5	5.000
YLR330W	XII	787664	789679	+	51	51.000
YLR331C	XII	790669	791046	-	0	0.000
YLR332W	XII	790676	791806	+	67	67.000
tD(GUC)L2	XII	793918	793989	+	0	0.000
snR61	XII	794486	794575	-	4	4.000
snR55	XII	794697	794794	-	1	1.000
snR57	XII	794937	795024	-	1	1.000
YLR333C	XII	795573	795899	-	59	59.000
YLR334C	XII	796698	797078	-	0	0.000
tE(UUC)L	XII	797178	797249	+	0	0.000
YLR335W	XII	797430	799592	+	20	20.000
YLR336C	XII	799697	802396	-	7	7.000
YLR337C	XII	802653	805106	-	28	28.137
YLR338W	XII	804346	805203	+	1	1.000
YLR339C	XII	805784	806335	-	3	3.000
YLR340W	XII	805887	806825	+	532	532.071
YLR341W	XII	807385	808818	+	1	1.000
YLR342W	XII	809997	815627	+	203	218.321
YLR342W-A	XII	815810	815983	+	9	9.679
YLR343W	XII	816094	817761	+	4	4.000
tR(CCG)L	XII	818609	818680	+	0	0.000
YLR344W	XII	819312	820142	+	144	144.000
YLR345W	XII	820511	822040	+	52	52.000
YLR346C	XII	822287	822592	-	3	3.000
YLR347C	XII	823828	826413	-	34	34.000
YLR347W-A	XII	824789	824929	+	0	0.000
YLR348C	XII	826977	827873	-	154	154.000
YLR349W	XII	827521	828027	+	3	3.000
YLR350W	XII	828730	829380	+	59	59.787
YLR351C	XII	829489	830364	-	16	16.213
YLR352W	XII	831116	833539	+	18	18.000
YLR353W	XII	834352	836163	+	11	11.000
YLR354C	XII	836350	837357	-	604	604.000
YLR355C	XII	838066	839253	-	478	478.789
YLR356W	XII	840321	840914	+	102	102.000
YLR357W	XII	841331	844000	+	13	13.000
YLR358C	XII	843487	844050	-	0	0.000
YLR359W	XII	844282	845730	+	98	98.000
YLR360W	XII	846103	847422	+	20	20.000
YLR361C	XII	847388	849124	-	17	17.000
YLR361C-A	XII	849383	849679	-	10	10.000
YLR362W	XII	849866	852019	+	9	9.000
YLR363C	XII	852495	853151	-	7	7.000
YLR363W-A	XII	853461	853718	+	2	2.000
YLR364W	XII	854062	854391	+	5	5.000
YLR365W	XII	855199	855531	+	1	1.000
YLR364C-A	XII	855523	855645	-	0	0.000
YLR366W	XII	855538	855843	+	1	1.000
YLR367W	XII	856442	857317	+	54	60.000
snR44	XII	856710	856920	+	0	0.000
YLR368W	XII	857540	859336	+	9	9.000
YLR369W	XII	859552	861525	+	13	13.000
YLR370C	XII	861718	862254	-	51	51.000
YLR371W	XII	862714	866784	+	18	18.000
YLR372W	XII	867354	868391	+	59	59.000
YLR373C	XII	868662	871367	-	16	16.000
YLR374C	XII	871453	871842	-	0	0.000
YLR375W	XII	871697	872728	+	59	59.000
YLR376C	XII	872826	873554	-	2	2.000
YLR377C	XII	873746	874792	-	17	17.000
tK(UUU)L	XII	875376	875471	+	0	0.000
YLR378C	XII	875736	877178	-	177	177.000
YLR379W	XII	876922	877296	+	12	12.000
YLR380W	XII	878282	879508	+	22	22.000
YLR381W	XII	879723	881924	+	15	15.000
YLR382C	XII	882067	884751	-	13	13.000
YLR383W	XII	885288	888632	+	9	9.000
YLR384C	XII	888851	892900	-	28	28.000
YLR385C	XII	892992	893390	-	1	1.000
YLR386W	XII	893628	896270	+	20	20.000
YLR387C	XII	896374	897672	-	25	25.000
YLR388W	XII	898651	898821	+	74	74.000
snR34	XII	899180	899382	+	0	0.000
YLR389C	XII	899577	902660	-	21	21.000
YLR390W	XII	903066	903404	+	14	14.000
YLR390W-A	XII	903724	904440	+	414	414.240
YLR392C	XII	904749	906305	-	6	6.000
YLR393W	XII	907079	907918	+	1	1.000
YLR394W	XII	907950	909398	+	8	8.000
YLR395C	XII	909729	909965	-	202	202.000
YLR396C	XII	910235	912310	-	19	19.000
YLR397C	XII	912550	914892	-	13	13.000
YLR398C	XII	915156	919019	-	8	8.000
YLR399C	XII	919536	921596	-	37	37.000
YLR399W-A	XII	920869	920973	+	0	0.000
YLR400W	XII	922063	922536	+	1	1.000
YLR401C	XII	922442	924448	-	6	6.000
YLR402W	XII	924889	925080	+	2	2.000
YLR403W	XII	925568	927619	+	40	40.000
YLR404W	XII	928743	929600	+	4	4.000
YLR405W	XII	929789	930892	+	9	9.000
YLR406C	XII	931065	931755	-	66	66.000
YLR406C-A	XII	932206	932355	-	0	0.000
YLR407W	XII	932967	933653	+	10	10.000
YLR408C	XII	933885	934253	-	11	11.000
YLR409C	XII	934414	937233	-	5	5.000
YLR410W	XII	937541	940981	+	23	23.161
YLR410W-A	XII	941483	942799	+	0	0.000
YLR410W-B	XII	941483	946796	+	0	0.000
YLR411W	XII	947253	947978	+	82	82.000
YLR412W	XII	948368	949192	+	5	5.000
YLR412C-A	XII	950267	950473	-	0	0.000
YLR413W	XII	951156	953183	+	6	6.000
YLR414C	XII	953353	954144	-	71	71.000
YLR415C	XII	954259	954597	-	0	0.000
YLR416C	XII	954491	954889	-	0	0.000
YLR417W	XII	955010	956710	+	6	6.000
YLR418C	XII	956914	958095	-	12	12.000
YLR419W	XII	958428	962735	+	17	17.000
tL(UAA)L	XII	962972	963055	-	0	0.000
YLR420W	XII	963785	964879	+	19	19.000
YLR421C	XII	965090	965560	-	26	26.000
YLR422W	XII	965897	971695	+	26	26.000
YLR423C	XII	971917	973170	-	9	9.000
YLR424W	XII	973395	975521	+	8	8.000
tN(GUU)L	XII	975983	976056	-	0	0.000
YLR425W	XII	982894	986817	+	5	5.000
YLR426W	XII	987062	988113	+	22	22.000
YLR427W	XII	988428	990440	+	18	18.000
YLR428C	XII	990617	990961	-	0	0.000
YLR429W	XII	990777	992732	+	44	44.000
YLR430W	XII	993434	1000129	+	32	32.000
YLR431C	XII	1000342	1001703	-	19	19.000
YLR432W	XII	1002557	1004128	+	31	31.620
YLR433C	XII	1004347	1006008	-	33	33.000
YLR434C	XII	1006025	1006408	-	0	0.000
YLR435W	XII	1006378	1006995	+	2	2.000
YLR436C	XII	1007421	1011245	-	38	38.000
YLR437C	XII	1011622	1012023	-	26	26.000
YLR437C-A	XII	1012459	1012686	-	0	0.000
YLR438W	XII	1012501	1013775	+	76	76.000
YLR438C-A	XII	1013909	1014178	-	29	29.420
YLR439W	XII	1014491	1015450	+	28	28.000
YLR440C	XII	1015568	1017697	-	17	17.008
YLR441C	XII	1018141	1018908	-	183	183.000
YLR442C	XII	1019315	1022251	-	11	11.000
YLR443W	XII	1022625	1023971	+	22	22.000
YLR444C	XII	1023686	1023988	-	4	4.000
YLR445W	XII	1024189	1024837	+	0	0.000
YLR446W	XII	1025214	1026515	+	14	14.000
YLR447C	XII	1026856	1027893	-	58	58.000
YLR448W	XII	1028854	1029768	+	101	101.000
YLR449W	XII	1030834	1032012	+	13	13.000
YLR450W	XII	1032627	1035764	+	87	87.000
YLR451W	XII	1036093	1038753	+	10	10.000
YLR452C	XII	1039270	1041366	-	10	10.000
YLR453C	XII	1041799	1042986	-	5	5.000
YLR454W	XII	1043998	1051884	+	23	23.000
tI(AAU)L2	XII	1052071	1052144	-	0	0.000
YLR455W	XII	1053629	1054543	+	10	10.000
YLR456W	XII	1055070	1055684	+	4	4.000
YLR457C	XII	1055812	1056771	-	7	7.000
YLR458W	XII	1056455	1056835	+	0	0.000
YLR459W	XII	1057334	1058518	+	25	25.000
YLR460C	XII	1059757	1060887	-	8	8.000
YLR461W	XII	1062919	1063281	+	0	0.000
YLR462W	XII	1065956	1066564	+	0	0.000
YLR463C	XII	1066265	1066816	-	1	1.008
YLR464W	XII	1066572	1067501	+	0	0.000
YLR465C	XII	1067045	1067353	-	0	0.000
YLR466W	XII	1067087	1071235	+	0	1.553
YLR466C-A	XII	1070387	1070869	-	0	0.000
YLR466C-B	XII	1071594	1071710	-	1	2.000
YLR467W	XII	1072508	1077898	+	0	0.000
YLR467C-A	XII	1077050	1077532	-	0	0.000
YML133C	XIII	461	4684	-	1	1.351
YML133W-B	XIII	827	1309	+	0	0.000
YML133W-A	XIII	1610	2185	+	0	0.000
YML132W	XIII	7244	8383	+	6	6.172
YML131W	XIII	10198	11295	+	409	409.000
YML130C	XIII	11483	13174	-	12	12.000
YML129C	XIII	14541	14753	-	23	23.000
YML128C	XIII	15135	16676	-	328	328.000
YML127W	XIII	17064	18809	+	20	20.000
YML126C	XIII	19060	20535	-	279	279.000
YML125C	XIII	20761	21699	-	22	22.000
YML124C	XIII	22048	23683	-	40	40.000
YML123C	XIII	24037	25800	-	5	5.000
YML122C	XIII	26038	26418	-	15	15.000
YML121W	XIII	26930	27862	+	16	16.000
YML120C	XIII	28266	29807	-	194	194.000
YML119W	XIII	30611	31684	+	13	13.000
YML118W	XIII	32334	33851	+	4	4.000
YML117W	XIII	34243	37647	+	27	40.091
YML116W-A	XIII	37472	37774	+	6	8.909
YML116W	XIII	38196	39824	+	27	27.000
YML115C	XIII	40187	41794	-	30	30.000
YML114C	XIII	42043	43575	-	11	11.000
YML113W	XIII	44045	44791	+	9	9.000
YML112W	XIII	45063	45953	+	5	5.000
YML111W	XIII	46942	49704	+	14	14.000
YML110C	XIII	50031	50954	-	49	49.000
YML109W	XIII	51640	54468	+	7	7.000
YML108W	XIII	54793	55110	+	7	7.000
YML107C	XIII	55265	56269	-	8	8.000
YML106W	XIII	56773	57453	+	114	114.000
YML105C	XIII	57866	58687	-	12	12.000
YML104C	XIII	58939	62322	-	12	12.000
YML103C	XIII	62582	67549	-	27	27.000
snR85	XIII	67768	67938	-	0	0.000
YML102W	XIII	68294	69700	+	12	12.000
YML101C-A	XIII	69409	69726	-	1	1.000
YML101C	XIII	69735	70088	-	18	18.000
YML100W-A	XIII	70138	70311	+	1	1.000
YML100W	XIII	70624	73920	+	153	153.000
YML099W-A	XIII	74229	74558	+	0	0.000
YML099C	XIII	74398	77040	-	6	6.000
YML098W	XIII	77267	77770	+	22	22.000
YML097C	XIII	78335	79690	-	10	10.000
YML096W	XIII	79909	81486	+	6	6.000
YML095C	XIII	81481	82113	-	1	1.000
YML094C-A	XIII	82219	82620	-	0	0.000
YML094W	XIII	82275	82849	+	4	4.000
YML093W	XIII	83090	85789	+	1	1.000
YML092C	XIII	85987	86739	-	128	128.000
YML091C	XIII	87123	90731	-	94	94.000
YML090W	XIII	90744	91130	+	4	4.000
YML089C	XIII	91041	91409	-	2	2.000
ZOD1	XIII	91970	92027	+	0	0.000
YML088W	XIII	92235	94241	+	10	10.000
YML087C	XIII	94431	95369	-	14	14.000
YML086C	XIII	95791	97371	-	35	35.000
YML085C	XIII	97941	99400	-	176	176.863
YML084W	XIII	99489	99797	+	0	0.000
YML083C	XIII	99794	101050	-	6	6.000
YML082W	XIII	101862	103811	+	9	9.000
YML081C-A	XIII	103983	104162	-	145	145.000
YML081W	XIII	104777	108532	+	14	14.000
YML080W	XIII	108806	110077	+	7	7.000
YML079W	XIII	110247	110852	+	22	22.000
YML078W	XIII	111002	111550	+	77	77.000
YML077W	XIII	111865	112344	+	1	1.000
YML076C	XIII	112513	115347	-	15	15.000
YML075C	XIII	115734	118898	-	396	396.000
YML074C	XIII	120089	121324	-	29	29.000
YML073C	XIII	123227	124172	-	116	116.000
YML072C	XIII	124730	129367	-	83	83.000
YML071C	XIII	129749	131572	-	12	12.000
tR(UCU)M2	XIII	131825	131896	-	0	0.000
YML070W	XIII	133475	135229	+	59	59.000
YML069W	XIII	135500	137158	+	26	26.000
YML068W	XIII	137550	138944	+	15	15.000
YML067C	XIII	139063	140214	-	34	34.000
YML066C	XIII	140424	141533	-	6	6.000
YML065W	XIII	142210	144954	+	4	4.000
YML064C	XIII	145139	145876	-	5	5.000
YML063W	XIII	146482	147249	+	178	178.000
YML062C	XIII	147505	148683	-	5	5.000
YML061C	XIII	148953	151532	-	14	14.000
YML060W	XIII	151871	153001	+	3	3.000
YML059C	XIII	153219	158258	-	16	16.000
YML058W-A	XIII	158760	158966	+	1	1.000
YML058W	XIII	159383	159697	+	335	335.000
YML057C-A	XIII	160023	160412	-	0	0.000
YML057W	XIII	160180	161994	+	53	53.000
YML056C	XIII	162194	164176	-	11	11.000
snR54	XIII	163535	163620	-	0	0.000
YML055W	XIII	164790	165326	+	8	8.000
YML054C	XIII	165533	167308	-	663	663.000
YML054C-A	XIII	167623	167781	-	6	6.000
tY(GUA)M1	XIII	168795	168883	+	0	0.000
YML053C	XIII	169116	169754	-	12	12.000
YML052W	XIII	170402	171310	+	78	78.000
YML051W	XIII	171594	172901	+	20	20.000
YML050W	XIII	173139	174074	+	7	7.000
YML049C	XIII	174220	178305	-	18	18.000
YML048W	XIII	178426	179637	+	208	208.059
YML047W-A	XIII	179893	180258	+	4	4.000
YML047C	XIII	180017	181075	-	0	0.000
YML046W	XIII	181474	183363	+	11	11.000
tG(GCC)M	XIII	183898	183968	-	0	0.000
YML045W-A	XIII	184461	185783	+	0	0.000
YML045W	XIII	184461	189729	+	0	0.000
YML043C	XIII	190244	191767	-	1	1.000
YML042W	XIII	192788	194800	+	180	180.000
YML041C	XIII	194913	195755	-	6	6.000
tP(UGG)M	XIII	196068	196170	-	1	1.000
YML040W	XIII	196628	197950	+	0	0.000
YML039W	XIII	196628	201896	+	0	0.000
YML038C	XIII	202775	204103	-	25	25.000
YML037C	XIII	204386	205408	-	0	0.000
YML036W	XIII	205642	206293	+	18	18.000
YML035C	XIII	206428	208860	-	14	14.000
YML034C-A	XIII	209428	209826	-	1	1.000
YML034W	XIII	209525	212155	+	23	23.000
YML032C	XIII	212515	213930	-	30	30.000
YML031C-A	XIII	214086	214421	-	0	0.000
YML031W	XIII	214189	216156	+	49	49.000
YML030W	XIII	216435	216914	+	29	29.181
YML029W	XIII	217362	219878	+	25	25.000
YML028W	XIII	220138	220728	+	556	557.897
YML027W	XIII	221406	222563	+	27	27.000
YML026C	XIII	222987	223828	-	145	145.000
YML025C	XIII	224406	225365	-	21	21.000
YML024W	XIII	225889	226697	+	162	162.000
YML023C	XIII	226994	228664	-	9	9.000
YML022W	XIII	228937	229500	+	53	53.000
YML021C	XIII	229734	230813	-	5	5.000
YML020W	XIII	231149	233143	+	5	5.000
YML019W	XIII	233457	234455	+	22	22.000
YML018C	XIII	234771	235952	-	31	31.000
YML017W	XIII	236588	238731	+	7	7.000
YML016C	XIII	239458	241536	-	55	55.000
YML015C	XIII	241989	243029	-	11	11.000
YML014W	XIII	243225	244064	+	5	5.000
YML013W	XIII	244149	245903	+	34	34.000
YML012C-A	XIII	245537	245914	-	1	1.000
YML012W	XIII	246116	246751	+	108	108.000
YML011C	XIII	246895	247428	-	2	2.000
YML010W	XIII	247677	250868	+	21	29.885
YML009W-B	XIII	250435	250911	+	5	7.115
YML009C-A	XIII	250675	251001	-	1	1.000
YML009C	XIII	251304	251516	-	17	17.000
YML008C	XIII	251839	252990	-	271	272.985
YML007C-A	XIII	253162	253272	-	2	2.015
YML007W	XIII	253848	255800	+	81	81.000
YML006C	XIII	256092	258416	-	4	4.000
tS(AGA)M	XIII	259158	259239	-	0	0.000
YML005W	XIII	260221	261609	+	8	8.000
YML004C	XIII	261705	262685	-	107	107.000
YML003W	XIII	263483	264355	+	1	1.000
YML002W	XIII	264541	266754	+	17	17.000
YML001W	XIII	267174	267800	+	36	36.000
YMR001C	XIII	269019	271136	-	9	9.000
YMR001C-A	XIII	271347	271577	-	1	1.000
YMR002W	XIII	272193	272663	+	134	134.000
YMR003W	XIII	273118	273714	+	7	7.000
YMR004W	XIII	274017	275552	+	10	10.000
YMR005W	XIII	276045	277211	+	20	20.000
YMR006C	XIII	277561	279681	-	167	167.000
YMR007W	XIII	279960	280340	+	4	4.000
YMR008C	XIII	280590	282584	-	85	85.000
YMR009W	XIII	284102	284641	+	53	53.000
YMR010W	XIII	285100	286317	+	19	19.000
YMR011W	XIII	288079	289704	+	509	509.000
tE(UUC)M	XIII	290801	290872	+	0	0.000
YMR012W	XIII	291134	294967	+	40	40.000
YMR013C	XIII	295179	296738	-	14	16.000
YMR013C-A	XIII	296471	296620	-	0	0.000
snR78	XIII	297278	297364	+	1	1.000
snR77	XIII	297506	297593	+	0	0.000
snR76	XIII	297725	297833	+	0	0.000
snR75	XIII	297918	298006	+	2	3.000
snR74	XIII	298138	298225	+	1	1.000
snR73	XIII	298307	298412	+	0	1.500
YMR013W-A	XIII	298311	298391	+	0	1.500
snR72	XIII	298554	298651	+	2	2.000
YMR014W	XIII	298868	300427	+	11	11.000
YMR015C	XIII	300869	302485	-	335	335.000
YMR016C	XIII	303236	305593	-	9	9.000
YMR017W	XIII	307489	308682	+	3	3.000
YMR018W	XIII	310208	311752	+	11	11.000
YMR019W	XIII	312156	315005	+	25	25.000
YMR020W	XIII	315377	316903	+	10	10.000
YMR021C	XIII	317165	318418	-	13	13.000
YMR022W	XIII	318680	319177	+	32	32.000
YMR023C	XIII	319437	321017	-	5	5.000
tA(AGC)M1	XIII	321147	321219	-	0	0.000
YMR024W	XIII	321875	323047	+	28	28.000
YMR025W	XIII	323300	324187	+	4	4.000
YMR026C	XIII	324236	325435	-	18	18.000
YMR027W	XIII	325877	327289	+	57	57.000
YMR028W	XIII	327482	328582	+	8	8.000
YMR029C	XIII	328660	330231	-	15	15.000
YMR030W	XIII	330793	331923	+	8	8.000
YMR031C	XIII	332212	334743	-	64	64.000
YMR031W-A	XIII	334709	335035	+	0	0.000
YMR032W	XIII	335298	337307	+	3	3.000
YMR030W-A	XIII	337313	337603	+	0	0.000
YMR033W	XIII	337788	339277	+	10	10.000
YMR034C	XIII	339418	340722	-	21	21.000
YMR035W	XIII	341142	341675	+	25	25.000
YMR036C	XIII	341856	343520	-	12	12.000
YMR037C	XIII	344403	346517	-	26	26.000
YMR038C	XIII	347511	348260	-	40	40.000
YMR039C	XIII	348644	349522	-	12	12.000
YMR040W	XIII	350381	350863	+	6	6.000
YMR041C	XIII	350966	351973	-	15	15.000
tF(GAA)M	XIII	352280	352370	+	0	0.000
YMR042W	XIII	352603	353136	+	17	17.000
YMR043W	XIII	353871	354731	+	13	13.000
YMR044W	XIII	355384	356811	+	8	8.000
YMR045C	XIII	357359	362627	-	0	0.000
YMR046C	XIII	361305	362627	-	0	0.000
YMR046W-A	XIII	362702	362830	+	0	0.000
tH(GUG)M	XIII	363064	363135	+	0	0.000
YMR047C	XIII	363364	366705	-	29	29.000
YMR048W	XIII	366981	367934	+	8	8.000
YMR049C	XIII	368094	370517	-	12	12.000
tV(AAC)M1	XIII	372445	372518	-	0	0.000
YMR050C	XIII	373057	378325	-	0	0.000
YMR051C	XIII	377003	378325	-	0	0.000
tW(CCA)M	XIII	379303	379408	-	0	0.000
YMR052W	XIII	379586	380200	+	5	5.000
YMR052C-A	XIII	380069	380434	-	0	0.000
YMR053C	XIII	380346	382898	-	12	15.000
YMR054W	XIII	383303	385975	+	38	38.020
YMR055C	XIII	386101	387021	-	14	14.000
YMR056C	XIII	387315	388244	-	54	54.000
YMR057C	XIII	388359	388730	-	1	1.000
YMR058W	XIII	388822	390732	+	43	43.000
YMR059W	XIII	391099	391485	+	0	0.000
YMR060C	XIII	391532	392515	-	16	16.000
YMR061W	XIII	392755	394788	+	14	14.000
YMR062C	XIII	395054	396379	-	71	71.000
YMR063W	XIII	397077	397796	+	4	4.000
YMR064W	XIII	397903	399459	+	26	26.000
YMR065W	XIII	399702	401216	+	2	2.000
YMR066W	XIII	401541	404237	+	3	3.000
YMR067C	XIII	404323	405573	-	25	25.000
YMR068W	XIII	406304	407584	+	6	6.000
YMR069W	XIII	407709	408566	+	0	0.000
YMR070W	XIII	409154	410626	+	21	21.000
YMR071C	XIII	410762	411265	-	35	35.000
YMR072W	XIII	411569	412120	+	74	74.000
YMR073C	XIII	412268	412873	-	4	4.000
YMR074C	XIII	413036	413473	-	28	28.000
YMR075W	XIII	413982	416036	+	4	4.000
YMR075C-A	XIII	415688	416053	-	0	0.000
YMR076C	XIII	416196	420029	-	17	17.000
tV(AAC)M2	XIII	420588	420661	-	0	0.000
YMR077C	XIII	421484	422149	-	6	6.001
YMR078C	XIII	422503	424728	-	16	16.000
YMR079W	XIII	424989	426059	+	35	35.000
YMR080C	XIII	426712	429627	-	27	27.000
YMR081C	XIII	430079	431095	-	164	164.000
YMR082C	XIII	431769	432125	-	1	1.000
YMR083W	XIII	434788	435915	+	111	111.000
YMR084W	XIII	436628	437416	+	2	2.000
YMR085W	XIII	437491	438789	+	8	8.000
YMR086W	XIII	439208	442090	+	16	16.000
YMR086C-A	XIII	442026	442364	-	1	1.000
YMR087W	XIII	442527	443381	+	15	15.000
YMR088C	XIII	443414	445102	-	58	58.000
YMR089C	XIII	445609	448086	-	36	36.000
YMR090W	XIII	449245	449928	+	71	71.000
YMR091C	XIII	450058	451365	-	7	7.000
YMR092C	XIII	451632	453479	-	43	43.000
YMR093W	XIII	454015	455556	+	4	4.000
YMR094W	XIII	455825	457261	+	2	2.000
YMR095C	XIII	457285	457959	-	8	8.000
YMR096W	XIII	458408	459301	+	30	30.000
YMR097C	XIII	459424	460527	-	6	6.000
YMR098C	XIII	460771	462609	-	8	8.000
tD(GUC)M	XIII	463554	463625	+	0	0.000
YMR099C	XIII	463934	464827	-	53	53.000
YMR100W	XIII	466300	468162	+	14	14.000
YMR101C	XIII	468445	469476	-	1	1.000
YMR102C	XIII	469848	472352	-	8	8.000
YMR103C	XIII	472902	473264	-	46	52.571
YMR104C	XIII	473420	475453	-	59	67.429
YMR105C	XIII	475897	477606	-	203	203.949
YMR105W-A	XIII	478064	478258	+	0	0.000
YMR106C	XIII	478301	480190	-	2	2.000
tK(CUU)M	XIII	480621	480693	-	0	0.000
YMR107W	XIII	483014	483361	+	835	835.000
YMR108W	XIII	484084	486147	+	149	149.000
YMR109W	XIII	486587	490246	+	15	15.000
YMR110C	XIII	490394	491992	-	233	233.000
YMR111C	XIII	492404	493792	-	1	1.000
YMR112C	XIII	494100	494495	-	5	5.000
YMR113W	XIII	494999	496282	+	10	10.714
YMR114C	XIII	496343	497449	-	18	19.286
YMR115W	XIII	497704	499209	+	20	20.000
YMR116C	XIII	499456	500688	-	539	545.000
snR24	XIII	499984	500072	-	0	0.000
YMR117C	XIII	501250	501891	-	8	8.000
YMR118C	XIII	502144	502734	-	64	64.000
tL(CAA)M	XIII	504895	505008	+	0	0.000
YMR119W	XIII	505333	507207	+	34	46.000
YMR119W-A	XIII	506996	507370	+	0	0.000
YMR120C	XIII	507502	509280	-	89	89.000
YMR121C	XIII	509734	510348	-	14	14.000
YMR122C	XIII	510701	511075	-	6	6.000
YMR122W-A	XIII	511315	511569	+	645	645.000
YMR123W	XIII	513593	513961	+	11	11.000
YMR124W	XIII	514456	517287	+	14	14.000
YMR125W	XIII	517539	520446	+	50	50.000
YMR126C	XIII	520761	521789	-	9	9.000
YMR127C	XIII	522329	523345	-	14	14.000
YMR128W	XIII	523696	527499	+	3	3.000
YMR129W	XIII	527804	531817	+	19	19.000
YMR130W	XIII	532119	533027	+	13	13.000
YMR131C	XIII	533163	534698	-	30	30.000
YMR132C	XIII	534944	535570	-	0	0.000
YMR133W	XIII	536207	537609	+	14	14.000
YMR134W	XIII	537838	538551	+	17	17.000
YMR135C	XIII	538689	540056	-	53	53.000
YMR135W-A	XIII	539911	540444	+	1	1.000
YMR136W	XIII	541199	542881	+	144	144.000
YMR137C	XIII	542978	544963	-	7	7.000
YMR138W	XIII	545155	545730	+	3	3.000
YMR139W	XIII	546125	547237	+	43	43.000
YMR140W	XIII	547714	549183	+	16	16.000
YMR141C	XIII	549736	550044	-	9	9.000
YMR142C	XIII	550206	551207	-	221	221.000
YMR141W-A	XIII	550911	551135	+	0	0.000
YMR143W	XIII	551928	552903	+	230	230.000
YMR144W	XIII	553362	554390	+	6	6.000
YMR145C	XIII	554793	556475	-	467	467.344
YMR146C	XIII	557481	558524	-	61	61.000
YMR147W	XIII	559199	559870	+	14	14.000
YMR148W	XIII	560366	560812	+	33	33.000
YMR149W	XIII	560996	561856	+	40	40.000
YMR150C	XIII	561956	562528	-	19	19.000
YMR151W	XIII	562506	562943	+	2	2.000
YMR152W	XIII	563096	564193	+	78	78.000
YMR153W	XIII	564435	565862	+	8	8.000
YMR153C-A	XIII	565574	565909	-	0	0.000
YMR154C	XIII	565999	568182	-	7	8.000
YMR155W	XIII	568551	570194	+	36	36.000
YMR156C	XIII	570300	571016	-	4	4.000
YMR157C	XIII	571277	572044	-	8	8.000
YMR158W	XIII	572248	572715	+	7	7.000
tM(CAU)M	XIII	572883	572955	-	0	0.000
YMR158C-A	XIII	573194	573331	-	0	0.000
YMR158W-B	XIII	574471	574791	+	0	0.000
YMR159C	XIII	574476	574928	-	1	1.000
YMR160W	XIII	575066	577516	+	11	11.000
YMR161W	XIII	577718	578392	+	14	14.000
YMR162C	XIII	578951	583921	-	21	21.000
YMR163C	XIII	584271	586388	-	9	9.000
tV(AAC)M3	XIII	586636	586709	-	0	0.000
YMR164C	XIII	587274	589550	-	14	14.000
YMR165C	XIII	590040	592628	-	20	20.000
YMR166C	XIII	593367	594473	-	10	10.000
YMR167W	XIII	594886	597195	+	13	13.000
YMR168C	XIII	597332	599158	-	6	6.000
YMR169C	XIII	599352	600872	-	36	38.951
YMR170C	XIII	601562	603082	-	25	27.049
YMR171C	XIII	603868	605520	-	24	24.000
YMR172W	XIII	605981	608140	+	9	9.000
YMR172C-A	XIII	607828	608211	-	0	0.000
YMR173W	XIII	608689	609981	+	18	115.826
YMR173W-A	XIII	608897	610081	+	5	32.174
YMR174C	XIII	610159	610365	-	106	106.000
YMR175W	XIII	611016	611255	+	391	402.878
YMR175W-A	XIII	611314	611508	+	4	4.122
YMR176W	XIII	611740	615975	+	14	14.000
YMR177W	XIII	616566	618098	+	10	10.000
YMR178W	XIII	618479	619303	+	19	19.000
YMR179W	XIII	619858	622134	+	9	9.000
YMR180C	XIII	622251	623213	-	42	42.000
YMR181C	XIII	623616	624080	-	147	147.000
YMR182C	XIII	624532	625167	-	9	9.000
YMR182W-A	XIII	625811	625897	+	2	2.000
snR83	XIII	626349	626654	+	6	6.000
YMR183C	XIII	626921	627808	-	34	34.000
YMR184W	XIII	628189	628785	+	12	12.000
YMR185W	XIII	629025	631970	+	18	18.000
YMR186W	XIII	632355	634472	+	688	688.931
YMR187C	XIII	634689	635984	-	9	9.000
YMR188C	XIII	636291	637004	-	4	4.000
YMR189W	XIII	637500	640604	+	36	36.000
YMR190C	XIII	640915	645258	-	4	4.000
YMR191W	XIII	645656	646777	+	339	339.000
YMR192W	XIII	647118	649280	+	10	10.000
YMR193W	XIII	650036	650812	+	8	8.000
YMR193C-A	XIII	651072	651458	-	0	0.000
YMR194W	XIII	651145	651910	+	48	48.000
snR11	XIII	652275	652532	+	5	5.000
YMR194C-B	XIII	652594	652887	-	16	16.941
YMR194C-A	XIII	652912	653136	-	1	1.059
YMR195W	XIII	654034	654417	+	9	9.000
YMR196W	XIII	655076	658342	+	89	89.000
YMR197C	XIII	658545	659198	-	28	28.000
YMR198W	XIII	659745	661529	+	5	5.000
YMR199W	XIII	662644	664284	+	26	26.000
YMR200W	XIII	664752	665522	+	99	99.000
YMR201C	XIII	665845	667044	-	15	15.000
RNA170	XIII	667288	667456	-	0	0.000
YMR202W	XIII	667537	668205	+	251	251.403
YMR203W	XIII	668492	669655	+	158	158.000
YMR204C	XIII	670063	671325	-	3	3.000
YMR205C	XIII	671887	674766	-	382	382.000
YMR206W	XIII	675896	676837	+	97	97.000
YMR207C	XIII	677193	683564	-	9	9.000
YMR208W	XIII	684467	685798	+	50	50.000
YMR209C	XIII	685911	687284	-	6	6.000
YMR210W	XIII	687516	688865	+	16	16.000
YMR211W	XIII	689083	690510	+	4	4.000
YMR212C	XIII	690695	693043	-	16	16.000
YMR213W	XIII	693381	695153	+	11	11.000
YMR214W	XIII	695350	696483	+	3	3.000
YMR215W	XIII	696796	698370	+	61	61.000
YMR216C	XIII	698811	701039	-	14	14.000
YMR217W	XIII	701790	703367	+	47	47.000
YMR218C	XIII	703579	706887	-	6	6.000
YMR219W	XIII	707133	712109	+	10	10.000
YMR220W	XIII	712316	713671	+	35	35.000
YMR221C	XIII	713931	715445	-	40	40.000
YMR222C	XIII	715638	716309	-	14	14.000
YMR223W	XIII	716715	718130	+	17	17.000
YMR224C	XIII	718575	720653	-	4	4.000
YMR225C	XIII	720960	721403	-	13	13.000
YMR226C	XIII	721593	722396	-	59	59.000
YMR227C	XIII	722613	724385	-	10	10.000
YMR228W	XIII	724626	725651	+	11	11.000
YMR229C	XIII	725934	731123	-	20	20.000
YMR230W	XIII	732414	733141	+	100	100.000
YMR230W-A	XIII	733268	733456	+	0	0.000
YMR231W	XIII	733545	736634	+	8	8.000
YMR232W	XIII	736926	738959	+	5	5.000
YMR233W	XIII	739185	739865	+	5	5.000
YMR234W	XIII	740266	741312	+	6	6.000
YMR235C	XIII	741512	742735	-	31	31.000
YMR236W	XIII	742971	743444	+	15	15.000
YMR237W	XIII	743749	745923	+	26	26.000
YMR238W	XIII	746353	747729	+	104	104.000
tR(UCU)M1	XIII	747892	747963	-	0	0.000
YMR239C	XIII	748262	749677	-	4	4.000
YMR240C	XIII	749930	751240	-	7	7.000
YMR241W	XIII	751961	752905	+	72	72.000
YMR242C	XIII	753225	753742	-	146	146.000
YMR242W-A	XIII	754297	754386	+	1	1.000
YMR243C	XIII	754838	756166	-	79	79.000
YMR244W	XIII	757250	758317	+	5	5.000
YMR244C-A	XIII	758517	758831	-	15	15.000
YMR245W	XIII	758563	759183	+	6	6.000
YMR246W	XIII	759807	761891	+	275	275.000
snR86	XIII	762110	763113	-	25	25.000
YMR247C	XIII	763351	768039	-	20	20.000
tA(AGC)M2	XIII	768369	768441	-	0	0.000
YMR247W-A	XIII	769283	769426	+	1	1.000
YMR250W	XIII	770801	772558	+	72	72.000
YMR251W	XIII	772915	774015	+	4	4.000
YMR251W-A	XIII	774752	774931	+	721	721.978
YMR252C	XIII	775315	775719	-	4	4.286
YMR253C	XIII	775946	777190	-	10	10.714
YMR254C	XIII	777615	777923	-	0	0.000
YMR255W	XIII	778001	778567	+	14	14.000
YMR256C	XIII	778945	779127	-	178	178.000
YMR257C	XIII	779629	782031	-	11	11.000
YMR258C	XIII	782620	784281	-	27	27.000
YMR259C	XIII	784621	788883	-	19	19.000
YMR260C	XIII	789378	789839	-	32	32.000
YMR261C	XIII	790205	793369	-	26	26.000
YMR262W	XIII	793726	794667	+	21	21.000
YMR263W	XIII	794919	795524	+	2	2.000
YMR264W	XIII	795805	796416	+	26	26.000
YMR265C	XIII	796540	797925	-	12	12.000
YMR266W	XIII	798518	801379	+	74	74.000
YMR267W	XIII	801772	802704	+	26	26.000
YMR268C	XIII	802888	804222	-	7	7.000
YMR269W	XIII	804456	805091	+	4	4.000
YMR270C	XIII	805326	806423	-	4	4.000
YMR271C	XIII	806865	807548	-	13	13.000
tQ(CUG)M	XIII	808246	808317	-	0	0.000
YMR272C	XIII	809623	810777	-	99	99.000
YMR272W-A	XIII	810466	810579	+	0	0.000
YMR272W-B	XIII	811089	811196	+	0	0.000
YMR273C	XIII	811233	813980	-	7	7.000
YMR274C	XIII	814364	815311	-	4	4.000
YMR275C	XIII	815651	818581	-	18	18.000
YMR276W	XIII	818827	819948	+	127	127.000
YMR277W	XIII	820256	822454	+	13	13.000
YMR278W	XIII	822763	824631	+	14	14.000
YMR279C	XIII	824729	826351	-	9	9.000
YMR280C	XIII	827028	831329	-	20	20.000
YMR281W	XIII	832339	833253	+	16	16.000
YMR282C	XIII	833356	835098	-	8	8.000
YMR283C	XIII	835326	836867	-	2	2.000
tY(GUA)M2	XIII	837928	838016	+	0	0.000
YMR284W	XIII	838187	839995	+	4	4.000
YMR285C	XIII	840144	841691	-	13	13.000
YMR286W	XIII	841942	842202	+	21	21.000
YMR287C	XIII	842436	845345	-	6	6.000
YMR288W	XIII	845571	848486	+	4	4.000
YMR289W	XIII	848685	849809	+	13	13.000
YMR290C	XIII	850074	851591	-	23	23.000
YMR290W-A	XIII	851422	851769	+	0	0.000
YMR291W	XIII	852630	854390	+	26	26.000
YMR292W	XIII	854795	855293	+	40	40.000
YMR293C	XIII	855399	856793	-	12	12.000
YMR294W	XIII	856966	858087	+	8	8.000
YMR294W-A	XIII	858209	858568	+	7	7.044
YMR295C	XIII	858297	858890	-	151	151.956
YMR296C	XIII	859215	860891	-	34	34.000
YMR297W	XIII	861922	863520	+	667	667.000
YMR298W	XIII	863819	864271	+	39	39.000
YMR299C	XIII	864412	865350	-	10	10.000
YMR300C	XIII	865559	867091	-	27	27.000
YMR301C	XIII	867555	869627	-	13	13.000
YMR302C	XIII	870073	872625	-	25	25.000
YMR303C	XIII	873291	874337	-	2848	3040.333
YMR304W	XIII	874987	878679	+	22	22.000
YMR304C-A	XIII	878780	879130	-	11	15.301
YMR305C	XIII	879063	880232	-	365	507.699
YMR306W	XIII	881159	886516	+	7	7.000
YMR306C-A	XIII	886183	886572	-	0	0.000
YMR307W	XIII	887003	888682	+	474	474.000
YMR307C-A	XIII	887731	887925	-	4	4.000
YMR308C	XIII	888952	892221	-	26	26.000
YMR309C	XIII	892988	895426	-	46	46.000
YMR310C	XIII	895716	896669	-	10	10.000
YMR311C	XIII	896914	897603	-	49	49.000
YMR312W	XIII	898405	899226	+	15	15.000
YMR313C	XIII	899379	901307	-	11	11.000
YMR314W	XIII	901709	902413	+	69	69.000
YMR315W	XIII	902800	903849	+	105	105.000
YMR315W-A	XIII	904286	904393	+	2	2.000
YMR316W	XIII	904825	905835	+	15	15.000
YMR316C-A	XIII	905662	905973	-	0	0.000
YMR316C-B	XIII	907321	907629	-	7	7.000
YMR317W	XIII	907364	910786	+	11	11.000
YMR318C	XIII	911061	912143	-	56	56.000
YMR319C	XIII	912880	914538	-	13	13.000
YMR320W	XIII	916746	917051	+	3	3.000
YMR321C	XIII	917579	917896	-	4	4.000
YMR322C	XIII	918366	919079	-	35	38.723
YMR323W	XIII	920088	921401	+	79	87.450
YMR324C	XIII	922202	922444	-	3	3.375
YMR325W	XIII	922641	923015	+	2	2.000
YMR326C	XIII	923494	923802	-	0	0.000
YNL339C	XIV	371	6098	-	1	20.581
YNL339W-B	XIV	734	1216	+	0	0.000
YNL339W-A	XIV	1517	2092	+	0	0.000
YNL338W	XIV	6561	6719	+	0	0.000
YNL337W	XIV	7165	7419	+	0	0.000
YNL336W	XIV	8330	9475	+	42	42.627
YNL335W	XIV	11452	12129	+	11	21.522
YNL334C	XIV	12208	12876	-	6	11.143
YNL333W	XIV	13267	14163	+	9	15.750
YNL332W	XIV	14832	15854	+	6	6.443
YNL331C	XIV	16118	17248	-	8	8.000
YNL330C	XIV	18001	19302	-	26	26.000
YNL329C	XIV	19541	22633	-	22	22.000
YNL328C	XIV	22834	23274	-	0	0.000
YNL327W	XIV	24048	27173	+	75	75.000
YNL326C	XIV	27337	28347	-	10	10.000
YNL325C	XIV	28739	31378	-	12	12.000
YNL324W	XIV	31050	31445	+	0	0.000
YNL323W	XIV	31944	33188	+	23	23.000
YNL322C	XIV	33294	34235	-	82	82.000
YNL321W	XIV	34696	37422	+	68	68.000
YNL320W	XIV	37700	38554	+	24	24.923
YNL319W	XIV	38642	39082	+	2	2.077
YNL318C	XIV	38707	40329	-	0	0.000
YNL317W	XIV	40619	42016	+	9	9.000
YNL316C	XIV	42071	43075	-	8	8.000
YNL315C	XIV	43324	44280	-	16	16.000
YNL314W	XIV	44447	45214	+	7	7.000
YNL313C	XIV	45308	48022	-	24	24.000
YNL312W	XIV	48287	49216	+	52	52.000
YNL311C	XIV	49397	51688	-	9	9.000
YNL310C	XIV	51907	52431	-	12	12.000
YNL309W	XIV	52662	53924	+	14	14.000
YNL308C	XIV	54122	55897	-	21	21.000
YNL307C	XIV	56446	57573	-	106	106.000
YNL306W	XIV	58155	58808	+	33	33.204
YNL305C	XIV	58898	59791	-	129	129.796
YNL304W	XIV	60297	61550	+	12	12.000
YNL303W	XIV	61510	61857	+	0	0.000
YNL302C	XIV	61958	62943	-	152	152.000
YNL301C	XIV	63570	64562	-	43	43.000
YNL300W	XIV	65744	66052	+	109	109.000
YNL299W	XIV	66517	68445	+	4	4.000
YNL298W	XIV	68915	71443	+	7	7.000
YNL297C	XIV	71673	76583	-	32	32.000
YNL296W	XIV	76273	76587	+	0	0.000
YNL295W	XIV	76946	78520	+	5	5.000
YNL294C	XIV	78659	80260	-	34	34.000
YNL293W	XIV	80640	82541	+	21	21.000
YNL292W	XIV	82806	84017	+	9	9.000
YNL291C	XIV	84169	85815	-	20	20.000
YNL290W	XIV	86218	87240	+	17	17.000
YNL289W	XIV	87897	88736	+	25	25.000
snR40	XIV	89210	89306	+	0	0.000
YNL288W	XIV	90303	91424	+	33	33.273
YNL287W	XIV	91994	94801	+	64	64.000
YNL286W	XIV	95223	96080	+	7	7.000
YNL285W	XIV	96173	96544	+	0	0.000
tG(UCC)N	XIV	96241	96312	-	0	0.000
YNL284C-B	XIV	96964	102232	-	16	16.527
YNL284C-A	XIV	100910	102232	-	0	0.000
tN(GUU)N1	XIV	102716	102789	+	0	0.000
YNL284C	XIV	103134	104102	-	34	34.000
tT(AGU)N1	XIV	104805	104877	+	0	0.000
YNL283C	XIV	105184	106695	-	52	52.000
YNL282W	XIV	107687	108274	+	2	2.000
YNL281W	XIV	108467	108928	+	98	98.742
YNL280C	XIV	109095	110411	-	77	77.000
YNL279W	XIV	110917	112902	+	4	4.000
YNL278W	XIV	113271	116453	+	9	9.000
YNL277W-A	XIV	116679	116867	+	2	2.000
YNL277W	XIV	117349	118809	+	60	61.000
YNL276C	XIV	118431	118826	-	0	0.000
YNL275W	XIV	119268	120998	+	7	7.000
YNL274C	XIV	121118	122170	-	191	191.137
YNL273W	XIV	122883	126599	+	14	14.000
YNL272C	XIV	126805	129084	-	18	18.000
YNL271C	XIV	129522	135383	-	12	12.000
YNL270C	XIV	135940	137661	-	13	13.000
YNL269W	XIV	137699	138094	+	1	1.000
YNL268W	XIV	138550	140385	+	55	55.000
YNL267W	XIV	140878	144078	+	18	19.000
YNL266W	XIV	144245	144664	+	0	0.000
YNL265C	XIV	144280	145281	-	12	12.000
YNL264C	XIV	145563	146615	-	13	13.000
YNL263C	XIV	146896	147840	-	71	71.000
YNL262W	XIV	148212	154880	+	8	8.000
YNL261W	XIV	155100	156539	+	11	11.000
YNL260C	XIV	156859	157455	-	4	4.000
YNL259C	XIV	157644	157865	-	22	22.000
YNL258C	XIV	158109	160373	-	18	18.000
YNL257C	XIV	160631	164320	-	8	8.000
YNL256W	XIV	164623	167097	+	13	13.000
YNL255C	XIV	167329	167790	-	54	54.000
YNL254C	XIV	168043	169248	-	3	3.000
YNL253W	XIV	170018	171286	+	13	13.000
YNL252C	XIV	171441	172286	-	9	9.000
YNL251C	XIV	172588	174315	-	87	87.000
YNL250W	XIV	175410	179348	+	9	9.000
YNL249C	XIV	179394	181022	-	8	8.000
YNL248C	XIV	181361	182608	-	7	7.000
YNL247W	XIV	182875	185178	+	27	27.000
YNL246W	XIV	185460	186349	+	16	16.000
YNL245C	XIV	186346	186885	-	14	14.000
YNL244C	XIV	187170	187496	-	68	68.000
YNL243W	XIV	188051	190957	+	33	33.000
YNL242W	XIV	191324	196102	+	19	19.000
YNL241C	XIV	196426	197943	-	359	359.000
YNL240C	XIV	198502	199977	-	26	26.000
YNL239W	XIV	200569	201933	+	94	94.000
YNL238W	XIV	202428	204872	+	15	15.000
YNL237W	XIV	205188	206567	+	58	58.000
YNL236W	XIV	206930	209854	+	11	11.000
YNL235C	XIV	209548	209979	-	0	0.000
YNL234W	XIV	210233	211513	+	2	2.000
YNL233W	XIV	211922	214600	+	12	12.000
YNL232W	XIV	214923	215801	+	18	18.000
YNL231C	XIV	215987	217042	-	13	13.000
YNL230C	XIV	217523	218662	-	5	5.012
YNL229C	XIV	219137	220201	-	18	18.000
YNL228W	XIV	220645	221421	+	2	2.000
YNL227C	XIV	220659	222431	-	6	6.000
YNL226W	XIV	222239	222649	+	0	0.000
YNL225C	XIV	222724	224469	-	11	11.000
YNL224C	XIV	224796	227099	-	9	9.000
YNL223W	XIV	227370	228854	+	13	13.000
YNL222W	XIV	229094	229714	+	12	12.000
snR19	XIV	230105	230672	-	4	4.000
YNL221C	XIV	231068	233695	-	19	19.000
YNL220W	XIV	234413	235714	+	62	62.000
YNL219C	XIV	235996	237663	-	81	81.000
YNL218W	XIV	238238	240001	+	4	4.000
YNL217W	XIV	240331	241311	+	6	6.000
YNL216W	XIV	241689	244172	+	23	23.000
YNL215W	XIV	244468	245430	+	23	23.000
YNL214W	XIV	245617	246216	+	6	6.000
YNL213C	XIV	246460	247104	-	6	6.000
YNL212W	XIV	247461	249809	+	21	21.000
YNL211C	XIV	250055	250315	-	2	2.000
YNL210W	XIV	250931	251743	+	1	1.000
YNL209W	XIV	252059	253900	+	321	376.967
YNL208W	XIV	254418	255017	+	451	451.000
YNL207W	XIV	255353	256630	+	10	10.000
YNL206C	XIV	256788	258155	-	12	12.000
YNL205C	XIV	258155	258577	-	0	0.000
YNL204C	XIV	258375	259277	-	4	4.000
YNL203C	XIV	259439	260050	-	0	0.000
YNL202W	XIV	259578	260456	+	201	201.838
YNL201C	XIV	260627	263203	-	8	8.000
YNL200C	XIV	263713	264453	-	107	107.000
YNL199C	XIV	264926	266530	-	22	22.000
YNL198C	XIV	266514	266816	-	0	0.000
YNL197C	XIV	267608	269593	-	24	24.000
YNL196C	XIV	270275	271171	-	8	8.000
YNL195C	XIV	271523	272308	-	154	157.983
YNL194C	XIV	272710	273615	-	78	80.017
YNL193W	XIV	274368	276044	+	7	7.000
YNL192W	XIV	276502	279897	+	83	83.000
YNL191W	XIV	280432	281505	+	8	8.000
YNL190W	XIV	282395	283009	+	173	173.000
YNL189W	XIV	284260	285888	+	69	69.000
YNL188W	XIV	286308	287609	+	10	10.000
YNL187W	XIV	287994	289067	+	6	6.000
YNL186W	XIV	289498	291876	+	29	29.000
YNL185C	XIV	292193	292669	-	22	28.000
YNL184C	XIV	292557	292883	-	0	0.000
YNL183C	XIV	293137	295509	-	22	22.000
YNL182C	XIV	295960	297627	-	4	4.000
YNL181W	XIV	298335	299558	+	6	6.000
YNL180C	XIV	299654	300649	-	37	37.000
YNL179C	XIV	300666	301103	-	1	1.000
YNL178W	XIV	302680	303402	+	221	222.991
YNL177C	XIV	303686	304615	-	16	16.000
YNL176C	XIV	305070	306980	-	41	41.000
YNL175C	XIV	307401	308612	-	10	10.000
YNL174W	XIV	308074	308646	+	0	0.000
YNL173C	XIV	308957	310057	-	57	57.000
YNL172W	XIV	310636	315882	+	8	8.000
YNL171C	XIV	315629	315997	-	0	0.000
YNL170W	XIV	315978	316373	+	0	0.000
YNL169C	XIV	316169	317671	-	29	29.000
YNL168C	XIV	318030	318809	-	28	28.000
YNL167C	XIV	319416	321359	-	20	20.000
YNL166C	XIV	322219	323565	-	11	11.000
YNL165W	XIV	323832	325052	+	21	21.000
YNL164C	XIV	325265	326320	-	13	13.000
YNL163C	XIV	326741	330073	-	12	12.000
YNL162W-A	XIV	330329	330547	+	2	2.000
YNL162W	XIV	331322	332154	+	113	113.693
YNL161W	XIV	332597	334867	+	24	24.000
YNL160W	XIV	336545	337609	+	334	334.000
YNL159C	XIV	338478	339347	-	27	27.000
YNL158W	XIV	339612	340208	+	1	1.100
YNL157W	XIV	340352	340858	+	39	42.900
YNL156C	XIV	341069	341968	-	85	85.000
YNL155W	XIV	342516	343340	+	24	24.000
YNL154C	XIV	343636	345276	-	25	25.000
YNL153C	XIV	345669	346058	-	14	14.000
YNL152W	XIV	346313	347542	+	11	11.000
YNL151C	XIV	347766	348521	-	6	6.000
YNL150W	XIV	349251	349658	+	0	0.000
YNL149C	XIV	349367	349756	-	41	41.000
YNL148C	XIV	349907	350671	-	3	3.000
YNL147W	XIV	350940	351383	+	13	13.000
YNL146C-A	XIV	351386	351580	-	3	3.000
YNL146W	XIV	351715	352017	+	4	4.000
YNL145W	XIV	352414	352530	+	57	57.000
YNL144C	XIV	352820	355042	-	13	13.000
YNL144W-A	XIV	353061	353144	+	0	0.000
YNL143C	XIV	356794	357186	-	3	3.000
YNL142W	XIV	357453	358952	+	108	108.000
YNL141W	XIV	359596	360639	+	13	13.000
YNL140C	XIV	360917	361486	-	1	1.889
YNL139C	XIV	360924	365717	-	8	15.111
YNL138W-A	XIV	366033	366412	+	5	5.000
YNL138W	XIV	366741	368321	+	42	42.000
YNL137C	XIV	368595	370055	-	33	33.000
YNL136W	XIV	370368	371645	+	11	11.000
YNL135C	XIV	371882	372226	-	298	298.879
YNL134C	XIV	372451	373581	-	36	36.000
YNL133C	XIV	374171	374692	-	13	13.000
tF(GAA)N	XIV	374869	374959	+	0	0.000
YNL132W	XIV	375321	378491	+	5	5.000
YNL131W	XIV	378767	379225	+	61	61.000
YNL130C	XIV	379558	380831	-	92	92.000
YNL130C-A	XIV	381245	381391	-	2	2.000
YNL129W	XIV	381480	382202	+	7	7.000
YNL128W	XIV	382359	383663	+	0	0.000
YNL127W	XIV	383987	386848	+	9	9.000
YNL126W	XIV	387227	389767	+	13	13.000
YNL125C	XIV	390146	392167	-	152	152.000
YNL124W	XIV	392892	394370	+	10	10.000
YNL123W	XIV	394685	397678	+	29	29.000
YNL122C	XIV	398023	398370	-	19	19.000
YNL121C	XIV	398684	400537	-	36	36.000
YNL120C	XIV	401033	401518	-	0	0.000
YNL119W	XIV	401040	402521	+	7	7.000
YNL118C	XIV	402652	405564	-	20	20.000
YNL117W	XIV	406358	408022	+	25	25.000
YNL116W	XIV	408341	409909	+	33	33.000
YNL115C	XIV	410119	412053	-	37	37.000
YNL114C	XIV	412684	413055	-	0	0.000
YNL113W	XIV	412771	413199	+	15	15.000
YNL112W	XIV	413639	416281	+	8	8.000
YNL111C	XIV	416940	417302	-	73	73.000
YNL110C	XIV	417826	418488	-	6	6.000
YNL109W	XIV	418964	419509	+	5	5.000
YNL108C	XIV	419014	419826	-	5	5.000
YNL107W	XIV	420098	420778	+	5	5.000
YNL106C	XIV	420944	424495	-	6	6.000
YNL105W	XIV	424155	424583	+	0	0.000
YNL104C	XIV	424895	426754	-	648	648.000
YNL103W-A	XIV	426719	426808	+	8	8.000
YNL103W	XIV	427735	429753	+	20	20.000
YNL102W	XIV	430087	434493	+	7	7.000
YNL101W	XIV	434999	437140	+	46	46.126
YNL100W	XIV	437613	438317	+	59	59.000
YNL099C	XIV	438567	439283	-	14	14.000
YNL098C	XIV	439602	440570	-	35	35.000
YNL097C-B	XIV	440797	440919	-	0	0.000
YNL097C	XIV	441366	442358	-	4	4.000
YNL097W-A	XIV	441431	441586	+	0	0.000
tL(CAA)N	XIV	443006	443119	+	0	0.000
YNL096C	XIV	443398	444315	-	63	63.000
YNL095C	XIV	444912	446840	-	15	15.000
YNL094W	XIV	447611	449374	+	25	25.000
YNL093W	XIV	449868	450530	+	7	7.000
YNL092W	XIV	450871	452073	+	7	7.000
YNL091W	XIV	452408	456130	+	38	38.000
YNL090W	XIV	456565	457143	+	13	13.000
YNL089C	XIV	456693	457169	-	3	3.000
YNL088W	XIV	457704	461990	+	17	17.000
YNL087W	XIV	462411	465947	+	53	53.000
YNL086W	XIV	466334	466642	+	8	8.000
YNL085W	XIV	467131	469623	+	35	35.000
YNL084C	XIV	470053	471102	-	14	14.000
YNL083W	XIV	471377	472861	+	11	11.000
YNL082W	XIV	473391	476012	+	10	10.000
YNL081C	XIV	476188	476619	-	22	22.000
YNL080C	XIV	476932	478032	-	34	34.000
YNL079C	XIV	478566	479165	-	78	78.000
YNL078W	XIV	479768	480991	+	6	6.000
YNL077W	XIV	481391	482977	+	28	28.000
YNL076W	XIV	483556	485310	+	12	12.000
YNL075W	XIV	485607	486479	+	7	7.000
YNL074C	XIV	486766	488124	-	41	41.000
YNL073W	XIV	488386	490116	+	24	24.000
YNL072W	XIV	490317	491240	+	13	13.000
YNL071W	XIV	491523	492971	+	218	218.000
YNL070W	XIV	493366	493548	+	45	45.000
YNL069C	XIV	493956	495001	-	319	319.201
YNL068C	XIV	495701	498289	-	12	12.000
YNL067W-A	XIV	498538	498684	+	0	0.000
YNL067W-B	XIV	499417	499557	+	0	0.000
YNL067W	XIV	499681	500256	+	238	238.000
YNL066W	XIV	501515	502777	+	61	61.000
YNL065W	XIV	503724	505484	+	2	2.000
YNL064C	XIV	505868	507097	-	183	183.000
YNL063W	XIV	507758	508702	+	20	20.000
YNL062C	XIV	508776	510212	-	7	7.000
YNL061W	XIV	510540	512396	+	16	16.000
YNL059C	XIV	512668	514935	-	18	18.000
YNL058C	XIV	515763	516713	-	13	13.000
YNL057W	XIV	516403	516735	+	3	3.000
YNL056W	XIV	517249	517842	+	17	17.000
YNL055C	XIV	517994	518845	-	1209	1211.829
tD(GUC)N	XIV	519099	519169	-	10	10.008
YNL054W-A	XIV	519456	520778	+	0	0.000
YNL054W-B	XIV	519456	524706	+	1	2.131
YNL054W	XIV	526086	529583	+	14	14.000
YNL053W	XIV	529942	531411	+	24	24.000
YNL052W	XIV	531725	532186	+	471	471.000
YNL051W	XIV	532659	533870	+	15	15.000
YNL050C	XIV	534079	534982	-	9	9.000
YNL049C	XIV	535281	537911	-	11	11.000
YNL048W	XIV	538173	539819	+	27	27.000
YNL047C	XIV	539911	541881	-	9	9.000
YNL046W	XIV	542304	542822	+	14	14.000
YNL045W	XIV	542963	544978	+	39	39.000
YNL044W	XIV	545268	545877	+	113	113.934
YNL043C	XIV	545589	545909	-	8	8.066
tP(UGG)N1	XIV	547094	547196	+	0	0.000
YNL042W-B	XIV	547113	547370	+	1	1.000
YNL042W	XIV	548100	549290	+	16	16.000
YNL041C	XIV	549468	551987	-	7	7.000
YNL040W	XIV	553380	554750	+	15	15.000
YNL039W	XIV	555048	556832	+	15	15.000
YNL038W	XIV	557020	557783	+	10	10.000
YNL037C	XIV	557920	559002	-	96	96.000
YNL036W	XIV	559814	560479	+	639	639.000
tT(AGU)N2	XIV	560693	560765	-	0	0.000
tP(UGG)N2	XIV	568115	568217	+	1	1.000
YNL035C	XIV	568522	569691	-	14	15.000
tI(AAU)N1	XIV	569867	569940	-	0	0.000
YNL034W	XIV	570477	572315	+	3	3.000
YNL033W	XIV	572999	573853	+	0	0.000
YNL032W	XIV	574506	575351	+	12	12.000
YNL031C	XIV	575640	576050	-	330	330.000
YNL030W	XIV	576727	577038	+	187	187.000
YNL029C	XIV	577205	578773	-	15	15.000
YNL028W	XIV	578679	578996	+	0	0.000
YNL027W	XIV	579580	581616	+	12	12.000
YNL026W	XIV	581920	583374	+	21	21.000
YNL025C	XIV	584320	585291	-	6	6.000
NME1	XIV	585587	585926	+	2	2.000
snR66	XIV	586090	586175	+	4	4.000
YNL024C-A	XIV	586602	586820	-	68	68.000
YNL024C	XIV	587107	587847	-	0	0.000
YNL023C	XIV	588263	591160	-	14	14.000
YNL022C	XIV	591427	592899	-	8	8.000
YNL021W	XIV	593227	595347	+	5	5.000
YNL020C	XIV	595623	597539	-	17	17.000
YNL019C	XIV	598376	599230	-	1	1.000
YNL018C	XIV	599936	601774	-	2	2.000
YNL017C	XIV	602138	602476	-	0	0.000
tI(AAU)N2	XIV	602312	602385	+	0	0.000
YNL016W	XIV	602907	604268	+	38	38.000
YNL015W	XIV	605384	605611	+	105	105.000
YNL014W	XIV	606319	609453	+	31	31.000
YNL013C	XIV	609133	609510	-	0	0.000
YNL012W	XIV	609686	611665	+	47	47.000
YNL011C	XIV	611836	613170	-	12	12.000
YNL010W	XIV	613635	614360	+	36	36.000
YNL009W	XIV	614821	616083	+	28	28.000
YNL008C	XIV	616211	618241	-	28	28.110
YNL007C	XIV	618507	619565	-	226	226.890
YNL006W	XIV	620067	620978	+	24	24.000
YNL005C	XIV	621313	622428	-	43	43.000
YNL004W	XIV	622915	624621	+	43	43.000
YNL003C	XIV	624975	625829	-	32	32.000
YNL002C	XIV	626174	627142	-	22	22.000
YNL001W	XIV	627456	628616	+	6	6.000
YNR001C	XIV	629622	631061	-	575	575.000
YNR001W-A	XIV	631263	631481	+	0	0.000
tP(AGG)N	XIV	631846	631917	-	0	0.000
tN(GUU)N2	XIV	632599	632672	+	1	1.000
YNR002C	XIV	633008	633856	-	985	985.840
YNR003C	XIV	634344	635297	-	8	8.000
YNR003W-A	XIV	634420	634518	+	0	0.000
YNR004W	XIV	635943	636383	+	4	4.000
YNR005C	XIV	636931	637335	-	0	0.000
YNR006W	XIV	636986	638854	+	20	20.000
YNR007C	XIV	639182	640114	-	35	35.000
YNR008W	XIV	640396	642381	+	6	6.000
YNR009W	XIV	642690	643439	+	9	9.000
YNR010W	XIV	643744	644193	+	7	7.000
YNR011C	XIV	644320	646950	-	9	9.000
YNR012W	XIV	647432	648937	+	10	10.000
YNR013C	XIV	649028	651712	-	23	23.000
YNR014W	XIV	652465	653103	+	7	7.000
YNR015W	XIV	653387	654541	+	7	7.000
YNR016C	XIV	654673	661374	-	848	848.227
YNR017W	XIV	662913	663581	+	77	77.000
YNR018W	XIV	664270	664944	+	24	24.000
YNR019W	XIV	665339	667267	+	68	68.000
YNR020C	XIV	667410	668222	-	14	14.000
YNR021W	XIV	668377	669591	+	43	43.000
YNR022C	XIV	669774	670193	-	14	14.000
YNR023W	XIV	670418	672118	+	21	21.000
YNR024W	XIV	672409	672969	+	3	3.000
YNR025C	XIV	672702	673061	-	2	2.000
YNR026C	XIV	673274	674689	-	8	8.000
YNR027W	XIV	674923	675876	+	1	1.000
YNR028W	XIV	676177	677103	+	26	26.000
YNR029C	XIV	677199	678488	-	18	18.000
YNR030W	XIV	678799	680454	+	87	87.000
YNR031C	XIV	680694	685433	-	7	7.000
YNR032W	XIV	686010	687116	+	20	20.000
YNR032C-A	XIV	687243	687464	-	10	10.000
YNR033W	XIV	687635	689998	+	28	28.000
YNR034W	XIV	690321	691286	+	25	25.000
YNR034W-A	XIV	692561	692857	+	171	171.000
YNR035C	XIV	693019	694047	-	48	48.000
YNR036C	XIV	694361	694822	-	99	99.000
YNR037C	XIV	695052	695327	-	25	25.000
YNR038W	XIV	695595	697484	+	9	9.000
YNR039C	XIV	697614	699431	-	13	13.000
YNR040W	XIV	699690	700460	+	9	9.000
YNR041C	XIV	700541	701659	-	28	28.000
YNR042W	XIV	701238	701666	+	0	0.000
YNR043W	XIV	701895	703085	+	97	97.000
YNR044W	XIV	703699	705876	+	9	9.000
YNR045W	XIV	706139	707608	+	10	10.000
YNR046W	XIV	707788	708195	+	15	15.000
YNR047W	XIV	708523	711204	+	18	18.000
YNR048W	XIV	711630	712811	+	9	9.000
YNR049C	XIV	713023	713655	-	10	10.000
YNR050C	XIV	714048	715388	-	41	41.000
snR49	XIV	716120	716284	+	1	1.000
YNR051C	XIV	716780	718327	-	21	21.000
YNR052C	XIV	719346	720647	-	24	24.000
YNR053C	XIV	721120	723112	-	12	12.000
snR191	XIV	721938	722211	-	0	0.000
YNR054C	XIV	723356	724306	-	3	3.000
tL(UAA)N	XIV	726134	726217	-	0	0.000
YNR055C	XIV	728426	730186	-	42	42.000
YNR056C	XIV	731618	733303	-	9	9.000
YNR057C	XIV	733356	734069	-	16	16.000
YNR058W	XIV	734291	735733	+	12	12.000
YNR059W	XIV	736803	738545	+	9	9.000
YNR060W	XIV	739951	742110	+	7	7.000
YNR061C	XIV	742881	743540	-	39	39.000
YNR062C	XIV	744360	745343	-	2	2.000
YNR063W	XIV	746943	748766	+	5	5.000
YNR064C	XIV	749136	750008	-	4	4.000
YNR065C	XIV	750350	753700	-	12	12.000
YNR066C	XIV	753725	755035	-	1	1.000
YNR067C	XIV	755746	759099	-	70	70.000
YNR068C	XIV	760067	760885	-	4	4.000
YNR069C	XIV	761123	762592	-	6	6.000
YNR070W	XIV	765375	769376	+	0	0.000
YNR071C	XIV	770440	771468	-	0	0.000
YNR072W	XIV	772657	774351	+	6	6.000
YNR073C	XIV	774792	776300	-	19	19.000
YNR074C	XIV	777602	778738	-	0	0.000
YNR075W	XIV	779916	781040	+	0	0.000
YNR075C-A	XIV	781511	781603	-	0	0.000
YNR076W	XIV	781918	782280	+	0	0.000
YNR077C	XIV	783287	783541	-	0	0.000
YOL166W-A	XV	585	740	+	0	0.000
YOL166C	XV	1000	1338	-	0	0.000
YOL165C	XV	1647	2078	-	0	0.000
YOL164W-A	XV	4130	4312	+	1	1.000
YOL164W	XV	6175	8115	+	7	7.000
YOL163W	XV	9597	10106	+	4	4.800
YOL162W	XV	10119	10766	+	1	1.200
YOL161C	XV	11549	11911	-	0	0.000
YOL160W	XV	14313	14654	+	0	0.000
YOL159C-A	XV	15233	15505	-	3	3.000
YOL159C	XV	17281	17796	-	19	19.000
YOL158C	XV	19491	21311	-	23	23.000
YOL157C	XV	22525	24294	-	10	11.154
YOL156W	XV	25273	26976	+	3	4.333
YOL155W-A	XV	27084	27218	+	1	1.000
YOL155C	XV	28703	31606	-	718	718.000
YOL154W	XV	34658	35407	+	12	12.000
YOL152W	XV	40748	42610	+	19	19.000
YOL151W	XV	43694	44722	+	60	60.000
YOL150C	XV	44473	44784	-	0	0.000
YOL149W	XV	44938	45633	+	15	15.000
YOL148C	XV	45760	47574	-	10	10.000
YOL147C	XV	47933	48643	-	286	286.000
YOL146W	XV	48864	49448	+	17	17.000
YOL145C	XV	49555	52788	-	14	14.000
YOL144W	XV	53098	54552	+	4	4.000
YOL143C	XV	54595	55104	-	58	58.000
YOL142W	XV	55558	56280	+	21	21.000
YOL141W	XV	56452	58539	+	0	0.000
YOL140W	XV	58759	60030	+	32	32.000
YOL139C	XV	60383	61024	-	90	90.000
YOL138C	XV	61325	65350	-	16	16.000
YOL137W	XV	65621	67114	+	19	19.000
YOL136C	XV	67561	68754	-	10	10.000
YOL135C	XV	69376	70044	-	8	8.000
YOL134C	XV	70156	70545	-	1	1.000
YOL133W	XV	70325	70690	+	22	22.000
YOL132W	XV	71300	72715	+	3	3.000
YOL131W	XV	73031	73357	+	2	2.000
YOL130W	XV	74400	76979	+	20	20.000
YOL129W	XV	77560	78114	+	129	129.000
YOL128C	XV	78352	79479	-	8	8.000
YOL127W	XV	80348	81190	+	262	262.000
YOL126C	XV	81787	82920	-	114	114.000
YOL125W	XV	83834	85264	+	6	6.000
YOL124C	XV	85456	86757	-	5	5.000
YOL123W	XV	87844	89448	+	78	78.000
YOL122C	XV	89692	91419	-	55	55.000
YOL121C	XV	92026	92850	-	66	66.000
YOL120C	XV	93395	94402	-	402	402.000
YOL119C	XV	94856	96361	-	45	45.000
YOL118C	XV	96608	96916	-	7	7.000
YOL117W	XV	97551	99488	+	8	8.000
YOL116W	XV	99809	100957	+	18	18.000
YOL115W	XV	101475	103229	+	9	9.000
YOL114C	XV	103317	103925	-	8	8.000
YOL113W	XV	104326	106293	+	45	45.000
YOL112W	XV	106710	108188	+	19	19.000
YOL111C	XV	108258	108896	-	29	29.000
YOL110W	XV	109176	109889	+	76	76.000
YOL109W	XV	110297	110638	+	434	434.931
tG(UCC)O	XV	110962	111033	-	0	0.000
YOL108C	XV	111431	111886	-	16	16.000
YOL107W	XV	112102	113130	+	8	8.000
YOL106W	XV	113226	113579	+	6	6.000
tT(AGU)O1	XV	113802	113874	+	0	0.000
YOL105C	XV	114138	115808	-	48	48.000
YOL104C	XV	116396	117454	-	3	3.000
YOL103W-A	XV	118000	119322	+	0	0.000
YOL103W-B	XV	118000	123268	+	0	0.000
YOL103W	XV	124001	125830	+	15	15.000
YOL102C	XV	125997	126689	-	13	13.000
YOL101C	XV	126982	127920	-	41	41.000
YOL100W	XV	129237	132482	+	36	36.000
YOL099C	XV	132017	132508	-	4	4.103
YOL098C	XV	132725	135838	-	35	35.897
snR58	XV	136088	136183	-	0	0.000
YOL097W-A	XV	136220	136405	+	1	1.000
YOL097C	XV	136527	137825	-	34	34.000
YOL096C	XV	138107	139045	-	10	10.000
YOL095C	XV	139227	141347	-	8	8.000
YOL094C	XV	141584	142555	-	16	16.000
YOL093W	XV	142815	143696	+	9	9.000
YOL092W	XV	144204	145130	+	41	41.000
YOL091W	XV	145334	147163	+	3	3.000
YOL090W	XV	147382	150276	+	12	12.000
YOL089C	XV	150398	153490	-	9	9.000
YOL088C	XV	153912	154745	-	39	39.000
YOL087C	XV	155287	158637	-	13	13.000
YOL086W-A	XV	159173	159445	+	18	18.000
YOL086C	XV	159548	160594	-	1013	1082.345
YOL085W-A	XV	161579	161791	+	24	24.000
YOL085C	XV	161673	162014	-	1	1.000
YOL084W	XV	162356	165331	+	134	134.000
YOL083W	XV	165714	166952	+	64	64.000
YOL083C-A	XV	166461	166601	-	1	1.000
YOL082W	XV	168727	169974	+	38	38.000
YOL081W	XV	171070	180309	+	54	54.000
YOL080C	XV	180558	181427	-	2	2.000
YOL079W	XV	181057	181455	+	0	0.000
YOL078W	XV	181682	185212	+	1	1.000
YOL077W-A	XV	185438	185644	+	55	55.000
YOL077C	XV	185848	186723	-	11	11.000
YOL076W	XV	187024	189414	+	7	7.000
YOL075C	XV	189658	193542	-	10	10.000
YOL073C	XV	193832	194800	-	23	23.000
YOL072W	XV	194970	196337	+	11	11.000
YOL071W	XV	196507	196995	+	47	47.000
YOL070C	XV	197220	198725	-	16	16.000
YOL069W	XV	198942	200297	+	7	7.000
YOL068C	XV	200368	201879	-	33	33.917
YOL067C	XV	201985	202518	-	3	3.083
YOL066C	XV	202696	204471	-	7	7.000
YOL065C	XV	204731	205885	-	11	11.000
YOL064C	XV	206103	207176	-	42	42.000
YOL063C	XV	207392	210265	-	16	16.000
YOL062C	XV	210520	211995	-	43	43.000
YOL061W	XV	212244	213734	+	51	51.000
YOL060C	XV	214017	216137	-	49	49.000
YOL059W	XV	217126	218448	+	38	38.000
YOL058W	XV	219211	220473	+	270	270.000
YOL057W	XV	220767	222902	+	28	28.000
YOL056W	XV	223268	224179	+	3	3.000
YOL055C	XV	224420	226075	-	3	3.000
tG(GCC)O1	XV	226611	226681	-	0	0.000
tN(GUU)O1	XV	228331	228404	+	0	0.000
YOL054W	XV	228614	229834	+	11	11.000
YOL053W	XV	230085	231272	+	9	9.000
YOL052C-A	XV	231570	231755	-	2097	2098.392
YOL052C	XV	232446	233636	-	17	17.000
snR81	XV	234346	234546	+	0	0.000
YOL051W	XV	234940	238185	+	39	39.000
YOL050C	XV	237882	238202	-	1	1.000
YOL049W	XV	238619	240094	+	36	36.000
YOL048C	XV	240204	241310	-	45	45.000
YOL047C	XV	241614	242747	-	5	5.000
YOL046C	XV	243466	244140	-	1	1.000
YOL045W	XV	243497	246802	+	8	8.000
YOL044W	XV	247150	248301	+	10	10.000
YOL043C	XV	248392	249534	-	6	6.000
YOL042W	XV	249825	250916	+	14	14.000
YOL041C	XV	251267	252646	-	7	7.000
YOL040C	XV	253149	253577	-	330	330.000
YOL039W	XV	254297	254617	+	330	330.000
YOL038C-A	XV	254926	255021	-	0	0.000
YOL038W	XV	255337	256101	+	84	84.000
YOL037C	XV	256666	257019	-	1	1.000
YOL036W	XV	256745	259030	+	39	39.000
YOL035C	XV	258803	259105	-	0	0.000
snR50	XV	259489	259578	+	1	1.000
YOL034W	XV	259923	263204	+	12	12.000
YOL033W	XV	263475	265085	+	2	2.000
YOL032W	XV	265429	266169	+	34	34.000
YOL031C	XV	266264	267529	-	8	8.000
YOL030W	XV	268187	269641	+	146	146.000
YOL029C	XV	269815	270420	-	2	2.000
YOL028C	XV	270633	271370	-	2	2.000
YOL027C	XV	272003	273724	-	49	49.000
YOL026C	XV	274012	274353	-	26	26.000
tS(GCU)O	XV	274673	274773	+	0	0.000
YOL025W	XV	274957	276939	+	14	14.000
YOL024W	XV	277086	277604	+	0	0.000
YOL023W	XV	278056	280086	+	6	6.000
YOL022C	XV	280272	281498	-	23	23.000
tG(GCC)O2	XV	282164	282234	+	0	0.000
YOL021C	XV	282421	285426	-	24	24.000
YOL020W	XV	286172	287950	+	4	4.000
tY(GUA)O	XV	288192	288280	+	0	0.000
YOL019W-A	XV	288420	288572	+	0	0.000
YOL019W	XV	288898	290553	+	25	25.000
YOL018C	XV	290881	292074	-	15	15.000
YOL017W	XV	292529	294673	+	14	14.000
YOL016C	XV	294777	296120	-	17	17.000
YOL015W	XV	297078	298838	+	2	2.000
YOL014W	XV	299693	300067	+	2	2.000
YOL013W-B	XV	300690	300980	+	1	1.000
YOL013W-A	XV	301047	301238	+	0	0.500
tP(UGG)O1	XV	301097	301198	+	0	0.500
YOL013C	XV	301380	303035	-	21	21.000
YOL012C	XV	303579	303983	-	79	79.000
YOL011W	XV	305349	307409	+	37	37.000
YOL010W	XV	307938	309041	+	7	7.000
YOL009C	XV	309324	310139	-	10	10.000
YOL008W	XV	310312	310935	+	5	5.000
YOL007C	XV	311342	312367	-	19	19.000
YOL006C	XV	313078	315387	-	17	17.000
YOL005C	XV	315813	316175	-	22	22.000
YOL004W	XV	316938	321548	+	25	25.000
YOL003C	XV	321858	322994	-	18	18.000
YOL002C	XV	323411	324364	-	37	37.000
YOL001W	XV	325249	326130	+	14	14.000
YOR001W	XV	326832	329033	+	19	19.000
YOR002W	XV	329417	331051	+	75	75.000
YOR003W	XV	331455	332891	+	24	24.000
YOR004W	XV	333592	334356	+	4	4.000
YOR005C	XV	334509	337343	-	17	17.000
YOR006C	XV	337680	338621	-	11	11.000
YOR007C	XV	338938	339978	-	204	204.000
tR(ACG)O	XV	340299	340371	-	0	0.000
YOR008C	XV	341278	342414	-	81	81.000
YOR008C-A	XV	342857	343081	-	0	0.000
YOR008W-B	XV	343929	344030	+	2	2.000
YOR009W	XV	344335	345798	+	12	12.000
YOR010C	XV	346195	346950	-	129	129.000
YOR011W	XV	349679	353863	+	24	24.000
tT(AGU)O2	XV	354041	354113	-	0	0.000
YOR011W-A	XV	355652	355858	+	0	0.000
YOR012W	XV	356543	356956	+	1	1.000
YOR013W	XV	356751	357221	+	2	2.000
YOR014W	XV	357674	359947	+	31	32.409
YOR015W	XV	359993	360352	+	13	13.591
YOR016C	XV	360461	361084	-	35	35.000
YOR017W	XV	361412	363814	+	12	12.000
YOR018W	XV	364369	366882	+	10	10.000
YOR019W	XV	368127	370319	+	8	8.000
YOR020C	XV	370524	370844	-	296	296.000
YOR020W-A	XV	371685	371957	+	39	39.000
YOR021C	XV	372798	373439	-	20	20.000
YOR022C	XV	373710	375857	-	4	4.000
YOR023C	XV	376012	377712	-	30	30.000
YOR024W	XV	377847	378170	+	0	0.000
YOR025W	XV	378219	379562	+	8	8.000
YOR026W	XV	379781	380806	+	15	15.000
YOR027W	XV	381053	382822	+	262	262.000
YOR028C	XV	383533	384420	-	7	7.000
YOR029W	XV	384600	384935	+	1	1.000
YOR030W	XV	386825	388684	+	12	12.000
YOR032C	XV	389771	391075	-	11	11.000
YOR032W-A	XV	392176	392376	+	4	4.000
YOR033C	XV	392416	394524	-	6	6.000
YOR034C	XV	394837	397086	-	30	30.000
YOR034C-A	XV	397426	397668	-	2	2.000
YOR035C	XV	397735	400104	-	20	20.000
YOR036W	XV	400348	401214	+	31	31.000
YOR037W	XV	401555	402655	+	6	6.000
YOR038C	XV	402761	405388	-	12	12.000
YOR039W	XV	405768	406544	+	45	45.000
YOR040W	XV	407064	407921	+	28	28.000
snR9	XV	407948	408134	-	3	3.000
YOR041C	XV	408358	408789	-	0	0.000
YOR042W	XV	408425	409660	+	42	42.000
snR62	XV	409765	409864	-	0	0.000
YOR043W	XV	410870	412330	+	28	28.000
YOR044W	XV	413007	413480	+	12	12.000
YOR045W	XV	413852	414037	+	76	76.000
YOR046C	XV	414459	415907	-	18	18.000
YOR047C	XV	416347	417681	-	6	6.000
YOR048C	XV	418630	421650	-	20	20.000
YOR049C	XV	422668	423732	-	5	5.000
YOR050C	XV	424270	424617	-	2	2.000
YOR051C	XV	424846	426084	-	12	12.000
YOR052C	XV	426772	427224	-	75	75.000
YOR053W	XV	427817	428158	+	1	1.000
YOR054C	XV	427833	429857	-	17	17.000
YOR055W	XV	429478	429912	+	0	0.000
YOR056C	XV	430247	431626	-	23	23.000
YOR057W	XV	432186	433373	+	8	8.000
YOR058C	XV	433688	436345	-	11	11.000
tK(UUU)O	XV	438643	438738	+	0	0.000
YOR059C	XV	438906	440258	-	25	25.000
YOR060C	XV	440390	441163	-	2	2.000
YOR061W	XV	441534	442553	+	22	22.000
YOR062C	XV	442725	443531	-	5	5.000
YOR063W	XV	444686	445849	+	541	541.000
YOR064C	XV	446079	446738	-	18	18.000
YOR065W	XV	447439	448368	+	235	235.000
YOR066W	XV	449436	451325	+	4	4.000
YOR067C	XV	451729	453462	-	28	28.000
YOR069W	XV	453768	455795	+	9	9.000
YOR068C	XV	453869	454213	-	0	0.000
YOR070C	XV	455907	457820	-	24	24.000
YOR071C	XV	459480	461276	-	10	10.000
YOR072W	XV	461502	461816	+	1	1.000
YOR072W-A	XV	461791	462039	+	1	1.000
tP(UGG)O2	XV	464450	464551	+	0	0.000
YOR072W-B	XV	464469	464630	+	0	0.000
YOR073W	XV	464771	466543	+	13	13.000
YOR074C	XV	466675	467589	-	9	9.000
YOR073W-A	XV	467390	467623	+	0	0.000
YOR075W	XV	468212	469252	+	12	12.000
YOR076C	XV	469377	471620	-	7	7.000
YOR077W	XV	471899	472597	+	3	3.000
YOR078W	XV	472725	473369	+	2	2.000
YOR079C	XV	473475	474416	-	15	15.000
YOR080W	XV	474594	476792	+	5	5.000
YOR081C	XV	476939	479188	-	8	8.000
YOR082C	XV	479296	479637	-	0	0.000
YOR083W	XV	479533	480420	+	3	3.000
YOR084W	XV	480587	481750	+	68	68.000
YOR085W	XV	482033	483085	+	52	52.000
YOR086C	XV	483219	486779	-	37	37.000
tN(GUU)O2	XV	487439	487512	+	0	0.000
YOR087W	XV	487707	489734	+	30	30.000
YOR089C	XV	490196	490828	-	26	26.000
YOR090C	XV	491123	492841	-	25	25.000
YOR091W	XV	493433	494470	+	5	5.000
YOR092W	XV	495127	496968	+	9	9.000
YOR093C	XV	497506	502452	-	10	10.000
YOR094W	XV	502795	503346	+	6	6.000
YOR095C	XV	503552	504328	-	7	7.000
YOR096W	XV	505794	506767	+	159	159.000
YOR097C	XV	506978	507505	-	8	8.000
YOR098C	XV	507948	511178	-	17	17.000
YOR099W	XV	511825	513006	+	131	131.819
YOR100C	XV	513295	514278	-	45	45.000
YOR101W	XV	515244	516173	+	9	9.000
YOR102W	XV	516423	516773	+	1	1.000
YOR103C	XV	516449	516841	-	54	54.000
YOR104W	XV	517642	518490	+	9	22.000
YOR105W	XV	518195	518521	+	0	0.000
YOR106W	XV	519121	519972	+	9	9.000
YOR107W	XV	521353	522282	+	4	4.000
YOR108W	XV	523027	524841	+	9	9.000
YOR108C-A	XV	524605	524814	-	1	1.000
YOR109W	XV	525278	528601	+	10	10.000
YOR110W	XV	528941	530248	+	7	7.000
YOR111W	XV	530429	531127	+	8	8.000
YOR112W	XV	531508	533793	+	14	14.000
YOR113W	XV	534075	536819	+	21	21.000
YOR114W	XV	537570	538454	+	5	5.000
YOR115C	XV	538659	539465	-	16	16.000
YOR116C	XV	539763	544145	-	22	22.000
YOR117W	XV	545029	546333	+	114	114.000
YOR118W	XV	546857	548560	+	17	17.000
YOR119C	XV	548792	550246	-	11	11.000
YOR120W	XV	551114	552052	+	105	105.000
YOR121C	XV	551798	552103	-	5	5.041
YOR122C	XV	552298	552887	-	365	367.959
YOR123C	XV	553176	554570	-	19	19.000
YOR124C	XV	554824	558642	-	20	20.000
YOR125C	XV	559030	559731	-	8	8.000
YOR126C	XV	559961	560677	-	20	20.000
YOR127W	XV	561170	564193	+	17	17.000
YOR128C	XV	564476	566191	-	31	31.000
YOR129C	XV	566877	569558	-	17	17.000
YOR130C	XV	569929	570807	-	16	16.000
tD(GUC)O	XV	571958	572029	+	0	0.000
YOR131C	XV	572182	572838	-	5	5.000
YOR132W	XV	573175	574830	+	14	14.000
YOR133W	XV	575098	577626	+	187	365.697
YOR134W	XV	578564	579793	+	17	17.000
YOR135C	XV	580159	580500	-	0	0.000
YOR136W	XV	580250	581359	+	89	89.000
YOR137C	XV	581813	583681	-	15	15.000
YOR138C	XV	584309	586324	-	55	55.000
YOR139C	XV	586950	587342	-	0	0.000
YOR140W	XV	586981	589281	+	13	13.000
YOR141C	XV	589942	592587	-	19	19.000
YOR142W	XV	593057	594046	+	418	418.000
tG(CCC)O	XV	594354	594425	-	0	0.000
YOR142W-A	XV	595112	596434	+	0	0.000
YOR142W-B	XV	595112	600380	+	1	1.228
YOR143C	XV	601383	602342	-	1	1.000
YOR144C	XV	602717	605092	-	3	3.000
YOR145C	XV	605347	606171	-	30	30.000
YOR146W	XV	605873	606178	+	1	1.000
YOR147W	XV	606607	608475	+	27	27.000
YOR148C	XV	608640	609197	-	15	15.000
YOR149C	XV	609838	611388	-	14	14.000
YOR150W	XV	611999	612490	+	55	55.000
YOR151C	XV	612997	616671	-	44	44.000
YOR152C	XV	617518	618288	-	43	43.000
YOR153W	XV	619840	624375	+	40	40.000
YOR154W	XV	624729	626492	+	8	8.000
YOR155C	XV	626628	627980	-	27	27.000
YOR156C	XV	628360	630540	-	9	9.000
YOR157C	XV	630966	631751	-	81	81.000
YOR158W	XV	632164	633120	+	17	17.000
YOR159C	XV	633282	633566	-	15	15.000
YOR160W	XV	633839	636757	+	10	10.000
YOR161C	XV	636939	638558	-	105	105.000
YOR161W-A	XV	637574	637654	+	0	0.000
YOR161W-B	XV	637975	638235	+	0	0.000
YOR161C-C	XV	639121	639267	-	0	0.000
YOR162C	XV	639560	641992	-	17	17.000
YOR163W	XV	642741	643307	+	11	11.000
YOR164C	XV	643394	644332	-	13	13.000
YOR165W	XV	644566	646896	+	36	36.000
YOR166C	XV	647126	648502	-	4	4.000
YOR167C	XV	648804	649007	-	256	256.000
YOR168W	XV	649303	651732	+	24	24.000
YOR169C	XV	651376	651840	-	0	0.000
YOR170W	XV	651858	652163	+	0	0.000
YOR171C	XV	652010	653884	-	26	26.000
YOR172W	XV	654210	656570	+	5	5.000
YOR173W	XV	657264	658325	+	80	80.000
YOR174W	XV	658747	659601	+	8	8.000
YOR175C	XV	659815	661674	-	57	57.000
YOR176W	XV	662401	663582	+	31	31.000
tV(AAC)O	XV	663812	663885	-	0	0.000
YOR177C	XV	665785	667179	-	4	4.000
YOR178C	XV	667860	670241	-	66	66.000
YOR179C	XV	671845	672411	-	3	3.000
YOR180C	XV	674352	675167	-	52	52.000
YOR181W	XV	675939	677840	+	5	5.000
YOR182C	XV	678191	678793	-	71	71.000
YOR183W	XV	678872	679261	+	0	0.000
YOR184W	XV	679357	680544	+	53	53.043
snR36	XV	680685	680866	-	0	0.000
YOR185C	XV	681444	682106	-	54	54.000
YOR186W	XV	683111	683545	+	5	5.000
YOR186C-A	XV	683329	683538	-	0	0.000
YOR187W	XV	684030	685343	+	172	172.000
YOR188W	XV	685767	689180	+	8	8.000
YOR189W	XV	689624	689974	+	8	8.000
YOR190W	XV	690695	692032	+	14	14.000
YOR191W	XV	692475	697334	+	11	11.000
YOR192C	XV	698768	700567	-	1	1.000
YOR192C-C	XV	703988	704224	-	2	2.053
YOR192C-B	XV	704419	709732	-	11	27.000
YOR192C-A	XV	708416	709732	-	0	0.000
tM(CAU)O1	XV	710201	710272	+	0	0.000
YOR193W	XV	710446	711576	+	4	4.000
YOR194C	XV	711683	712543	-	14	14.000
YOR195W	XV	712866	715331	+	10	10.000
YOR196C	XV	715593	716837	-	30	30.000
YOR197W	XV	717086	718384	+	44	44.000
YOR198C	XV	718653	720065	-	44	44.000
YOR199W	XV	720181	720510	+	2	2.000
YOR200W	XV	720417	720815	+	0	0.000
YOR201C	XV	720470	721708	-	18	18.000
YOR202W	XV	721946	722608	+	43	48.000
YOR203W	XV	722565	722918	+	0	0.000
YOR204W	XV	722911	724725	+	40	40.000
YOR205C	XV	725564	727234	-	3	3.000
YOR206W	XV	727512	729644	+	6	6.000
YOR207C	XV	730008	733457	-	22	22.000
YOR208W	XV	733925	736177	+	24	24.000
YOR209C	XV	736437	737726	-	33	33.000
YOR210W	XV	738320	738532	+	13	13.000
YOR211C	XV	738924	741569	-	17	17.000
YOR212W	XV	742910	744181	+	28	28.000
YOR213C	XV	744535	745281	-	18	18.000
YOR214C	XV	745593	746303	-	0	0.000
YOR215C	XV	746725	747282	-	44	44.000
YOR216C	XV	747525	748979	-	6	6.000
YOR217W	XV	749301	751886	+	14	14.000
YOR218C	XV	751476	751895	-	0	0.000
YOR219C	XV	752214	755009	-	8	8.000
YOR220W	XV	755328	756125	+	29	29.000
YOR221C	XV	756476	757558	-	16	16.000
YOR222W	XV	758330	759253	+	40	40.000
snR35	XV	759326	759529	-	1	1.000
YOR223W	XV	759782	760660	+	9	9.000
YOR224C	XV	760825	761265	-	25	25.000
YOR225W	XV	761392	761721	+	0	0.000
YOR226C	XV	761614	762084	-	9	9.000
YOR227W	XV	762825	766565	+	41	41.000
YOR228C	XV	766869	767777	-	15	15.000
YOR229W	XV	768409	769812	+	21	21.000
YOR230W	XV	770800	772113	+	236	236.152
YOR231W	XV	772601	774127	+	22	22.000
YOR231C-A	XV	773163	773363	-	0	0.000
YOR232W	XV	774573	775259	+	29	29.000
YOR233W	XV	775846	778248	+	7	7.000
YOR234C	XV	778555	779405	-	73	73.000
YOR235W	XV	779870	780184	+	0	0.000
snR17a	XV	780107	780596	+	4	6.000
YOR236W	XV	780906	781541	+	4	4.000
YOR237W	XV	781994	783298	+	0	0.000
YOR238W	XV	783677	784588	+	8	8.000
YOR239W	XV	784857	786744	+	15	15.000
YOR241W	XV	786995	788641	+	17	17.000
YOR242C	XV	788742	789857	-	8	8.000
YOR243C	XV	790211	792241	-	4	4.000
YOR244W	XV	792531	793868	+	12	12.000
YOR245C	XV	794076	795332	-	33	33.000
YOR246C	XV	795801	796793	-	31	31.000
YOR247W	XV	797676	798308	+	181	370.758
YOR248W	XV	798013	798315	+	5	10.242
YOR249C	XV	798674	800731	-	4	4.000
YOR250C	XV	800970	802307	-	14	14.000
YOR251C	XV	802550	803464	-	32	32.000
YOR252W	XV	803667	804203	+	4	4.000
YOR253W	XV	804377	804907	+	8	8.000
YOR254C	XV	805032	807023	-	39	39.000
YOR255W	XV	807271	808107	+	0	0.000
YOR256C	XV	808254	810683	-	12	12.000
YOR257W	XV	811008	811493	+	19	19.000
YOR258W	XV	811671	812324	+	7	7.000
YOR259C	XV	812395	813708	-	83	83.000
YOR260W	XV	813984	815720	+	21	21.000
YOR261C	XV	815915	816931	-	51	51.000
YOR262W	XV	817292	818335	+	6	6.000
YOR263C	XV	818757	819164	-	0	0.000
YOR264W	XV	818866	820158	+	14	14.000
YOR265W	XV	820454	820774	+	11	11.000
YOR266W	XV	821023	822294	+	8	8.000
YOR267C	XV	822588	824867	-	34	34.000
YOR268C	XV	825534	825932	-	0	0.000
YOR269W	XV	826385	827869	+	7	7.000
YOR270C	XV	828052	830574	-	86	86.000
YOR271C	XV	831059	832042	-	18	18.000
snR8	XV	832332	832521	+	0	0.000
YOR272W	XV	832813	834195	+	10	10.000
YOR273C	XV	834452	836431	-	135	135.000
YOR274W	XV	837674	838960	+	16	16.000
YOR275C	XV	839084	841069	-	11	11.000
YOR276W	XV	841333	841818	+	19	19.000
YOR277C	XV	841515	841823	-	0	0.000
snR31	XV	841958	842182	-	3	3.000
snR5	XV	842403	842606	+	2	2.000
YOR278W	XV	842817	843644	+	16	16.000
YOR279C	XV	843698	844630	-	6	6.000
YOR280C	XV	844992	845792	-	5	5.000
YOR281C	XV	846269	847129	-	11	11.000
YOR282W	XV	847000	847320	+	0	0.000
YOR283W	XV	847453	848145	+	13	13.000
YOR284W	XV	848478	849209	+	7	7.000
YOR285W	XV	849635	850054	+	1312	1313.608
YOR286W	XV	850280	850729	+	39	39.000
YOR287C	XV	850937	851839	-	1	1.000
YOR288C	XV	852121	853077	-	5	5.000
YOR289W	XV	853357	854112	+	19	19.000
tA(UGC)O	XV	854187	854259	-	0	0.000
YOR290C	XV	855147	860258	-	29	29.000
YOR291W	XV	861175	865593	+	12	12.000
YOR292C	XV	865653	866582	-	18	18.000
YOR293W	XV	867098	867852	+	140	140.000
YOR293C-A	XV	867998	868147	-	0	0.000
YOR294W	XV	868340	868951	+	13	13.000
YOR295W	XV	869208	869894	+	2	2.000
YOR296W	XV	870202	874071	+	7	7.000
YOR297C	XV	874743	875321	-	14	14.000
YOR298W	XV	875599	877038	+	4	4.000
YOR298C-A	XV	877230	877685	-	183	183.000
YOR299W	XV	878435	880675	+	11	11.000
YOR300W	XV	880575	880883	+	0	0.000
YOR301W	XV	880965	882272	+	17	17.000
YOR302W	XV	882765	882842	+	22	22.488
YOR303W	XV	882899	884134	+	384	392.512
YOR304W	XV	884514	887876	+	7	7.000
YOR304C-A	XV	888520	888750	-	4	4.000
YOR305W	XV	889022	889750	+	3	3.000
YOR306C	XV	889867	891432	-	26	26.000
YOR307C	XV	892731	894092	-	16	16.000
YOR308C	XV	894624	896387	-	6	6.000
YOR309C	XV	896698	897078	-	4	5.714
YOR310C	XV	896825	898360	-	10	14.286
YOR311C	XV	899056	899928	-	38	38.000
YOR312C	XV	900250	900767	-	128	128.000
YOR313C	XV	901858	902874	-	2	2.000
YOR314W	XV	903043	903372	+	0	0.000
YOR314W-A	XV	904458	904568	+	0	0.000
YOR315W	XV	904760	905800	+	5	5.000
YOR316C	XV	906236	907555	-	47	47.000
YOR316C-A	XV	907726	907935	-	0	0.000
YOR317W	XV	909343	911445	+	287	287.000
YOR318C	XV	911784	912436	-	3	3.000
YOR319W	XV	912822	913463	+	8	8.000
YOR320C	XV	913619	915094	-	36	36.000
YOR321W	XV	916030	918291	+	28	28.000
YOR322C	XV	918606	921062	-	20	20.000
YOR323C	XV	921535	922905	-	38	38.000
YOR324C	XV	923232	925040	-	21	21.000
YOR325W	XV	924577	925050	+	0	0.000
YOR326W	XV	925721	930445	+	46	46.000
YOR327C	XV	930734	931081	-	34	34.000
YOR328W	XV	931803	936497	+	27	27.000
YOR329C	XV	936731	939349	-	22	22.000
YOR329W-A	XV	939348	939557	+	0	0.000
YOR330C	XV	939621	943385	-	9	9.000
YOR331C	XV	943565	944122	-	0	0.000
YOR332W	XV	943656	944357	+	74	74.000
YOR333C	XV	944541	944957	-	0	0.000
YOR334W	XV	944596	946008	+	7	7.000
YOR335C	XV	946233	949109	-	63	63.000
YOR335W-A	XV	946568	946648	+	1	1.000
YOR336W	XV	949773	953870	+	13	13.433
YOR337W	XV	954344	956623	+	12	12.000
YOR338W	XV	956898	957989	+	9	9.000
YOR339C	XV	958362	958832	-	5	5.000
YOR340C	XV	959202	960182	-	12	12.000
YOR341W	XV	960987	965981	+	35	35.000
YOR342C	XV	966666	967625	-	24	24.000
YOR343C	XV	968148	968474	-	2	2.000
YOR343W-A	XV	970578	971894	+	0	0.000
YOR343W-B	XV	970578	975891	+	0	6.459
tM(CAU)O2	XV	976421	976493	+	0	0.000
YOR344C	XV	977194	978069	-	29	29.000
tP(UGG)O3	XV	980683	980787	+	0	0.000
YOR345C	XV	981812	982162	-	0	0.000
YOR346W	XV	981828	984785	+	13	13.000
YOR347C	XV	984942	986462	-	11	11.000
YOR348C	XV	986899	988782	-	100	100.000
YOR349W	XV	989789	992833	+	6	6.000
YOR350C	XV	992864	994855	-	16	16.000
YOR351C	XV	995018	996511	-	3	3.000
YOR352W	XV	997213	998244	+	7	7.000
YOR353C	XV	998453	1000828	-	9	9.000
YOR354C	XV	1001147	1003225	-	27	27.000
YOR355W	XV	1005137	1006705	+	161	161.000
YOR356W	XV	1007221	1009116	+	86	86.000
YOR357C	XV	1009224	1009712	-	11	11.000
YOR358W	XV	1010161	1010889	+	11	11.000
YOR359W	XV	1011189	1012760	+	3	3.000
YOR360C	XV	1013241	1014821	-	14	14.000
YOR361C	XV	1015361	1017652	-	42	42.000
YOR362C	XV	1017880	1018746	-	90	90.000
YOR363C	XV	1020222	1023212	-	34	34.000
YOR364W	XV	1023371	1023739	+	0	0.000
YOR365C	XV	1023461	1025572	-	6	6.000
YOR366W	XV	1025256	1025609	+	0	0.000
YOR367W	XV	1026007	1026609	+	12	12.000
YOR368W	XV	1026843	1028048	+	7	7.000
YOR369C	XV	1028194	1028625	-	382	382.000
YOR370C	XV	1029183	1030994	-	58	58.000
YOR371C	XV	1031489	1034182	-	2	2.000
YOR372C	XV	1034807	1036471	-	21	21.000
YOR373W	XV	1036834	1039389	+	58	58.081
YOR374W	XV	1039840	1041399	+	6963	6967.566
YOR375C	XV	1041678	1043042	-	455	455.000
YOR376W	XV	1043191	1043559	+	2	2.000
YOR376W-A	XV	1045196	1045351	+	2	2.000
YOR377W	XV	1046226	1047803	+	14	14.000
YOR378W	XV	1049511	1051058	+	4	4.000
YOR379C	XV	1050726	1051064	-	2	2.000
YOR380W	XV	1051290	1052930	+	12	12.000
YOR381W	XV	1055545	1057680	+	11	11.000
YOR381W-A	XV	1058423	1058590	+	1	1.000
YOR382W	XV	1059531	1059992	+	123	123.000
YOR383C	XV	1060441	1061055	-	723	723.415
YOR384W	XV	1061564	1063648	+	24	24.000
YOR385W	XV	1065043	1065915	+	5	5.000
YOR386W	XV	1066839	1068536	+	4	4.000
YOR387C	XV	1069621	1070241	-	5	5.000
YOR388C	XV	1071793	1072923	-	602	602.998
YOR389W	XV	1074213	1076087	+	78	78.000
YOR390W	XV	1076784	1077911	+	5	5.000
YOR391C	XV	1078545	1079258	-	59	65.277
YOR392W	XV	1079282	1079725	+	3	3.000
YOR393W	XV	1080276	1081589	+	2	2.214
YOR394W	XV	1082718	1083212	+	0	0.000
YOR394C-A	XV	1084202	1084369	-	0	0.000
YOR396W	XV	1085473	1090863	+	0	0.000
YOR396C-A	XV	1090015	1090497	-	0	0.000
YPL283C	XVI	280	6007	-	0	0.000
YPL283W-B	XVI	643	1125	+	0	0.000
YPL283W-A	XVI	1426	2001	+	0	0.000
YPL282C	XVI	7933	8427	-	5	5.625
YPL281C	XVI	9557	10870	-	45	45.336
YPL280W	XVI	11887	12600	+	41	41.000
YPL279C	XVI	13228	14355	-	6	6.000
YPL278C	XVI	15053	15355	-	7	8.909
YPL277C	XVI	15405	16868	-	15	19.091
YPL276W	XVI	17948	18385	+	14	14.000
YPL275W	XVI	18369	19079	+	1	1.002
YPL274W	XVI	22938	24701	+	102	102.000
YPL273W	XVI	25087	26064	+	10	10.000
YPL272C	XVI	26611	28164	-	5	5.000
YPL271W	XVI	30079	30267	+	571	571.091
YPL270W	XVI	30482	32803	+	27	27.000
YPL269W	XVI	33013	34947	+	7	7.000
YPL268W	XVI	35236	37845	+	7	7.000
YPL267W	XVI	38169	38798	+	8	8.000
YPL266W	XVI	39121	40077	+	8	8.000
YPL265W	XVI	41043	42869	+	9	9.000
YPL264C	XVI	43283	44344	-	14	14.000
YPL263C	XVI	44551	46506	-	6	6.000
YPL262W	XVI	47336	48802	+	236	236.000
YPL261C	XVI	48996	49304	-	0	0.000
YPL260W	XVI	49303	50958	+	55	55.000
YPL259C	XVI	51244	52671	-	8	8.000
YPL258C	XVI	53498	55153	-	10	10.000
tW(CCA)P	XVI	56169	56274	-	0	0.000
YPL257W-A	XVI	56748	58070	+	0	0.000
YPL257W-B	XVI	56748	62016	+	0	0.000
YPL257W	XVI	63279	63860	+	7	7.000
YPL256C	XVI	64977	66614	-	29	29.000
YPL255W	XVI	67725	68882	+	0	0.000
YPL254W	XVI	69485	70951	+	11	11.000
YPL253C	XVI	71063	73006	-	6	6.000
YPL252C	XVI	73363	73881	-	13	13.000
YPL251W	XVI	73625	73927	+	0	0.000
YPL250C	XVI	74309	74719	-	42	42.000
YPL249C-A	XVI	75699	76239	-	160	161.159
YPL250W-A	XVI	75702	75989	+	5	5.000
YPL249C	XVI	76669	79353	-	9	9.000
YPL248C	XVI	79711	82356	-	26	26.000
YPL247C	XVI	82625	84196	-	28	28.000
YPL246C	XVI	84509	85297	-	33	33.000
YPL245W	XVI	85586	86950	+	4	4.000
YPL244C	XVI	87014	88033	-	16	16.000
YPL243W	XVI	88517	90316	+	26	26.000
YPL242C	XVI	90622	95109	-	24	24.000
YPL241C	XVI	95372	96258	-	7	7.000
YPL240C	XVI	96496	98625	-	319	319.000
YPL239W	XVI	99484	100086	+	18	18.000
YPL238C	XVI	100474	100863	-	0	0.000
YPL237W	XVI	100496	101353	+	39	39.000
YPL236C	XVI	101608	102702	-	18	18.000
YPL235W	XVI	103232	104647	+	22	22.000
YPL234C	XVI	104946	105440	-	106	106.000
YPL233W	XVI	106172	106822	+	7	7.000
YPL232W	XVI	107275	108147	+	37	37.000
YPL231W	XVI	108652	114315	+	556	556.000
YPL230W	XVI	115312	116487	+	55	55.000
YPL229W	XVI	117067	117687	+	29	29.000
YPL228W	XVI	118382	120031	+	7	7.000
YPL227C	XVI	120163	121167	-	13	13.000
YPL226W	XVI	121767	125357	+	31	31.000
YPL225W	XVI	126006	126446	+	56	56.000
YPL224C	XVI	126634	128088	-	20	20.000
YPL223C	XVI	128632	129138	-	200	200.000
YPL222W	XVI	130162	132228	+	50	50.000
YPL222C-A	XVI	131870	132115	-	0	0.000
YPL221W	XVI	133043	135424	+	58	58.000
YPL220W	XVI	135790	136443	+	138	156.104
YPL219W	XVI	136750	138228	+	6	6.000
YPL218W	XVI	138698	139409	+	173	173.000
YPL217C	XVI	139620	143171	-	11	11.000
YPL216W	XVI	143821	147129	+	20	20.000
YPL215W	XVI	147416	148423	+	21	21.000
YPL214C	XVI	148569	150191	-	31	31.000
YPL213W	XVI	150614	151330	+	10	10.000
YPL212C	XVI	151515	153149	-	16	16.000
YPL211W	XVI	153495	154040	+	6	6.000
YPL210C	XVI	154290	156212	-	28	28.000
YPL209C	XVI	156490	157593	-	2	2.000
YPL208W	XVI	157842	159593	+	17	17.000
YPL207W	XVI	159909	162341	+	25	25.000
YPL206C	XVI	162632	163597	-	74	74.000
YPL205C	XVI	163922	164266	-	2	2.000
YPL204W	XVI	164276	165760	+	31	31.000
YPL203W	XVI	166256	167398	+	71	71.000
YPL202C	XVI	168088	169338	-	10	10.000
YPL201C	XVI	169770	171155	-	73	73.005
YPL200W	XVI	171484	171954	+	10	10.000
YPL199C	XVI	172033	172755	-	25	25.000
YPL198W	XVI	173152	174702	+	51	52.000
snR59	XVI	173827	173904	+	0	0.000
YPL197C	XVI	174343	174756	-	6	6.483
YPL196W	XVI	175043	175864	+	24	24.000
YPL195W	XVI	176223	179021	+	16	16.000
YPL194W	XVI	179277	181115	+	6	6.000
YPL193W	XVI	181403	182548	+	10	10.000
YPL192C	XVI	182655	183056	-	2	2.000
YPL191C	XVI	183597	184679	-	14	14.000
YPL190C	XVI	185317	187725	-	45	45.000
YPL189C-A	XVI	188307	188513	-	63	63.000
YPL189W	XVI	189154	190983	+	2	2.000
YPL188W	XVI	191406	192650	+	23	23.000
YPL187W	XVI	193648	194145	+	1	1.000
YPL186C	XVI	194512	195426	-	68	68.000
YPL185W	XVI	195253	195648	+	2	2.000
YPL184C	XVI	195950	197788	-	54	54.000
YPL183W-A	XVI	199095	199376	+	30	30.000
YPL183C	XVI	199495	202536	-	8	8.000
YPL182C	XVI	203306	203689	-	0	0.000
YPL181W	XVI	203421	204941	+	25	25.000
YPL180W	XVI	205248	207647	+	13	13.000
YPL179W	XVI	208157	209806	+	221	221.000
tE(UUC)P	XVI	210192	210263	-	0	0.000
YPL178W	XVI	212158	212784	+	29	29.000
YPL177C	XVI	213042	213962	-	73	73.000
YPL176C	XVI	216012	218363	-	20	20.000
YPL175W	XVI	218630	220088	+	10	10.000
YPL174C	XVI	220167	222773	-	7	7.000
YPL173W	XVI	223143	224036	+	13	13.000
YPL172C	XVI	224353	225741	-	7	7.000
YPL171C	XVI	226169	227371	-	31	31.000
YPL170W	XVI	228314	228772	+	67	67.000
YPL169C	XVI	229039	230838	-	24	24.000
YPL168W	XVI	231217	232509	+	6	6.000
YPL167C	XVI	232593	237107	-	5	5.000
YPL166W	XVI	237338	237979	+	5	5.000
YPL165C	XVI	237956	239077	-	13	13.000
YPL164C	XVI	239350	241497	-	8	8.000
YPL163C	XVI	241918	242700	-	61	61.000
YPL162C	XVI	243206	244027	-	21	21.000
YPL161C	XVI	244319	246220	-	15	15.000
YPL160W	XVI	246990	250262	+	48	48.000
YPL159C	XVI	250907	251668	-	29	29.000
YPL158C	XVI	252034	254310	-	4	4.000
YPL157W	XVI	254814	255761	+	13	13.000
YPL156C	XVI	255913	256767	-	30	30.000
YPL155C	XVI	257216	259336	-	2	2.000
YPL154C	XVI	259714	260931	-	461	461.390
YPL153C	XVI	261727	264192	-	4	4.000
YPL152W-A	XVI	264602	264700	+	0	0.000
YPL152W	XVI	265028	266104	+	14	14.000
YPL151C	XVI	266180	267535	-	15	15.000
YPL150W	XVI	268188	270893	+	20	20.000
YPL149W	XVI	271310	272194	+	24	24.000
YPL148C	XVI	272294	272815	-	21	21.000
YPL147W	XVI	273255	275867	+	99	99.000
YPL146C	XVI	276162	277529	-	6	6.000
YPL145C	XVI	278395	279699	-	87	87.000
YPL144W	XVI	280480	280926	+	7	7.000
snR17b	XVI	281056	281517	-	0	0.000
YPL143W	XVI	282122	282970	+	175	175.000
YPL142C	XVI	282686	283003	-	0	0.000
YPL141C	XVI	283464	286061	-	13	13.000
YPL140C	XVI	287514	289034	-	20	20.000
YPL139C	XVI	289669	291051	-	7	7.000
YPL138C	XVI	291366	292427	-	7	7.000
YPL137C	XVI	292817	296647	-	11	11.000
YPL136W	XVI	296286	296654	+	0	0.000
YPL135W	XVI	297553	298050	+	286	286.000
YPL135C-A	XVI	297678	297851	-	2	2.000
YPL134C	XVI	298571	299503	-	63	63.000
YPL133C	XVI	299888	301228	-	10	10.000
YPL132W	XVI	301716	302618	+	9	9.000
YPL131W	XVI	303121	304014	+	334	334.000
YPL130W	XVI	304387	305058	+	0	0.000
YPL129W	XVI	305298	306137	+	23	23.000
YPL128C	XVI	306533	308221	-	13	13.000
YPL127C	XVI	308828	309604	-	65	65.000
YPL126W	XVI	310210	312900	+	10	10.000
YPL125W	XVI	313388	316486	+	17	17.000
YPL124W	XVI	316755	317516	+	1	1.000
YPL123C	XVI	317641	318945	-	47	47.000
YPL122C	XVI	319226	320767	-	3	3.000
YPL121C	XVI	320962	321630	-	1	1.000
YPL120W	XVI	322071	323744	+	3	3.000
YPL119C-A	XVI	324024	324287	-	7	7.259
YPL119C	XVI	324411	326264	-	20	20.741
YPL118W	XVI	326628	327662	+	28	28.000
YPL117C	XVI	327864	328730	-	42	42.000
YPL116W	XVI	329606	331699	+	28	28.000
YPL115C	XVI	332100	335486	-	10	10.000
YPL114W	XVI	335948	336367	+	1	1.000
YPL113C	XVI	335953	337143	-	39	39.000
YPL112C	XVI	337436	338620	-	19	19.000
tM(CAU)P	XVI	338848	338919	-	3	3.000
YPL111W	XVI	339944	340945	+	12	12.000
YPL110C	XVI	341068	344739	-	28	28.000
YPL109C	XVI	345264	347389	-	38	38.000
YPL108W	XVI	348446	348952	+	1	1.000
YPL107W	XVI	349119	349865	+	12	12.000
YPL106C	XVI	350194	352275	-	246	246.000
YPL105C	XVI	352863	355412	-	23	23.000
YPL104W	XVI	355700	357676	+	18	18.000
YPL103C	XVI	358000	359406	-	11	11.000
YPL102C	XVI	360003	360305	-	0	0.000
YPL101W	XVI	360209	361579	+	13	13.000
YPL100W	XVI	361872	363362	+	12	12.000
YPL099C	XVI	363520	364068	-	18	18.000
YPL098C	XVI	364386	364727	-	84	84.000
YPL097W	XVI	364952	366430	+	10	10.000
YPL096C-A	XVI	366529	366735	-	13	13.000
YPL096W	XVI	366927	368018	+	9	9.000
YPL095C	XVI	368071	369441	-	15	15.000
YPL094C	XVI	369839	370663	-	30	30.000
YPL093W	XVI	370978	372921	+	23	23.000
YPL092W	XVI	373793	375169	+	66	66.000
YPL091W	XVI	375502	376953	+	36	36.000
YPL090C	XVI	377291	378395	-	110	144.856
YPL089C	XVI	379120	381150	-	36	36.000
YPL088W	XVI	381965	382993	+	5	5.000
YPL087W	XVI	383455	384408	+	73	73.000
YPL086C	XVI	384773	386446	-	9	9.000
YPL085W	XVI	387067	393654	+	14	14.000
YPL084W	XVI	394038	396572	+	22	22.000
YPL083C	XVI	396702	398105	-	10	10.000
YPL082C	XVI	398480	404083	-	8	8.000
YPL081W	XVI	404950	406044	+	80	80.000
YPL080C	XVI	406172	406498	-	1	1.000
YPL079W	XVI	406636	407539	+	101	101.000
YPL078C	XVI	408010	408744	-	185	185.000
YPL077C	XVI	409368	410090	-	1	1.000
YPL076W	XVI	410443	411285	+	5	5.000
YPL075W	XVI	412254	415362	+	21	21.000
YPL074W	XVI	415763	418027	+	7	7.000
YPL073C	XVI	418499	418984	-	0	0.000
YPL072W	XVI	418512	420011	+	5	5.000
YPL071C	XVI	420048	420518	-	14	14.000
YPL070W	XVI	420948	422786	+	13	13.650
YPL069C	XVI	422885	423892	-	7	7.350
YPL068C	XVI	424215	425096	-	2	2.000
YPL067C	XVI	425251	425847	-	8	8.000
YPL066W	XVI	426233	427672	+	24	24.000
YPL065W	XVI	427927	428655	+	8	8.000
YPL064C	XVI	428711	429616	-	10	10.000
YPL063W	XVI	429939	431369	+	25	25.000
YPL062W	XVI	431895	432299	+	0	0.000
YPL061W	XVI	432588	434090	+	307	307.000
YPL060W	XVI	434523	435764	+	8	8.000
tC(GCA)P1	XVI	435893	435964	-	0	0.000
YPL060C-A	XVI	437333	442742	-	8	8.000
YPL059W	XVI	444579	445031	+	43	43.000
YPL058C	XVI	445842	450377	-	693	693.000
YPL057C	XVI	451909	453057	-	163	163.000
YPL056C	XVI	453430	453735	-	8	8.000
YPL055C	XVI	453992	454990	-	17	17.000
YPL054W	XVI	455759	456664	+	124	124.000
YPL053C	XVI	457118	458458	-	48	48.000
YPL052W	XVI	458799	459678	+	12	12.000
YPL051W	XVI	459963	460559	+	12	12.000
YPL050C	XVI	460779	461966	-	29	29.000
YPL049C	XVI	462481	463839	-	25	25.000
YPL048W	XVI	464401	465648	+	107	107.000
YPL047W	XVI	465962	466261	+	9	9.000
YPL046C	XVI	466644	466943	-	13	13.000
YPL045W	XVI	467260	469656	+	4	4.000
YPL044C	XVI	469926	470474	-	0	0.000
YPL043W	XVI	469939	471996	+	12	12.000
YPL042C	XVI	473040	474707	-	14	14.000
YPL041C	XVI	475118	475741	-	10	10.000
YPL040C	XVI	475993	479001	-	16	16.000
YPL039W	XVI	479225	480175	+	10	12.000
YPL038W-A	XVI	480182	480373	+	0	0.000
YPL038W	XVI	480535	481068	+	2	2.000
YPL037C	XVI	481428	481901	-	99	99.000
YPL036W	XVI	482843	485686	+	59	59.000
YPL035C	XVI	486564	486911	-	1	1.000
YPL034W	XVI	486712	487209	+	6	6.000
YPL033C	XVI	487362	488207	-	1	1.000
YPL032C	XVI	488887	491364	-	26	26.000
YPL031C	XVI	492018	493037	-	31	31.000
YPL030W	XVI	493543	495246	+	6	6.000
YPL029W	XVI	495506	497719	+	9	9.000
YPL028W	XVI	498096	499292	+	319	319.000
YPL027W	XVI	499665	500402	+	0	0.000
YPL026C	XVI	500675	502183	-	23	23.000
YPL025C	XVI	502473	503030	-	1	1.000
YPL024W	XVI	503517	504242	+	50	50.000
YPL023C	XVI	504339	506312	-	25	25.000
YPL022W	XVI	506697	509999	+	16	16.000
YPL021W	XVI	511101	511664	+	0	0.000
YPL020C	XVI	512313	514178	-	5	5.000
YPL019C	XVI	514511	517018	-	20	20.000
YPL018W	XVI	517651	518760	+	27	27.000
YPL017C	XVI	518734	520233	-	24	24.000
YPL016W	XVI	521014	524958	+	35	35.000
YPL015C	XVI	525810	526883	-	44	44.000
YPL014W	XVI	527547	528692	+	8	8.000
YPL013C	XVI	528985	529350	-	14	14.000
YPL012W	XVI	529723	533409	+	17	17.000
YPL011C	XVI	533642	534703	-	10	10.000
YPL010W	XVI	535018	535587	+	53	53.000
YPL009C	XVI	535820	538936	-	16	16.000
YPL008W	XVI	539385	541970	+	12	12.000
YPL007C	XVI	542082	543848	-	7	7.000
YPL006W	XVI	544631	548143	+	51	51.000
YPL005W	XVI	548486	550306	+	5	5.000
YPL004C	XVI	550632	551657	-	789	789.000
YPL003W	XVI	552020	553408	+	47	47.000
YPL002C	XVI	553627	554328	-	11	11.000
YPL001W	XVI	554605	555729	+	7	7.000
YPR001W	XVI	556377	557837	+	138	138.000
YPR002W	XVI	558385	559935	+	108	108.000
tF(GAA)P1	XVI	560198	560289	-	0	0.000
YPR002C-A	XVI	560569	560766	-	4	4.000
YPR003C	XVI	561504	563768	-	20	20.000
YPR004C	XVI	564007	565041	-	100	100.000
YPR005C	XVI	565787	566671	-	22	22.000
YPR006C	XVI	567269	568996	-	172	172.000
YPR007C	XVI	569336	571378	-	5	5.000
tG(GCC)P1	XVI	572269	572339	+	1	1.000
YPR008W	XVI	573018	575102	+	20	20.000
YPR009W	XVI	576552	577358	+	17	17.000
YPR010C	XVI	577585	581196	-	38	38.000
tK(CUU)P	XVI	582062	582134	+	0	0.000
YPR010C-A	XVI	582373	582734	-	198	198.000
YPR011C	XVI	583062	584042	-	21	21.000
YPR012W	XVI	584309	584563	+	2	2.000
YPR013C	XVI	584632	585585	-	20	20.000
YPR014C	XVI	587189	587518	-	8	8.000
YPR015C	XVI	590283	591026	-	7	7.000
YPR016C	XVI	592332	593069	-	128	128.000
YPR016W-A	XVI	593096	593356	+	2	2.000
YPR017C	XVI	593486	593917	-	6	6.000
YPR018W	XVI	594476	596296	+	7	7.000
YPR019W	XVI	596750	599551	+	19	19.000
YPR020W	XVI	599870	600217	+	63	63.000
YPR021C	XVI	600649	603357	-	14	14.000
YPR022C	XVI	603911	607312	-	19	19.000
YPR023C	XVI	608826	610031	-	38	38.000
YPR024W	XVI	610481	612724	+	39	39.000
YPR025C	XVI	613377	614558	-	18	18.000
YPR026W	XVI	615379	619014	+	60	60.000
YPR027C	XVI	620425	621258	-	24	24.000
tF(GAA)P2	XVI	622540	622631	-	2	2.000
YPR028W	XVI	623527	624202	+	177	177.000
YPR029C	XVI	624469	626967	-	33	33.000
YPR030W	XVI	627880	631245	+	34	34.000
YPR031W	XVI	631515	633761	+	9	9.000
YPR032W	XVI	634123	637224	+	9	9.000
YPR033C	XVI	637379	639019	-	52	52.000
YPR034W	XVI	639525	640958	+	14	14.000
YPR035W	XVI	642208	643320	+	158	158.000
YPR036W	XVI	643836	645272	+	80	80.204
YPR036W-A	XVI	645950	646153	+	510	510.000
YPR037C	XVI	646448	647038	-	21	21.000
YPR038W	XVI	646836	647195	+	0	0.000
YPR039W	XVI	647012	647347	+	0	0.000
YPR040W	XVI	647305	648375	+	14	15.000
YPR041W	XVI	648704	649921	+	44	44.000
YPR042C	XVI	650435	653662	-	13	13.000
YPR043W	XVI	654166	654847	+	201	201.000
YPR044C	XVI	654524	654877	-	4	4.000
YPR045C	XVI	655140	656552	-	4	4.000
YPR046W	XVI	656799	657344	+	9	9.000
YPR047W	XVI	657529	658938	+	13	13.000
YPR048W	XVI	659182	661053	+	8	8.000
YPR049C	XVI	661137	664673	-	15	15.000
YPR050C	XVI	664953	665366	-	2	2.000
YPR051W	XVI	664960	665490	+	16	16.000
YPR052C	XVI	665693	665974	-	56	130.968
YPR053C	XVI	665788	666243	-	6	14.032
YPR054W	XVI	666280	667446	+	10	10.000
YPR055W	XVI	667676	670873	+	5	5.000
YPR056W	XVI	671126	672142	+	6	6.000
YPR057W	XVI	672471	673496	+	4	4.000
YPR058W	XVI	673751	674674	+	19	19.950
YPR059C	XVI	674314	674700	-	1	1.050
YPR060C	XVI	674861	675631	-	5	5.000
YPR061C	XVI	675977	676882	-	2	2.000
YPR062W	XVI	677165	677641	+	16	16.395
YPR063C	XVI	677812	678320	-	44	44.000
YPR064W	XVI	678951	679370	+	1	1.000
YPR065W	XVI	679693	680799	+	36	36.000
YPR066W	XVI	681213	682112	+	6	6.000
YPR067W	XVI	682220	682777	+	10	10.000
YPR068C	XVI	682941	684353	-	3	3.000
YPR069C	XVI	684556	685437	-	45	45.000
YPR070W	XVI	685898	687598	+	5	5.000
YPR071W	XVI	688172	688807	+	3	3.000
tS(UGA)P	XVI	689565	689646	+	0	0.000
YPR072W	XVI	690107	691789	+	17	17.000
YPR073C	XVI	691933	692418	-	12	12.000
YPR074C	XVI	692796	694838	-	162	162.000
YPR074W-A	XVI	695018	695188	+	0	0.000
YPR075C	XVI	695737	696819	-	47	47.000
YPR076W	XVI	696476	696850	+	0	0.000
YPR077C	XVI	697131	697502	-	0	0.000
YPR078C	XVI	697147	698265	-	27	28.000
YPR079W	XVI	698869	700014	+	14	14.000
YPR080W	XVI	700594	701970	+	535	1398.714
YPR081C	XVI	702114	703970	-	10	10.000
YPR082C	XVI	704225	704656	-	33	33.000
YPR083W	XVI	704854	706593	+	6	6.000
YPR084W	XVI	706972	708342	+	6	6.000
YPR085C	XVI	708497	709828	-	15	15.000
YPR086W	XVI	710101	711138	+	13	13.000
YPR087W	XVI	711354	711674	+	2	2.000
YPR088C	XVI	711403	713028	-	40	40.000
YPR089W	XVI	713275	715941	+	26	26.000
YPR091C	XVI	716156	718468	-	16	16.000
YPR092W	XVI	718379	718684	+	0	0.000
snR51	XVI	718700	718806	-	8	10.439
snR70	XVI	718887	719050	-	8	10.958
snR41	XVI	719148	719242	-	16	16.602
YPR093C	XVI	719558	720424	-	14	14.000
YPR094W	XVI	720637	720960	+	8	8.000
YPR095C	XVI	721037	724717	-	3	3.000
YPR096C	XVI	724842	725144	-	0	0.000
YPR097W	XVI	725394	728615	+	16	16.000
YPR098C	XVI	728947	729528	-	71	71.000
YPR099C	XVI	729757	730113	-	0	0.000
YPR100W	XVI	729791	730213	+	26	26.000
YPR101W	XVI	730492	731019	+	19	19.000
YPR102C	XVI	731224	731748	-	77	85.556
YPR103W	XVI	732349	733212	+	125	125.000
YPR104C	XVI	733623	736433	-	5	5.000
YPR105C	XVI	736984	739569	-	9	9.000
YPR106W	XVI	740061	741392	+	20	20.000
YPR107C	XVI	741438	742064	-	9	9.000
YPR108W	XVI	742454	743743	+	42	42.000
YPR108W-A	XVI	744175	744387	+	0	0.000
tT(UGU)P	XVI	744284	744355	+	0	0.000
YPR109W	XVI	744689	745573	+	17	17.000
YPR110C	XVI	745828	746835	-	23	23.000
YPR111W	XVI	747306	749000	+	13	13.000
YPR112C	XVI	749256	751919	-	8	8.000
YPR113W	XVI	752257	752919	+	32	32.000
YPR114W	XVI	753301	754248	+	24	24.000
YPR115W	XVI	754877	758128	+	17	17.000
YPR116W	XVI	758648	759481	+	0	0.000
YPR117W	XVI	760025	767494	+	15	15.000
YPR118W	XVI	767752	768987	+	24	24.000
tK(UUU)P	XVI	769207	769302	-	0	0.000
YPR119W	XVI	771653	773128	+	9	9.000
YPR120C	XVI	773875	775182	-	9	9.000
tC(GCA)P2	XVI	775765	775836	-	0	0.000
YPR121W	XVI	778583	780301	+	12	12.000
YPR122W	XVI	782045	785671	+	17	17.000
YPR123C	XVI	786141	786575	-	2	2.000
YPR124W	XVI	786208	787428	+	31	31.000
YPR125W	XVI	787961	789325	+	14	14.000
YPR126C	XVI	789077	789385	-	2	2.000
YPR127W	XVI	790083	791120	+	44	44.000
YPR128C	XVI	791218	792204	-	44	44.000
YPR129W	XVI	792687	793736	+	16	16.000
YPR130C	XVI	793374	793781	-	0	0.000
YPR131C	XVI	793911	794498	-	5	5.000
YPR132W	XVI	794965	795767	+	226	226.521
YPR133C	XVI	795978	797210	-	20	20.000
YPR133W-A	XVI	797557	797709	+	48	48.000
YPR134W	XVI	798051	798857	+	13	13.000
YPR135W	XVI	799234	802017	+	19	19.000
YPR136C	XVI	802325	802837	-	0	0.000
YPR137W	XVI	802359	804080	+	4	4.000
YPR137C-B	XVI	805001	810269	-	0	0.000
YPR137C-A	XVI	808947	810269	-	0	0.000
tN(GUU)P	XVI	810676	810749	+	4	4.000
YPR138C	XVI	810984	812453	-	50	50.000
YPR139C	XVI	813156	814058	-	15	15.000
YPR140W	XVI	814391	815536	+	13	13.000
YPR141C	XVI	815734	817923	-	6	6.000
YPR142C	XVI	818130	818693	-	0	0.000
YPR143W	XVI	818323	819075	+	12	12.000
tI(AAU)P1	XVI	819529	819602	+	0	0.000
YPR144C	XVI	819765	821423	-	8	8.000
snR45	XVI	821732	821903	+	0	0.000
YPR145W	XVI	822620	824338	+	36	36.000
YPR145C-A	XVI	824690	824926	-	5	5.000
YPR146C	XVI	825347	825676	-	2	2.267
YPR147C	XVI	825645	826559	-	13	14.733
YPR148C	XVI	826833	828140	-	43	43.000
YPR149W	XVI	829918	830439	+	1914	1914.883
YPR150W	XVI	830999	831520	+	6	6.000
YPR151C	XVI	831055	831675	-	67	67.000
YPR152C	XVI	832061	833458	-	2	2.000
YPR153W	XVI	833689	834245	+	3	3.000
YPR154W	XVI	834565	835212	+	49	49.000
YPR155C	XVI	835563	837413	-	33	33.000
YPR156C	XVI	837909	839777	-	32	35.310
YPR157W	XVI	841266	842669	+	2	2.000
YPR158W	XVI	843262	844020	+	13	13.000
YPR158W-A	XVI	844709	846031	+	0	0.000
YPR158W-B	XVI	844709	849980	+	0	0.000
YPR158C-D	XVI	850989	856257	-	0	4.558
YPR158C-C	XVI	854935	856257	-	0	0.000
tA(AGC)P	XVI	856902	856974	+	0	0.000
YPR159W	XVI	857583	859745	+	76	76.752
YPR159C-A	XVI	860314	860415	-	0	0.000
tG(GCC)P2	XVI	860379	860449	+	0	0.000
YPR160W	XVI	861306	864014	+	249	256.000
YPR160W-A	XVI	861934	862014	+	0	0.000
YPR160C-A	XVI	862577	862861	-	0	0.000
YPR161C	XVI	864449	866422	-	21	21.000
YPR162C	XVI	866715	868304	-	10	10.000
YPR163C	XVI	868645	869955	-	51	51.000
YPR164W	XVI	870703	874926	+	6	6.000
YPR165W	XVI	875368	875997	+	208	208.479
YPR166C	XVI	876282	876629	-	14	14.000
YPR167C	XVI	876847	877632	-	10	10.000
YPR168W	XVI	878076	878549	+	2	2.000
YPR169W	XVI	878690	880168	+	11	11.000
tI(AAU)P2	XVI	880296	880369	-	0	0.000
YPR170C	XVI	882983	883318	-	0	0.000
YPR169W-A	XVI	883239	883457	+	0	0.000
YPR170W-B	XVI	883239	883595	+	5	70.000
YPR170W-A	XVI	883378	883563	+	0	0.000
YPR171W	XVI	883828	885558	+	5	5.000
YPR172W	XVI	885796	886398	+	21	21.000
YPR173C	XVI	886524	887837	-	43	43.000
YPR174C	XVI	888043	888708	-	9	9.000
YPR175W	XVI	888974	891043	+	4	4.000
YPR176C	XVI	891101	892078	-	34	34.000
YPR177C	XVI	892313	892684	-	0	0.000
YPR178W	XVI	892332	893729	+	5	5.000
YPR179C	XVI	893797	895764	-	10	10.000
YPR180W	XVI	895961	897004	+	4	4.000
YPR181C	XVI	897361	899667	-	116	116.000
YPR182W	XVI	900194	900454	+	53	53.000
YPR183W	XVI	900755	901558	+	85	85.000
YPR184W	XVI	902044	906654	+	112	112.000
YPR185W	XVI	907218	909434	+	8	8.000
YPR186C	XVI	909733	911022	-	3	3.000
YPR187W	XVI	911257	911800	+	46	46.128
YPR188C	XVI	911988	912479	-	18	18.000
YPR189W	XVI	912664	916962	+	6	6.000
YPR190C	XVI	917077	919041	-	10	10.000
YPR191W	XVI	919381	920487	+	247	247.659
YPR192W	XVI	921860	922777	+	43	43.000
YPR193C	XVI	922909	923379	-	6	6.000
YPR194C	XVI	924304	926937	-	5	5.000
YPR195C	XVI	927965	928294	-	2	2.000
YPR196W	XVI	931376	932788	+	7	7.230
YPR197C	XVI	933898	934461	-	0	0.000
YPR198W	XVI	934034	935665	+	17	17.000
YPR199C	XVI	938148	939032	-	18	18.000
YPR200C	XVI	939279	939671	-	0	0.000
YPR201W	XVI	939922	941136	+	5	5.000
YPR202W	XVI	943032	943896	+	6	6.096
YPR203W	XVI	943880	944188	+	0	0.000
YPR204W	XVI	944603	947701	+	1	1.449
YPR204C-A	XVI	946856	947338	-	0	0.000
__no_feature	*	0	0	*	13121	13121.000
__unmapped	*	0	0	*	10898	10898.000
