gene_id	total_count	dup_count	dup_rate	rpk	log2_rpk
YKR054C	10	1	0.1000	0.814	0.859
YLR106C	16	2	0.1250	1.086	1.061
YKL203C	11	0	0.0000	1.481	1.311
YLR087C	14	0	0.0000	1.577	1.366
YGR271W	10	4	0.4000	1.694	1.430
YHR165C	13	0	0.0000	1.795	1.483
YBR136W	13	1	0.0769	1.829	1.500
YKR031C	10	1	0.1000	1.979	1.575
YPR117W	15	1	0.0667	2.008	1.589
YMR219W	10	1	0.1000	2.009	1.589
YOR093C	10	1	0.1000	2.021	1.595
YNL271C	12	2	0.1667	2.047	1.607
YOR192C-B	11	2	0.1818	2.070	1.618
YCR089W	10	0	0.0000	2.070	1.618
YDR098C-B	11	2	0.1818	2.088	1.627
YPL085W	14	3	0.2143	2.125	1.644
YBL004W	16	1	0.0625	2.138	1.650
YBL088C	18	2	0.1111	2.152	1.656
YHR164C	10	1	0.1000	2.189	1.673
YBL034C	10	2	0.2000	2.202	1.679
YOR191W	11	2	0.1818	2.263	1.706
YBR097W	10	3	0.3000	2.291	1.719
YLR086W	10	0	0.0000	2.349	1.744
YCR042C	10	2	0.2000	2.367	1.752
YIL149C	12	1	0.0833	2.381	1.757
YDR420W	13	0	0.0000	2.403	1.767
YER164W	11	1	0.0909	2.496	1.806
YER093C	11	1	0.0909	2.562	1.833
YOL075C	10	1	0.1000	2.574	1.838
YDR407C	10	3	0.3000	2.584	1.842
YDR545W	14	1	0.0714	2.597	1.847
YDL058W	14	1	0.0714	2.606	1.850
YER172C	17	1	0.0588	2.619	1.855
YFR019W	18	3	0.1667	2.633	1.861
YCL014W	13	3	0.2308	2.647	1.867
YGR098C	13	2	0.1538	2.657	1.871
YOR291W	12	0	0.0000	2.716	1.894
YAL029C	12	2	0.1667	2.717	1.894
YHR080C	11	1	0.0909	2.724	1.897
YLR084C	10	4	0.4000	2.730	1.899
YER008C	11	1	0.0909	2.742	1.904
YBR081C	11	0	0.0000	2.751	1.907
YDR283C	14	1	0.0714	2.811	1.930
YPL137C	11	0	0.0000	2.871	1.953
YGL133W	11	1	0.0909	2.899	1.963
YLR454W	23	0	0.0000	2.916	1.969
YHL035C	14	4	0.2857	2.929	1.974
YBR245C	10	0	0.0000	2.950	1.982
YPL115C	10	0	0.0000	2.952	1.983
YJR066W	22	3	0.1364	2.968	1.988
YER176W	10	1	0.1000	2.971	1.989
YCR073C	12	0	0.0000	3.003	2.001
YOR109W	10	0	0.0000	3.008	2.003
YGR109W-B	14	0	0.0000	3.014	2.005
YLR227W-B	16	6	0.3750	3.037	2.013
YNL284C-B	16	2	0.1250	3.037	2.013
YDR217C	12	1	0.0833	3.053	2.019
YGL016W	10	1	0.1000	3.081	2.029
YHR119W	10	2	0.2000	3.084	2.030
YPL217C	11	1	0.0909	3.097	2.035
YGR233C	11	1	0.0909	3.110	2.039
YBR275C	18	4	0.2222	3.130	2.046
YGR270W	13	0	0.0000	3.140	2.050
YHR158C	11	2	0.1818	3.147	2.052
YOR336W	13	2	0.1538	3.172	2.061
YDL077C	10	2	0.2000	3.175	2.062
YML059C	16	3	0.1875	3.175	2.062
YAL051W	10	1	0.1000	3.181	2.064
YJR033C	13	3	0.2308	3.191	2.067
YMR317W	11	2	0.1818	3.214	2.075
YIL129C	23	2	0.0870	3.225	2.079
YIL128W	10	1	0.1000	3.227	2.080
YGL151W	11	1	0.0909	3.236	2.083
YJL129C	12	3	0.2500	3.236	2.083
YKL105C	11	0	0.0000	3.236	2.083
YFR016C	12	0	0.0000	3.241	2.085
YDR326C	14	2	0.1429	3.243	2.085
YLL040C	31	6	0.1935	3.286	2.100
YKL173W	10	1	0.1000	3.304	2.106
YMR176W	14	6	0.4286	3.305	2.106
YJR031C	14	2	0.1429	3.312	2.108
YBR150C	11	1	0.0909	3.349	2.121
YEL025C	12	2	0.1667	3.364	2.126
YJR035W	11	3	0.2727	3.376	2.130
YDR034C-D	18	1	0.0556	3.387	2.133
YHR186C	16	1	0.0625	3.423	2.145
YOR160W	10	2	0.2000	3.426	2.146
YIR023W	10	0	0.0000	3.433	2.148
ICR1	11	2	0.1818	3.439	2.150
YJL197W	13	3	0.2308	3.453	2.155
YJL005W	21	2	0.0952	3.453	2.155
YDR457W	34	6	0.1765	3.467	2.159
YDR128W	12	2	0.1667	3.481	2.164
YDR443C	15	3	0.2000	3.519	2.176
YML104C	12	1	0.0833	3.546	2.185
YNR065C	12	2	0.1667	3.581	2.196
YNL163C	12	1	0.0833	3.600	2.202
YLR189C	13	2	0.1538	3.614	2.206
YLR148W	10	1	0.1000	3.627	2.210
YDR103W	10	0	0.0000	3.631	2.211
YGL093W	10	2	0.2000	3.631	2.211
YAL001C	13	1	0.0769	3.638	2.214
YLR247C	17	2	0.1176	3.639	2.214
YOL034W	12	3	0.2500	3.656	2.219
YDR409W	10	1	0.1000	3.683	2.228
YPL126W	10	1	0.1000	3.716	2.238
YML081W	14	2	0.1429	3.727	2.241
YIL156W	12	1	0.0833	3.731	2.242
YKR095W	21	3	0.1429	3.731	2.242
YKR082W	13	1	0.0769	3.742	2.246
YLR442C	11	2	0.1818	3.745	2.247
YDR097C	14	2	0.1429	3.754	2.249
YLR451W	10	1	0.1000	3.758	2.250
YNL236W	11	3	0.2727	3.761	2.251
YNL273W	14	1	0.0714	3.766	2.253
YGR238C	10	0	0.0000	3.775	2.256
YJL056C	10	2	0.2000	3.784	2.258
YHR155W	14	1	0.0714	3.797	2.262
YCR033W	14	1	0.0714	3.803	2.264
YNL082W	10	0	0.0000	3.814	2.267
YGR140W	11	1	0.0909	3.831	2.272
YMR229C	20	2	0.1000	3.854	2.279
YOL087C	13	0	0.0000	3.879	2.287
YIR019C	16	2	0.1250	3.899	2.292
YDR060W	12	4	0.3333	3.899	2.292
YFR038W	10	2	0.2000	3.903	2.294
YAL026C	16	1	0.0625	3.933	2.303
YLR419W	17	2	0.1176	3.946	2.306
YFL033C	21	6	0.2857	3.953	2.308
YCL054W	10	1	0.1000	3.959	2.310
YNL088W	17	0	0.0000	3.965	2.312
YFR002W	10	2	0.2000	3.968	2.313
YLR278C	16	1	0.0625	3.974	2.314
YOL138C	16	2	0.1250	3.974	2.314
YNL242W	19	1	0.0526	3.976	2.315
YIL073C	12	3	0.2500	3.976	2.315
YOR018W	10	1	0.1000	3.978	2.315
YLR071C	13	2	0.1538	4.001	2.322
YDR150W	33	5	0.1515	4.001	2.322
YNL054W	14	2	0.1429	4.002	2.323
YHR102W	13	2	0.1538	4.009	2.324
YDL031W	12	2	0.1667	4.016	2.327
YGL141W	11	0	0.0000	4.025	2.329
YPR042C	13	0	0.0000	4.027	2.330
YDR430C	12	2	0.1667	4.040	2.334
YOR195W	10	0	0.0000	4.055	2.338
YLR138W	12	2	0.1667	4.057	2.338
YGR281W	18	3	0.1667	4.060	2.339
YDL073W	12	2	0.1667	4.061	2.339
YBL085W	12	3	0.2500	4.077	2.344
YMR109W	15	0	0.0000	4.098	2.350
YOR058C	11	3	0.2727	4.138	2.361
YJR092W	18	1	0.0556	4.144	2.363
YOL090W	12	2	0.1667	4.145	2.363
YDR170C	25	3	0.1200	4.146	2.363
YNL049C	11	3	0.2727	4.181	2.373
YAL002W	16	1	0.0625	4.183	2.374
YMR162C	21	2	0.0952	4.225	2.385
YFR013W	10	1	0.1000	4.230	2.387
YKL205W	14	3	0.2143	4.239	2.389
YPR049C	15	3	0.2000	4.241	2.390
YMR247C	20	3	0.1500	4.265	2.397
YJR040W	10	0	0.0000	4.274	2.399
YKR102W	15	3	0.2000	4.274	2.399
YLR127C	11	3	0.2727	4.294	2.404
YLL021W	19	4	0.2105	4.317	2.411
YOL145C	14	2	0.1429	4.329	2.414
YBR033W	12	0	0.0000	4.348	2.419
YGL013C	14	1	0.0714	4.365	2.424
YIL038C	11	1	0.0909	4.381	2.428
YOR346W	13	2	0.1538	4.395	2.432
YML049C	18	3	0.1667	4.405	2.434
YJL098W	14	3	0.2143	4.407	2.435
YDL112W	19	3	0.1579	4.407	2.435
YLR371W	18	1	0.0556	4.422	2.439
YMR076C	17	2	0.1176	4.434	2.442
YBR074W	13	2	0.1538	4.435	2.442
YLR135W	10	2	0.2000	4.450	2.446
YJL029C	11	2	0.1818	4.455	2.448
YMR259C	19	1	0.0526	4.457	2.448
YHL030W	25	2	0.0800	4.459	2.449
YJR030C	10	0	0.0000	4.468	2.451
YGR003W	10	3	0.3000	4.474	2.453
YNL233W	12	0	0.0000	4.479	2.454
YLR422W	26	5	0.1923	4.484	2.455
YMR160W	11	0	0.0000	4.488	2.456
YGL195W	36	2	0.0556	4.489	2.457
YLR095C	11	2	0.1818	4.510	2.462
YJR089W	13	3	0.2308	4.538	2.469
YLL013C	12	2	0.1667	4.545	2.471
YNL325C	12	3	0.2500	4.545	2.471
YIL068C	11	0	0.0000	4.549	2.472
YGL083W	11	0	0.0000	4.555	2.474
YDR475C	12	1	0.0833	4.561	2.475
YOR038C	12	3	0.2500	4.566	2.477
YGL251C	17	2	0.1176	4.575	2.479
YMR257C	11	2	0.1818	4.578	2.480
YJL212C	11	2	0.1818	4.583	2.481
YKL101W	21	3	0.1429	4.608	2.488
YPL012W	17	1	0.0588	4.611	2.488
YMR192W	10	2	0.2000	4.623	2.491
YDR351W	12	2	0.1667	4.624	2.492
YNL068C	12	4	0.3333	4.635	2.494
YPL008W	12	0	0.0000	4.640	2.496
YER033C	15	3	0.2000	4.643	2.496
YMR280C	20	5	0.2500	4.649	2.498
YFL034W	15	5	0.3333	4.655	2.500
YJL061W	10	1	0.1000	4.669	2.503
YPR122W	17	3	0.1765	4.687	2.508
YHR103W	12	3	0.2500	4.689	2.508
YMR053C	12	3	0.2500	4.700	2.511
YMR129W	19	3	0.1579	4.733	2.519
YDR520C	11	1	0.0909	4.743	2.522
YGR038C-B	25	7	0.2800	4.745	2.522
YJR039W	16	5	0.3125	4.753	2.524
YGL233W	13	2	0.1538	4.757	2.525
YIL151C	16	4	0.2500	4.766	2.528
YLR452C	10	3	0.3000	4.769	2.528
YBL005W	14	3	0.2143	4.777	2.530
YLR430W	32	7	0.2188	4.779	2.531
YAR019C	14	3	0.2143	4.786	2.533
YKL197C	15	1	0.0667	4.789	2.533
YGL027C	12	0	0.0000	4.796	2.535
YJL157C	12	2	0.1667	4.813	2.539
YLR272C	17	1	0.0588	4.815	2.540
YIL144W	10	1	0.1000	4.817	2.540
YGR125W	15	3	0.2000	4.822	2.541
YNL023C	14	1	0.0714	4.831	2.544
YKR028W	15	3	0.2000	4.836	2.545
YLR382C	13	2	0.1538	4.842	2.546
YPL022W	16	3	0.1875	4.844	2.547
YGR090W	18	2	0.1111	4.847	2.548
YDL190C	14	1	0.0714	4.851	2.549
YJL051W	12	2	0.1667	4.860	2.551
YDR027C	13	1	0.0769	4.869	2.553
YLR357W	13	2	0.1538	4.869	2.553
YBL079W	22	3	0.1364	4.879	2.556
YGR198W	12	2	0.1667	4.890	2.558
YBR208C	27	5	0.1852	4.902	2.561
YKL179C	10	0	0.0000	4.902	2.561
YOR299W	11	1	0.0909	4.909	2.563
YGL201C	15	3	0.2000	4.912	2.564
YKL215C	19	2	0.1053	4.921	2.566
YOR256C	12	0	0.0000	4.938	2.570
YHL023C	17	3	0.1765	4.940	2.571
YMR124W	14	1	0.0714	4.944	2.571
YBR172C	11	1	0.0909	4.948	2.572
YJL039C	25	2	0.0800	4.949	2.573
YMR049C	12	4	0.3333	4.950	2.573
YPR097W	16	3	0.1875	4.966	2.577
YGL236C	10	0	0.0000	4.975	2.579
YHR154W	16	2	0.1250	4.980	2.580
YML088W	10	1	0.1000	4.983	2.581
YDR261C-D	24	4	0.1667	4.983	2.581
YBL023C	13	1	0.0769	4.987	2.582
YER157W	12	2	0.1667	4.988	2.582
YHR149C	11	2	0.1818	4.989	2.582
YOR017W	12	1	0.0833	4.994	2.583
YPL141C	13	2	0.1538	5.004	2.586
YOR116C	22	3	0.1364	5.019	2.590
YJL076W	18	0	0.0000	5.042	2.595
YBR114W	12	0	0.0000	5.057	2.599
YML111W	14	2	0.1429	5.067	2.601
YPR179C	10	2	0.2000	5.081	2.604
YJL109C	27	4	0.1481	5.085	2.605
YLR305C	29	4	0.1379	5.085	2.605
YCR091W	11	0	0.0000	5.086	2.605
YPR190C	10	0	0.0000	5.089	2.606
YLR057W	13	1	0.0769	5.098	2.608
YGL049C	14	4	0.2857	5.100	2.609
YNL126W	13	1	0.0769	5.116	2.613
YER138C	27	5	0.1852	5.124	2.615
YPL009C	16	3	0.1875	5.133	2.617
YLR006C	11	2	0.1818	5.143	2.619
YOR381W	11	2	0.1818	5.150	2.621
YFL008W	19	3	0.1579	5.166	2.624
YPR021C	14	2	0.1429	5.168	2.625
YDR207C	13	3	0.2308	5.177	2.627
YKR090W	11	0	0.0000	5.186	2.629
YLR131C	12	1	0.0833	5.188	2.629
YGR070W	18	2	0.1111	5.190	2.630
YBL037W	16	1	0.0625	5.198	2.632
YGL099W	10	3	0.3000	5.200	2.632
YPR115W	17	3	0.1765	5.228	2.639
YOR124C	20	1	0.0500	5.237	2.641
YER129W	18	3	0.1667	5.249	2.644
YNL256W	13	1	0.0769	5.253	2.644
YOR098C	17	2	0.1176	5.262	2.647
YOR337W	12	3	0.2500	5.263	2.647
YDR049W	10	2	0.2000	5.266	2.648
YDR419W	10	1	0.1000	5.266	2.648
YJL187C	13	2	0.1538	5.285	2.652
YJL154C	15	2	0.1333	5.291	2.653
YML076C	15	2	0.1333	5.291	2.653
YER098W	12	3	0.2500	5.298	2.655
YBR281C	14	2	0.1429	5.309	2.657
YGL092W	21	3	0.1429	5.311	2.658
YPL040C	16	5	0.3125	5.317	2.659
YPL242C	24	1	0.0417	5.348	2.666
YLR039C	17	4	0.2353	5.361	2.669
YJL019W	11	1	0.0909	5.368	2.671
YCR093W	34	5	0.1471	5.374	2.672
YDL013W	10	1	0.1000	5.376	2.673
YER155C	35	9	0.2571	5.381	2.674
YPR081C	10	1	0.1000	5.385	2.675
YOR217W	14	0	0.0000	5.414	2.681
YPL180W	13	2	0.1538	5.417	2.682
YOL004W	25	1	0.0400	5.422	2.683
YDR359C	16	2	0.1250	5.426	2.684
YML061C	14	2	0.1429	5.426	2.684
YKL165C	15	3	0.2000	5.435	2.686
YML103C	27	4	0.1481	5.435	2.686
YDR485C	13	3	0.2308	5.444	2.688
YDR107C	11	1	0.0909	5.448	2.689
YJR151C	19	2	0.1053	5.450	2.689
YPL125W	17	1	0.0588	5.486	2.697
YLR319C	13	2	0.1538	5.492	2.699
YDR141C	28	4	0.1429	5.493	2.699
YJL010C	11	2	0.1818	5.497	2.700
YBL105C	19	5	0.2632	5.498	2.700
YJR090C	19	5	0.2632	5.498	2.700
YOL148C	10	1	0.1000	5.510	2.703
YHR182W	13	2	0.1538	5.513	2.703
YOR275C	11	0	0.0000	5.539	2.709
YML056C	11	2	0.1818	5.547	2.711
YLR397C	13	5	0.3846	5.548	2.711
YMR086W	16	2	0.1250	5.550	2.711
YJR127C	23	2	0.0870	5.552	2.712
YBR055C	15	2	0.1333	5.556	2.713
YGL163C	15	3	0.2000	5.562	2.714
YOR071C	10	1	0.1000	5.565	2.715
YOL063C	16	1	0.0625	5.567	2.715
YDR028C	17	1	0.0588	5.583	2.719
YDR144C	10	1	0.1000	5.583	2.719
YPR022C	19	5	0.2632	5.585	2.719
YKL005C	10	1	0.1000	5.602	2.723
YBR215W	11	1	0.0909	5.607	2.724
YKL010C	25	2	0.0800	5.615	2.726
YOR127W	17	1	0.0588	5.622	2.727
YNL267W	18	3	0.1667	5.623	2.728
YMR167W	13	0	0.0000	5.628	2.729
YMR227C	10	1	0.1000	5.640	2.731
YDR303C	15	2	0.1333	5.643	2.732
YOR140W	13	2	0.1538	5.650	2.733
YOL157C	10	2	0.2000	5.650	2.733
YDL028C	13	3	0.2308	5.664	2.736
YFL036W	23	4	0.1739	5.671	2.738
YOR290C	29	5	0.1724	5.673	2.738
YHL010C	10	3	0.3000	5.688	2.742
YIL169C	17	1	0.0588	5.689	2.742
YMR313C	11	0	0.0000	5.702	2.745
YGR196C	14	1	0.0714	5.705	2.745
YDL074C	12	1	0.0833	5.706	2.745
YBR059C	19	3	0.1579	5.711	2.746
YPL195W	16	0	0.0000	5.716	2.748
YLL016W	18	0	0.0000	5.720	2.748
YDL039C	12	2	0.1667	5.722	2.749
YDL164C	13	2	0.1538	5.732	2.751
YOR011W	24	4	0.1667	5.735	2.752
YOR328W	27	2	0.0741	5.751	2.755
YML035C	14	3	0.2143	5.754	2.756
YIR028W	11	1	0.0909	5.765	2.758
YKL033W	18	2	0.1111	5.775	2.760
YER087W	10	2	0.2000	5.777	2.761
YBR098W	12	0	0.0000	5.780	2.761
YJL099W	13	2	0.1538	5.801	2.766
YHR171W	11	1	0.0909	5.811	2.768
YBR140C	54	11	0.2037	5.820	2.770
YML046W	11	2	0.1818	5.820	2.770
YFL025C	18	4	0.2222	5.825	2.771
YPL043W	12	3	0.2500	5.831	2.772
YHR124W	11	4	0.3636	5.839	2.774
YOL081W	54	8	0.1481	5.844	2.775
YAL041W	15	0	0.0000	5.848	2.776
YJL214W	10	1	0.1000	5.848	2.776
YNL144C	13	1	0.0769	5.848	2.776
YER169W	14	1	0.0714	5.855	2.777
YER167W	15	2	0.1333	5.869	2.780
YBR007C	13	4	0.3077	5.880	2.782
YBR237W	15	1	0.0667	5.882	2.783
YGR221C	11	1	0.0909	5.886	2.784
YBR289W	16	2	0.1250	5.887	2.784
YNL027W	12	1	0.0833	5.891	2.785
YDL239C	14	3	0.2143	5.900	2.787
YMR277W	13	2	0.1538	5.912	2.789
YLR373C	16	2	0.1250	5.913	2.789
YBR220C	10	0	0.0000	5.942	2.795
YMR304W	22	2	0.0909	5.957	2.799
YDR310C	19	2	0.1053	5.958	2.799
YGL244W	10	1	0.1000	5.963	2.800
YGR116W	26	5	0.1923	5.969	2.801
YGR224W	11	1	0.0909	5.972	2.802
YBR108W	17	2	0.1176	5.977	2.803
YJL128C	12	0	0.0000	5.979	2.803
YHR031C	13	1	0.0769	5.985	2.804
YOR005C	17	0	0.0000	5.996	2.807
YLR045C	16	1	0.0625	5.999	2.807
YDL080C	11	1	0.0909	6.011	2.810
YNR053C	12	1	0.0833	6.021	2.812
YBR030W	10	4	0.4000	6.028	2.813
YPL258C	10	1	0.1000	6.039	2.815
YPL216W	20	4	0.2000	6.044	2.816
YKR010C	14	4	0.2857	6.045	2.817
YFL047W	13	5	0.3846	6.061	2.820
YLR353W	11	2	0.1818	6.071	2.822
YDL102W	20	4	0.2000	6.072	2.822
YIL037C	12	3	0.2500	6.088	2.825
YER111C	20	2	0.1000	6.094	2.827
YER075C	17	2	0.1176	6.100	2.828
YMR185W	18	5	0.2778	6.110	2.830
YBR223C	10	2	0.2000	6.116	2.831
YDR235W	10	1	0.1000	6.116	2.831
YOR112W	14	1	0.0714	6.124	2.833
YER113C	13	1	0.0769	6.129	2.834
YAL031C	14	4	0.2857	6.132	2.834
YNL238W	15	1	0.0667	6.135	2.835
YDR057W	10	1	0.1000	6.139	2.836
YMR275C	18	5	0.2778	6.141	2.836
YGR246C	11	2	0.1818	6.142	2.836
YMR164C	14	2	0.1429	6.148	2.838
YDR176W	13	2	0.1538	6.164	2.841
YAR002W	10	0	0.0000	6.173	2.843
YBR102C	14	2	0.1429	6.189	2.846
YJL156C	13	1	0.0769	6.190	2.846
YDR108W	13	1	0.0769	6.199	2.848
YMR213W	11	2	0.1818	6.204	2.849
YER151C	17	1	0.0588	6.207	2.849
YGL178W	20	1	0.0500	6.211	2.850
YGL086W	14	1	0.0714	6.222	2.852
YLR035C	13	1	0.0769	6.226	2.853
YJL165C	16	3	0.1875	6.231	2.854
YJL127C	12	2	0.1667	6.240	2.856
YJL092W	22	4	0.1818	6.241	2.856
YBR045C	12	0	0.0000	6.250	2.858
YBR163W	11	3	0.2727	6.257	2.859
YGL150C	28	5	0.1786	6.264	2.861
YMR301C	13	0	0.0000	6.271	2.862
YMR216C	14	1	0.0714	6.281	2.864
YDR006C	17	4	0.2353	6.282	2.864
YGL140C	23	1	0.0435	6.284	2.865
YHR084W	13	1	0.0769	6.289	2.866
YPR162C	10	3	0.3000	6.289	2.866
YLR117C	13	1	0.0769	6.298	2.868
YHR032W	11	2	0.1818	6.300	2.868
YNL225C	11	4	0.3636	6.300	2.868
YBL039C	11	3	0.2727	6.322	2.872
YHR194W	11	0	0.0000	6.322	2.872
YOR129C	17	5	0.2941	6.339	2.875
YKR079C	16	3	0.1875	6.357	2.879
YIL126W	26	2	0.0769	6.373	2.882
YOR207C	22	2	0.0909	6.377	2.883
YDR228C	12	1	0.0833	6.380	2.884
YIL067C	13	1	0.0769	6.382	2.884
YCL004W	10	1	0.1000	6.386	2.885
YDL056W	16	1	0.0625	6.395	2.887
YBL019W	10	1	0.1000	6.398	2.887
YFL009W	15	0	0.0000	6.410	2.890
YDL116W	14	1	0.0714	6.419	2.891
YLR267W	11	0	0.0000	6.421	2.892
YOR211C	17	3	0.1765	6.425	2.892
YJR106W	14	0	0.0000	6.428	2.893
YIL097W	10	1	0.1000	6.447	2.897
YAR042W	23	3	0.1304	6.448	2.897
YOR030W	12	2	0.1667	6.452	2.898
YHR048W	10	0	0.0000	6.472	2.902
YJL102W	16	1	0.0625	6.504	2.908
YGR245C	15	4	0.2667	6.510	2.909
YMR004W	10	3	0.3000	6.510	2.909
YOR310C	10	1	0.1000	6.510	2.909
YDL231C	22	2	0.0909	6.513	2.909
YNL297C	32	7	0.2188	6.516	2.910
YDR490C	15	1	0.0667	6.519	2.911
YMR177W	10	3	0.3000	6.523	2.911
YDR458C	13	1	0.0769	6.526	2.912
YOL017W	14	0	0.0000	6.527	2.912
YCR048W	12	1	0.0833	6.547	2.916
YMR020W	10	1	0.1000	6.549	2.916
YDR358W	11	2	0.1818	6.571	2.921
YML071C	12	3	0.2500	6.579	2.922
YML010W	21	3	0.1429	6.579	2.922
YDL122W	16	1	0.0625	6.584	2.923
YLR369W	13	2	0.1538	6.586	2.923
YLR015W	10	0	0.0000	6.588	2.924
YHR159W	10	3	0.3000	6.601	2.926
YBR179C	17	3	0.1765	6.620	2.930
YOR048C	20	3	0.1500	6.620	2.930
YNR012W	10	2	0.2000	6.640	2.934
YGR083C	13	1	0.0769	6.646	2.935
YGL145W	14	4	0.2857	6.648	2.935
YBR123C	13	3	0.2308	6.667	2.939
YJR132W	21	4	0.1905	6.673	2.940
YLR410W	23	2	0.0870	6.684	2.942
YHR204W	16	3	0.1875	6.692	2.943
YMR033W	10	2	0.2000	6.711	2.947
YNR047W	18	4	0.2222	6.711	2.947
YER049W	13	3	0.2308	6.718	2.948
YDL093W	15	0	0.0000	6.720	2.949
YJL069C	12	1	0.0833	6.723	2.949
YHR091C	13	1	0.0769	6.729	2.950
YGR170W	23	2	0.0870	6.731	2.951
YFL013C	14	3	0.2143	6.734	2.951
YPL075W	21	3	0.1429	6.755	2.955
YGR089W	19	2	0.1053	6.759	2.956
YNL124W	10	0	0.0000	6.761	2.956
YPL097W	10	2	0.2000	6.761	2.956
YPR019W	19	3	0.1579	6.781	2.960
YLR207W	17	4	0.2353	6.795	2.962
YIL045W	11	1	0.0909	6.803	2.964
YJL198W	18	3	0.1667	6.803	2.964
YNR045W	10	1	0.1000	6.803	2.964
YLR389C	21	3	0.1429	6.809	2.965
YMR212C	16	5	0.3125	6.811	2.966
YEL053C	15	2	0.1333	6.812	2.966
YLR381W	15	2	0.1333	6.812	2.966
YBL024W	14	1	0.0714	6.813	2.966
YPR135W	19	2	0.1053	6.825	2.968
YLR144C	16	0	0.0000	6.838	2.970
YNL076W	12	0	0.0000	6.838	2.970
YBR235W	23	1	0.0435	6.839	2.971
YGL104C	10	0	0.0000	6.845	2.972
YKL012W	12	1	0.0833	6.849	2.973
YPL175W	10	2	0.2000	6.854	2.973
YKL025C	14	2	0.1429	6.863	2.975
YNL118C	20	2	0.1000	6.866	2.976
YHL017W	11	1	0.0909	6.879	2.978
YMR061W	14	0	0.0000	6.883	2.979
YBR247C	10	1	0.1000	6.887	2.979
YBL009W	14	4	0.2857	6.893	2.981
YLR384C	28	6	0.2143	6.914	2.984
YPR091C	16	3	0.1875	6.917	2.985
YKR008W	13	1	0.0769	6.922	2.986
YBL106C	21	2	0.0952	6.924	2.986
YAL028W	11	2	0.1818	6.931	2.988
YLR196W	12	1	0.0833	6.932	2.988
YJL085W	13	3	0.2308	6.944	2.990
YKL068W	20	3	0.1500	6.944	2.990
YIL026C	24	3	0.1250	6.950	2.991
YKR027W	16	3	0.1875	6.963	2.993
YEL043W	20	4	0.2000	6.966	2.994
YDR320C	14	1	0.0714	6.976	2.996
YPR121W	12	1	0.0833	6.981	2.997
YDR109C	15	2	0.1333	6.983	2.997
YOR162C	17	1	0.0588	6.987	2.998
YLR116W	10	0	0.0000	6.988	2.998
YJL112W	15	0	0.0000	6.993	2.999
YOR341W	35	8	0.2286	7.007	3.001
YLR288C	10	0	0.0000	7.018	3.003
YHR073W	21	2	0.0952	7.021	3.004
YDR137W	14	3	0.2143	7.028	3.005
YDR466W	19	3	0.1579	7.045	3.008
YMR014W	11	0	0.0000	7.051	3.009
YDR395W	20	2	0.1000	7.055	3.010
YOL025W	14	1	0.0714	7.060	3.011
YDR117C	12	1	0.0833	7.067	3.012
YPL070W	13	4	0.3077	7.069	3.012
YBR094W	16	1	0.0625	7.073	3.013
YFR009W	16	1	0.0625	7.083	3.015
YDL153C	13	3	0.2308	7.092	3.017
YKL047W	11	1	0.0909	7.092	3.017
YML130C	12	2	0.1667	7.092	3.017
YDL024C	10	2	0.2000	7.107	3.019
YNL329C	22	5	0.2273	7.113	3.020
YMR018W	11	2	0.1818	7.120	3.021
YPL083C	10	2	0.2000	7.123	3.022
YJL209W	14	2	0.1429	7.125	3.022
YIL001W	11	0	0.0000	7.134	3.024
YLR233C	15	2	0.1333	7.143	3.026
YNR039C	13	1	0.0769	7.151	3.027
YBL101C	24	5	0.2083	7.156	3.028
YJR042W	16	1	0.0625	7.159	3.028
YHR079C	24	3	0.1250	7.168	3.030
YML114C	11	2	0.1818	7.175	3.031
YOR141C	19	1	0.0526	7.181	3.032
YDR131C	12	1	0.0833	7.181	3.032
YGR200C	17	3	0.1765	7.182	3.032
YER105C	30	6	0.2000	7.184	3.033
YMR078C	16	2	0.1250	7.188	3.033
YLR072W	15	2	0.1333	7.205	3.036
YMR036C	12	1	0.0833	7.207	3.037
YNL221C	19	4	0.2105	7.230	3.041
YOR272W	10	2	0.2000	7.231	3.041
YDL160C	11	2	0.1818	7.232	3.041
YOR347C	11	1	0.0909	7.232	3.041
YHL016C	16	2	0.1250	7.246	3.044
YDR444W	15	3	0.2000	7.267	3.047
YDR539W	11	1	0.0909	7.275	3.049
YJR062C	10	1	0.1000	7.278	3.049
YLR276C	13	2	0.1538	7.283	3.050
YDR266C	14	3	0.2143	7.292	3.052
YJR002W	13	0	0.0000	7.295	3.052
YOR380W	12	1	0.0833	7.313	3.055
YFL053W	13	2	0.1538	7.320	3.057
YDR390C	14	0	0.0000	7.326	3.058
YOR073W	13	3	0.2308	7.332	3.059
YOL006C	17	4	0.2353	7.359	3.063
YJR054W	11	1	0.0909	7.363	3.064
YJR122W	11	1	0.0909	7.363	3.064
YER114C	23	1	0.0435	7.365	3.064
YIL121W	12	4	0.3333	7.366	3.065
YML097C	10	1	0.1000	7.375	3.066
YPL150W	20	4	0.2000	7.391	3.069
YHR109W	13	1	0.0769	7.395	3.069
YIL014W	14	2	0.1429	7.396	3.070
YNL083W	11	1	0.0909	7.407	3.072
YLR177W	14	0	0.0000	7.419	3.074
YLR077W	13	1	0.0769	7.420	3.074
YDL207W	12	2	0.1667	7.421	3.074
YAL010C	11	0	0.0000	7.422	3.074
YEL016C	11	2	0.1818	7.422	3.074
YKL121W	19	4	0.2105	7.425	3.075
YLR352W	18	3	0.1667	7.426	3.075
YLR133W	13	3	0.2308	7.433	3.076
YCR024C	11	0	0.0000	7.437	3.077
YER051W	11	1	0.0909	7.437	3.077
YPR169W	11	0	0.0000	7.437	3.077
YPL133C	10	0	0.0000	7.457	3.080
YLR182W	18	2	0.1111	7.463	3.081
YGL094C	25	3	0.1200	7.467	3.082
YMR278W	14	1	0.0714	7.491	3.086
YPL254W	11	2	0.1818	7.498	3.087
YKL090W	10	0	0.0000	7.508	3.089
YIR010W	13	2	0.1538	7.510	3.089
YDL025C	14	1	0.0714	7.515	3.090
YMR100W	14	0	0.0000	7.515	3.090
YGR171C	13	3	0.2308	7.523	3.091
YER061C	10	3	0.3000	7.524	3.092
YKL022C	19	3	0.1579	7.531	3.093
YDL194W	20	3	0.1500	7.533	3.093
YBL066C	26	2	0.0769	7.543	3.095
YJL132W	17	1	0.0588	7.545	3.095
YNL270C	13	1	0.0769	7.549	3.096
YOR119C	11	1	0.0909	7.560	3.098
YKL045W	12	1	0.0833	7.561	3.098
YLR386W	20	6	0.3000	7.567	3.099
YBR112C	22	1	0.0455	7.584	3.102
YKL028W	11	0	0.0000	7.591	3.103
YLR085C	10	1	0.1000	7.593	3.103
YJL200C	18	5	0.2778	7.595	3.103
YKL079W	15	1	0.0667	7.610	3.106
YGL197W	34	3	0.0882	7.616	3.107
YER123W	12	2	0.1667	7.619	3.108
YDL035C	22	3	0.1364	7.623	3.108
YDR406W	35	6	0.1714	7.625	3.109
YPL110C	28	4	0.1429	7.625	3.109
YDR270W	23	3	0.1304	7.629	3.109
YNL261W	11	1	0.0909	7.639	3.111
YDL003W	13	1	0.0769	7.643	3.111
YOR113W	21	3	0.1429	7.650	3.113
YJL176C	19	2	0.1053	7.667	3.116
YPR111W	13	1	0.0769	7.670	3.116
YER019W	11	0	0.0000	7.671	3.116
YML002W	17	3	0.1765	7.678	3.117
YNL188W	10	1	0.1000	7.680	3.118
YGR087C	13	3	0.2308	7.683	3.118
YHR077C	26	5	0.1923	7.685	3.119
YPL128C	13	1	0.0769	7.697	3.120
YIR002C	23	6	0.2609	7.713	3.123
YFR022W	17	3	0.1765	7.720	3.124
YHR045W	13	2	0.1538	7.724	3.125
YMR165C	20	4	0.2000	7.725	3.125
YGL107C	15	2	0.1333	7.728	3.126
YJL073W	15	2	0.1333	7.740	3.128
YLR289W	15	2	0.1333	7.740	3.128
YGR099W	16	2	0.1250	7.741	3.128
YKL112W	17	2	0.1176	7.741	3.128
YDL159W	12	2	0.1667	7.752	3.130
YOL130W	20	2	0.1000	7.752	3.130
YLR047C	16	2	0.1250	7.763	3.131
YBR225W	21	3	0.1429	7.769	3.132
YGR143W	18	2	0.1111	7.772	3.133
YNL095C	15	2	0.1333	7.776	3.134
YIR033W	26	5	0.1923	7.780	3.134
YMR113W	10	2	0.2000	7.788	3.136
YKR056W	15	2	0.1333	7.812	3.140
YDR160W	20	2	0.1000	7.816	3.140
YPL103C	11	1	0.0909	7.818	3.140
YKR061W	10	0	0.0000	7.825	3.142
YNL207W	10	1	0.1000	7.825	3.142
YMR319C	13	1	0.0769	7.836	3.143
YGR202C	10	1	0.1000	7.843	3.145
YLR114C	18	3	0.1667	7.843	3.145
YJL110C	13	2	0.1538	7.850	3.146
YBR084W	23	1	0.0435	7.855	3.147
YDR507C	27	7	0.2593	7.874	3.150
RME3	15	2	0.1333	7.874	3.150
YDR242W	13	2	0.1538	7.879	3.150
YBR195C	10	2	0.2000	7.880	3.151
YPL161C	15	4	0.2667	7.886	3.152
YNL272C	18	2	0.1111	7.895	3.153
YGL111W	11	0	0.0000	7.902	3.154
YGR004W	11	3	0.2727	7.919	3.157
YML117W	27	5	0.1852	7.930	3.159
YGL065C	12	2	0.1667	7.937	3.160
YNL059C	18	4	0.2222	7.937	3.160
YOR239W	15	1	0.0667	7.945	3.161
YNL258C	18	2	0.1111	7.947	3.161
YDR211W	17	3	0.1765	7.948	3.162
YMR308C	26	6	0.2308	7.951	3.162
YBL055C	10	1	0.1000	7.955	3.163
YJL084C	25	3	0.1200	7.959	3.163
YBL051C	16	3	0.1875	7.972	3.165
YPL019C	20	8	0.4000	7.974	3.166
YLR440C	17	6	0.3529	7.981	3.167
YFR021W	12	0	0.0000	7.984	3.167
YOL021C	24	6	0.2500	7.984	3.167
YIL115C	35	1	0.0286	7.985	3.168
YPL202C	10	0	0.0000	7.994	3.169
YER147C	15	2	0.1333	8.000	3.170
YKR021W	22	3	0.1364	8.006	3.171
YDL203C	15	4	0.2667	8.013	3.172
YDR194C	16	1	0.0625	8.020	3.173
YOR137C	15	2	0.1333	8.026	3.174
YMR253C	10	2	0.2000	8.032	3.175
YOR350C	16	2	0.1250	8.032	3.175
YOL072W	11	0	0.0000	8.041	3.176
YPL100W	12	2	0.1667	8.048	3.178
YDR221W	17	5	0.2941	8.061	3.180
YDR132C	12	1	0.0833	8.065	3.180
YDR376W	12	2	0.1667	8.097	3.185
YBR058C	19	1	0.0526	8.099	3.186
YDR195W	13	2	0.1538	8.115	3.188
YOR322C	20	2	0.1000	8.140	3.192
YDR338C	17	1	0.0588	8.142	3.192
YNL166C	11	0	0.0000	8.166	3.196
YKR084C	15	3	0.2000	8.170	3.197
YDR536W	14	2	0.1429	8.187	3.200
YKL139W	13	2	0.1538	8.192	3.200
YOL103W	15	3	0.2000	8.197	3.201
YOR009W	12	3	0.2500	8.197	3.201
YDL141W	17	3	0.1765	8.201	3.202
YMR261C	26	5	0.1923	8.215	3.204
YDL197C	13	2	0.1538	8.238	3.208
YGL122C	13	1	0.0769	8.238	3.208
YNL175C	10	3	0.3000	8.251	3.210
YKL038W	29	4	0.1379	8.255	3.210
YGL078C	13	3	0.2308	8.270	3.213
YJR160C	15	3	0.2000	8.292	3.216
YDL206W	19	0	0.0000	8.301	3.217
YGL243W	10	3	0.3000	8.313	3.219
YIL017C	23	1	0.0435	8.315	3.220
YNR058W	12	5	0.4167	8.316	3.220
YDR009W	13	2	0.1538	8.317	3.220
YGL021W	19	3	0.1579	8.322	3.221
YAL015C	10	2	0.2000	8.333	3.222
YDL106C	14	1	0.0714	8.333	3.222
YBR073W	24	2	0.0833	8.342	3.224
YBR017C	23	3	0.1304	8.342	3.224
YGR184C	49	8	0.1633	8.372	3.228
YHR201C	10	1	0.1000	8.375	3.229
YOL136C	10	2	0.2000	8.375	3.229
YPL042C	14	4	0.2857	8.393	3.232
YOR054C	17	1	0.0588	8.395	3.232
YMR285C	13	2	0.1538	8.398	3.232
YOR329C	22	3	0.1364	8.400	3.233
YFL024C	21	2	0.0952	8.403	3.233
YNL039W	15	2	0.1333	8.403	3.233
YGR100W	24	2	0.0833	8.412	3.235
YBR021W	16	3	0.1875	8.412	3.235
YHR114W	16	4	0.2500	8.412	3.235
YGL036W	23	3	0.1304	8.425	3.236
YOR032C	11	1	0.0909	8.429	3.237
YDL101C	13	0	0.0000	8.431	3.237
YLL005C	22	5	0.2273	8.439	3.239
YOR035C	20	3	0.1500	8.439	3.239
YOR132W	14	0	0.0000	8.454	3.241
YEL065W	16	1	0.0625	8.479	3.245
YPL176C	20	0	0.0000	8.503	3.248
YML102W	12	1	0.0833	8.529	3.252
YER168C	14	2	0.1429	8.531	3.253
YGL180W	23	4	0.1739	8.537	3.254
YBR270C	14	3	0.2143	8.547	3.255
YDR030C	13	4	0.3077	8.547	3.255
YLR266C	18	2	0.1111	8.547	3.255
YER171W	20	1	0.0500	8.558	3.257
YNR013C	23	2	0.0870	8.566	3.258
YPR054W	10	1	0.1000	8.569	3.258
YGL246C	10	2	0.2000	8.591	3.262
YMR293C	12	1	0.0833	8.602	3.263
YNL136W	11	3	0.2727	8.607	3.264
YAL058W	13	0	0.0000	8.615	3.265
YNL061W	16	3	0.1875	8.616	3.265
YOR001W	19	3	0.1579	8.629	3.267
YPL226W	31	3	0.0968	8.633	3.268
YHR017W	10	0	0.0000	8.636	3.268
YMR265C	12	2	0.1667	8.658	3.272
YKL057C	27	2	0.0741	8.671	3.274
YHR211W	28	7	0.2500	8.674	3.274
YMR047C	29	2	0.0690	8.677	3.275
YPL084W	22	2	0.0909	8.679	3.275
YIL048W	30	2	0.0667	8.681	3.275
YOL044W	10	0	0.0000	8.681	3.275
YJR136C	11	1	0.0909	8.689	3.276
YLR090W	12	1	0.0833	8.696	3.277
YPL193W	10	1	0.1000	8.726	3.282
YLR214W	18	0	0.0000	8.734	3.283
YML034W	23	3	0.1304	8.742	3.284
YNL223W	13	3	0.2308	8.754	3.286
YMR019W	25	8	0.3200	8.772	3.289
YNL206C	12	0	0.0000	8.772	3.289
YAL032C	10	0	0.0000	8.772	3.289
YDR089W	23	4	0.1739	8.812	3.295
YJR046W	16	1	0.0625	8.815	3.295
YOR153W	40	5	0.1250	8.818	3.295
YDL088C	14	0	0.0000	8.822	3.296
YER060W	14	4	0.2857	8.822	3.296
YDL019C	34	6	0.1765	8.827	3.297
YPR003C	20	2	0.1000	8.830	3.297
YBR274W	14	1	0.0714	8.838	3.298
YNL313C	24	4	0.1667	8.840	3.299
YIL056W	17	0	0.0000	8.840	3.299
YDL238C	13	0	0.0000	8.844	3.299
YHR202W	16	1	0.0625	8.845	3.299
YOR360C	14	1	0.0714	8.855	3.301
YBR133C	22	2	0.0909	8.857	3.301
YNL020C	17	1	0.0588	8.868	3.303
YGR227W	14	1	0.0714	8.872	3.303
YOR377W	14	1	0.0714	8.872	3.303
YPL016W	35	4	0.1143	8.872	3.303
YBR216C	18	1	0.0556	8.889	3.306
YGR237C	21	0	0.0000	8.906	3.308
YGR223C	12	0	0.0000	8.909	3.309
YIL006W	10	1	0.1000	8.913	3.309
YDR166C	26	5	0.1923	8.916	3.310
YKR096W	32	3	0.0938	8.919	3.310
YDL211C	10	1	0.1000	8.937	3.313
YNL212W	21	5	0.2381	8.940	3.313
YLR427W	18	3	0.1667	8.942	3.314
YNL152W	11	2	0.1818	8.943	3.314
YOR244W	12	0	0.0000	8.969	3.317
YMR013C	14	2	0.1429	8.974	3.318
YDL132W	22	4	0.1818	8.987	3.320
YNL011C	12	1	0.0833	8.989	3.320
YKL116C	14	2	0.1429	8.992	3.321
YOL054W	11	2	0.1818	9.009	3.323
YBR272C	13	2	0.1538	9.009	3.323
YPL105C	23	3	0.1304	9.020	3.325
YGR276C	15	2	0.1333	9.025	3.326
YOR149C	14	1	0.0714	9.026	3.326
YMR166C	10	0	0.0000	9.033	3.327
YKL059C	12	1	0.0833	9.050	3.329
YBR200W	15	1	0.0667	9.058	3.330
YCR067C	29	5	0.1724	9.068	3.332
YBL017C	43	5	0.1163	9.072	3.332
YBR229C	26	4	0.1538	9.075	3.333
YAL056W	24	3	0.1250	9.081	3.334
YER173W	18	1	0.0556	9.091	3.335
YER144C	22	2	0.0909	9.098	3.336
YGR122W	11	0	0.0000	9.098	3.336
YKL162C	11	2	0.1818	9.098	3.336
YPL104W	18	2	0.1111	9.105	3.337
YER078C	14	1	0.0714	9.115	3.338
YER166W	43	5	0.1163	9.118	3.339
YHR075C	11	1	0.0909	9.144	3.343
YKR089C	25	2	0.0800	9.147	3.343
YLR316C	10	0	0.0000	9.149	3.343
YLR396C	19	3	0.1579	9.152	3.344
YBR105C	10	2	0.2000	9.183	3.348
YAR009C	33	6	0.1818	9.190	3.349
YKL082C	12	3	0.2500	9.195	3.350
YPR047W	13	2	0.1538	9.220	3.353
YDR244W	17	0	0.0000	9.244	3.357
YLR273C	18	1	0.0556	9.245	3.357
YLR335W	20	2	0.1000	9.246	3.357
YHR169W	12	1	0.0833	9.259	3.359
YLR246W	10	2	0.2000	9.259	3.359
YMR080C	27	7	0.2593	9.259	3.359
YNL216W	23	3	0.1304	9.259	3.359
YNL183C	22	1	0.0455	9.271	3.360
YER047C	25	7	0.2800	9.280	3.362
YCR035C	11	0	0.0000	9.283	3.362
YJL042W	39	4	0.1026	9.292	3.364
YGR264C	21	1	0.0476	9.309	3.366
YER127W	10	2	0.2000	9.311	3.366
YIR003W	19	2	0.1053	9.314	3.366
YLR082C	11	1	0.0909	9.330	3.369
YLR287C	10	0	0.0000	9.363	3.373
YDR436W	20	1	0.0500	9.376	3.375
YCR037C	26	3	0.1154	9.380	3.376
YFL042C	19	1	0.0526	9.383	3.376
YBR087W	10	1	0.1000	9.390	3.377
YDR362C	19	3	0.1579	9.411	3.380
YFR007W	10	1	0.1000	9.416	3.381
YPL011C	10	0	0.0000	9.416	3.381
YBL082C	13	2	0.1538	9.441	3.384
YDL233W	13	0	0.0000	9.441	3.384
YGR162W	27	3	0.1111	9.444	3.385
YEL055C	29	4	0.1379	9.449	3.385
YDR052C	20	4	0.2000	9.456	3.386
YBR202W	24	1	0.0417	9.456	3.386
YDR261C	16	3	0.1875	9.473	3.389
YKR072C	16	1	0.0625	9.473	3.389
YPL101W	13	2	0.1538	9.482	3.390
YHR207C	15	3	0.2000	9.488	3.391
YLL022C	11	3	0.2727	9.499	3.392
YOL065C	11	2	0.1818	9.524	3.396
YMR029C	15	0	0.0000	9.542	3.398
YNL029C	15	3	0.2000	9.560	3.401
YJR006W	14	1	0.0714	9.563	3.401
YDL033C	12	2	0.1667	9.569	3.402
YNL304W	12	6	0.5000	9.569	3.402
YGL157W	10	2	0.2000	9.579	3.403
YJL023C	10	1	0.1000	9.579	3.403
YBL103C	14	5	0.3571	9.582	3.404
YPR008W	20	2	0.1000	9.592	3.405
YEL032W	28	8	0.2857	9.602	3.406
YBL084C	22	5	0.2273	9.662	3.414
YDR541C	10	0	0.0000	9.662	3.414
YOR051C	12	2	0.1667	9.685	3.418
YNL123W	29	3	0.1034	9.686	3.418
YIR029W	10	1	0.1000	9.690	3.418
YDR122W	31	4	0.1290	9.703	3.420
YPL208W	17	2	0.1176	9.703	3.420
YBR279W	13	2	0.1538	9.716	3.422
YCR014C	17	3	0.1765	9.720	3.422
YHR052W	11	2	0.1818	9.726	3.423
YGR041W	16	2	0.1250	9.732	3.424
YOR326W	46	7	0.1522	9.735	3.424
YPR089W	26	4	0.1538	9.749	3.426
YIR008C	12	1	0.0833	9.756	3.427
YPR034W	14	0	0.0000	9.763	3.428
YLR151C	10	2	0.2000	9.775	3.430
YDR370C	13	3	0.2308	9.782	3.431
YFR039C	15	3	0.2000	9.785	3.431
YPL212C	16	1	0.0625	9.786	3.431
YLR361C	17	1	0.0588	9.787	3.431
YMR302C	25	2	0.0800	9.792	3.432
YHL029C	20	1	0.0500	9.804	3.433
YGL124C	19	3	0.1579	9.819	3.436
YPL248C	26	4	0.1538	9.826	3.436
YDR076W	12	1	0.0833	9.828	3.437
YDR265W	10	1	0.1000	9.862	3.441
YOR168W	24	3	0.1250	9.877	3.443
YNL014W	31	3	0.0968	9.888	3.445
YNL326C	10	2	0.2000	9.891	3.445
YGR103W	18	5	0.2778	9.901	3.446
YNL103W	20	0	0.0000	9.906	3.447
YML029W	25	5	0.2000	9.932	3.451
YLR436C	38	4	0.1053	9.935	3.451
YIR025W	11	0	0.0000	9.937	3.451
YOR118W	17	2	0.1176	9.977	3.456
YMR133W	14	1	0.0714	9.979	3.457
YBR057C	11	0	0.0000	9.991	3.458
YJL201W	18	4	0.2222	10.000	3.459
YLL048C	50	9	0.1800	10.028	3.463
YCR065W	17	1	0.0588	10.029	3.463
YDL005C	13	4	0.3077	10.031	3.463
YJR091C	33	2	0.0606	10.073	3.469
YGL227W	29	4	0.1379	10.080	3.470
YGR166W	17	1	0.0588	10.101	3.473
YPR030W	34	1	0.0294	10.101	3.473
YPR072W	17	2	0.1176	10.101	3.473
YDR164C	22	2	0.0909	10.115	3.474
YHR151C	16	3	0.1875	10.120	3.475
YAR003W	13	0	0.0000	10.148	3.479
YLR418C	12	2	0.1667	10.152	3.479
YGL059W	15	1	0.0667	10.163	3.481
YOL152W	19	6	0.3158	10.199	3.485
YKL015W	30	2	0.0667	10.204	3.486
YNL091W	38	3	0.0789	10.207	3.486
YDR422C	25	4	0.1600	10.212	3.487
YJR147W	11	0	0.0000	10.214	3.487
YCL063W	13	0	0.0000	10.220	3.488
YGR009C	20	4	0.2000	10.225	3.489
YPL273W	10	1	0.1000	10.225	3.489
YCR068W	16	2	0.1250	10.237	3.490
YNL253W	13	2	0.1538	10.244	3.491
YPL277C	15	1	0.0667	10.246	3.491
YPR125W	14	1	0.0714	10.256	3.493
YBR083W	15	1	0.0667	10.267	3.494
YGR154C	11	0	0.0000	10.271	3.495
YPL207W	25	2	0.0800	10.275	3.495
YGL206C	51	6	0.1176	10.278	3.495
YDR229W	14	2	0.1429	10.279	3.496
YNL167C	20	1	0.0500	10.288	3.497
YDR518W	16	1	0.0625	10.296	3.498
YHL002W	14	0	0.0000	10.302	3.498
YKR022C	10	1	0.1000	10.320	3.501
YOR241W	17	0	0.0000	10.322	3.501
YAL040C	18	2	0.1111	10.327	3.502
YBR288C	15	2	0.1333	10.331	3.502
YJL013C	16	1	0.0625	10.336	3.503
YKR051W	13	1	0.0769	10.342	3.504
YKL124W	18	5	0.2778	10.345	3.504
YGL129C	14	3	0.2143	10.347	3.504
YIR006C	46	7	0.1522	10.353	3.505
YGL004C	13	2	0.1538	10.367	3.507
YMR021C	13	1	0.0769	10.367	3.507
YDR181C	15	2	0.1333	10.373	3.508
YGL095C	18	4	0.2222	10.381	3.509
YOR086C	37	4	0.1081	10.390	3.510
YEL064C	15	1	0.0667	10.395	3.510
YJL100W	19	2	0.1053	10.417	3.513
YBL042C	20	3	0.1500	10.417	3.513
YDR259C	12	3	0.2500	10.417	3.513
YPR198W	17	1	0.0588	10.417	3.513
YMR012W	40	1	0.0250	10.433	3.515
YDR279W	11	4	0.3636	10.446	3.517
YOR190W	14	2	0.1429	10.463	3.519
YOR250C	14	5	0.3571	10.463	3.519
YLL031C	32	2	0.0625	10.478	3.521
YDL218W	10	1	0.1000	10.482	3.521
YMR310C	10	1	0.1000	10.482	3.521
YPL032C	26	5	0.1923	10.492	3.523
YGL039W	11	1	0.0909	10.506	3.524
YPL039W	10	3	0.3000	10.515	3.525
YPR010C	38	6	0.1579	10.520	3.526
YDL040C	27	3	0.1111	10.526	3.527
YHR063C	12	3	0.2500	10.526	3.527
YER005W	20	1	0.0500	10.565	3.532
YML015C	11	1	0.0909	10.567	3.532
YNL161W	24	6	0.2500	10.568	3.532
YDR205W	23	0	0.0000	10.575	3.533
YAL043C	25	4	0.1600	10.602	3.536
YEL070W	16	3	0.1875	10.603	3.536
YGL155W	12	2	0.1667	10.610	3.537
YGR168C	12	2	0.1667	10.610	3.537
YOL070C	16	2	0.1250	10.624	3.539
YFR040W	32	3	0.0938	10.635	3.540
YPR161C	21	2	0.0952	10.638	3.541
YMR299C	10	1	0.1000	10.650	3.542
YOL096C	10	2	0.2000	10.650	3.542
YOR208W	24	4	0.1667	10.652	3.543
YGR113W	11	2	0.1818	10.659	3.543
YDR101C	19	5	0.2632	10.662	3.544
YAL013W	13	4	0.3077	10.673	3.545
YBR236C	14	1	0.0714	10.679	3.546
YGL146C	10	2	0.2000	10.684	3.546
YLR265C	11	0	0.0000	10.690	3.547
YBR063C	13	2	0.1538	10.700	3.548
YNR006W	20	2	0.1000	10.701	3.549
YDR350C	22	5	0.2273	10.706	3.549
YMR228W	11	1	0.0909	10.721	3.551
YGL043W	10	0	0.0000	10.753	3.555
YLR446W	14	3	0.2143	10.753	3.555
YML068W	15	2	0.1333	10.753	3.555
YCR026C	24	2	0.0833	10.767	3.557
YER068W	19	5	0.2632	10.771	3.557
YGL063W	12	1	0.0833	10.782	3.558
YPL119C	20	6	0.3000	10.787	3.559
YLR227C	16	1	0.0625	10.796	3.560
YBR050C	11	2	0.1818	10.816	3.563
YOR264W	14	2	0.1429	10.828	3.564
YFL029C	12	3	0.2500	10.840	3.566
YDR004W	15	3	0.2000	10.846	3.566
YBR141C	11	3	0.2727	10.848	3.567
YDR300C	14	3	0.2143	10.878	3.570
YDR335W	40	8	0.2000	10.884	3.571
YMR140W	16	2	0.1250	10.884	3.571
YGL025C	13	1	0.0769	10.888	3.571
YJL164C	13	5	0.3846	10.888	3.571
YLL015W	51	11	0.2157	10.897	3.573
YBR170C	19	2	0.1053	10.901	3.573
YGR058W	11	1	0.0909	10.913	3.574
YHR170W	17	5	0.2941	10.918	3.575
YDR318W	13	3	0.2308	10.924	3.576
YLR455W	10	3	0.3000	10.929	3.576
YGL169W	14	3	0.2143	10.929	3.576
YJR005W	23	2	0.0870	10.937	3.577
YNL040W	15	1	0.0667	10.941	3.578
YPL095C	15	4	0.2667	10.941	3.578
YKL029C	22	0	0.0000	10.945	3.578
YGR156W	14	2	0.1429	10.955	3.579
YOR227W	41	7	0.1707	10.960	3.580
YGL112C	17	3	0.1765	10.961	3.580
YDL108W	11	1	0.0909	10.978	3.582
YBR260C	22	7	0.3182	10.995	3.584
YHR033W	14	0	0.0000	11.006	3.586
YBR115C	46	7	0.1522	11.007	3.586
YJL071W	19	4	0.2105	11.014	3.587
YLR449W	13	2	0.1538	11.026	3.588
YIL009W	23	4	0.1739	11.031	3.589
YPL064C	10	3	0.3000	11.038	3.589
YNL293W	21	4	0.1905	11.041	3.590
YPL151C	15	2	0.1333	11.062	3.592
YKR093W	20	2	0.1000	11.074	3.594
YNL309W	14	3	0.2143	11.085	3.595
YOL100W	36	11	0.3056	11.091	3.596
YKL062W	21	4	0.1905	11.094	3.596
YDR011W	50	10	0.2000	11.096	3.596
YGR261C	27	5	0.1852	11.111	3.598
YGR241C	19	2	0.1053	11.131	3.601
YJL054W	16	2	0.1250	11.134	3.601
YDL205C	11	1	0.0909	11.179	3.606
YHR004C	15	3	0.2000	11.186	3.607
YDR389W	22	0	0.0000	11.196	3.608
YOL098C	35	8	0.2286	11.240	3.613
YDR432W	14	4	0.2857	11.245	3.614
YDR292C	21	5	0.2381	11.254	3.615
YPR085C	15	3	0.2000	11.261	3.616
YIL137C	32	5	0.1562	11.264	3.616
YBR076W	12	5	0.4167	11.268	3.617
YGL172W	16	3	0.1875	11.276	3.618
YFR015C	24	2	0.0833	11.283	3.619
YHR029C	10	1	0.1000	11.299	3.621
YJR049C	18	5	0.2778	11.299	3.621
YKL174C	21	3	0.1429	11.309	3.622
YLR256W	51	4	0.0784	11.311	3.622
YLR310C	54	6	0.1111	11.321	3.623
YIL036W	20	1	0.0500	11.338	3.625
YGR222W	10	1	0.1000	11.338	3.625
YDL138W	26	8	0.3077	11.344	3.626
YPR140W	13	1	0.0769	11.344	3.626
YNL243W	33	3	0.0909	11.352	3.627
YIL122W	12	3	0.2500	11.364	3.628
YOR363C	34	4	0.1176	11.367	3.628
YHL039W	20	3	0.1500	11.377	3.630
YJR088C	10	3	0.3000	11.377	3.630
YDR289C	14	2	0.1429	11.382	3.630
YDR460W	11	0	0.0000	11.387	3.631
YLR337C	28	5	0.1786	11.410	3.633
YBR038W	33	7	0.2121	11.411	3.634
YLR132C	10	0	0.0000	11.455	3.639
YML127W	20	5	0.2500	11.455	3.639
YLR105C	13	3	0.2308	11.464	3.640
YFR028C	19	1	0.0526	11.473	3.641
YDL115C	13	0	0.0000	11.484	3.642
YFL028C	10	3	0.3000	11.494	3.643
YDR189W	23	4	0.1739	11.494	3.643
YOR384W	24	5	0.2083	11.511	3.645
YBR004C	15	2	0.1333	11.521	3.646
YOR075W	12	1	0.0833	11.527	3.647
YGL023C	22	4	0.1818	11.530	3.647
YHR176W	15	2	0.1333	11.547	3.649
YGL173C	53	10	0.1887	11.554	3.650
YDR415C	13	2	0.1538	11.556	3.650
YMR289W	13	2	0.1538	11.556	3.650
YDR307W	23	3	0.1304	11.564	3.651
YGL057C	10	1	0.1000	11.574	3.652
YPL165C	13	3	0.2308	11.586	3.654
YMR189W	36	3	0.0833	11.594	3.655
YOR324C	21	3	0.1429	11.609	3.656
YGL139W	28	4	0.1429	11.623	3.658
YLR260W	24	4	0.1667	11.628	3.659
YPL270W	27	5	0.1852	11.628	3.659
YJL139C	15	3	0.2000	11.655	3.662
YOR006C	11	1	0.0909	11.677	3.664
YBR198C	28	4	0.1429	11.681	3.665
YKL211C	17	1	0.0588	11.684	3.665
YGL153W	12	1	0.0833	11.696	3.666
YCR052W	17	2	0.1176	11.708	3.668
YNL247W	27	6	0.2222	11.719	3.669
YHR160C	10	1	0.1000	11.737	3.671
YGR040W	13	2	0.1538	11.743	3.672
YOR307C	16	1	0.0625	11.747	3.672
YHR206W	22	1	0.0455	11.771	3.675
YGR186W	26	0	0.0000	11.775	3.675
YDR111C	18	4	0.2222	11.811	3.679
YNL308C	21	6	0.2857	11.824	3.681
YPL093W	23	5	0.2174	11.831	3.682
YNR033W	28	5	0.1786	11.844	3.683
YIL143C	30	6	0.2000	11.848	3.684
YMR210W	16	0	0.0000	11.852	3.684
YGR077C	21	1	0.0476	11.864	3.685
YER059W	15	3	0.2000	11.876	3.687
YJR126C	29	5	0.1724	11.905	3.690
YGR028W	13	3	0.2308	11.938	3.693
YMR237W	26	4	0.1538	11.954	3.695
YDR197W	14	2	0.1429	11.966	3.697
YNL035C	14	3	0.2143	11.966	3.697
YOR151C	44	9	0.2045	11.973	3.697
YNL265C	12	0	0.0000	11.976	3.698
YPL111W	12	0	0.0000	11.976	3.698
YMR223W	17	7	0.4118	12.006	3.701
YKR044W	16	3	0.1875	12.012	3.702
YOL051W	39	8	0.2051	12.015	3.702
YDL179W	11	2	0.1818	12.022	3.703
YGR072W	14	3	0.2143	12.027	3.703
YFL004W	30	7	0.2333	12.063	3.707
YCR011C	38	4	0.1053	12.063	3.707
YBR168W	15	3	0.2000	12.077	3.709
YDR267C	12	2	0.1667	12.085	3.710
YNL197C	24	4	0.1667	12.085	3.710
YHR216W	19	5	0.2632	12.087	3.710
YOR260W	21	3	0.1429	12.090	3.710
YML119W	13	3	0.2308	12.104	3.712
YLL057C	15	4	0.2667	12.107	3.712
YGL238W	35	4	0.1143	12.140	3.716
YNL291C	20	2	0.1000	12.143	3.716
YGL256W	14	0	0.0000	12.185	3.721
YNL186W	29	4	0.1379	12.190	3.721
YKL171W	34	3	0.0882	12.199	3.722
YJR059W	30	6	0.2000	12.210	3.724
YPR079W	14	1	0.0714	12.216	3.724
YGL254W	11	1	0.0909	12.222	3.725
YHR139C	12	2	0.1667	12.232	3.726
YOR340C	12	2	0.1667	12.232	3.726
YKR011C	13	1	0.0769	12.241	3.727
YER045C	18	4	0.2222	12.245	3.727
YGR280C	10	2	0.2000	12.255	3.728
YKL219W	15	1	0.0667	12.255	3.728
YOL009C	10	2	0.2000	12.255	3.728
YDR151C	12	4	0.3333	12.270	3.730
YBL011W	28	7	0.2500	12.281	3.731
YAL017W	50	5	0.1000	12.282	3.731
YFL049W	23	1	0.0435	12.286	3.732
YMR037C	26	3	0.1154	12.293	3.733
YDR202C	13	2	0.1538	12.311	3.735
YNL231C	13	3	0.2308	12.311	3.735
YNL164C	13	1	0.0769	12.311	3.735
YBL007C	46	4	0.0870	12.316	3.735
YBR049C	30	9	0.3000	12.330	3.737
YNL264C	13	3	0.2308	12.346	3.738
YNR023W	21	3	0.1429	12.346	3.738
YLL067C	46	8	0.1739	12.376	3.742
YNL051W	15	2	0.1333	12.376	3.742
YBR001C	29	10	0.3448	12.377	3.742
YJL020C	43	6	0.1395	12.378	3.742
YOR321W	28	5	0.1786	12.378	3.742
YOR046C	18	1	0.0556	12.422	3.747
YOR274W	16	2	0.1250	12.432	3.748
YBR103W	20	4	0.2000	12.438	3.748
YBR041W	25	3	0.1200	12.438	3.748
YNL141W	13	1	0.0769	12.452	3.750
YLR274W	29	6	0.2069	12.457	3.750
YKL188C	32	4	0.1250	12.490	3.754
YMR201C	15	2	0.1333	12.500	3.755
YBR182C	17	2	0.1176	12.509	3.756
YGR229C	19	2	0.1053	12.516	3.757
YPR086W	13	0	0.0000	12.524	3.757
YGL117W	10	1	0.1000	12.531	3.758
YOR070C	24	3	0.1250	12.539	3.759
YHL050C	36	9	0.2500	12.557	3.761
YDR130C	11	1	0.0909	12.557	3.761
YOL077C	11	2	0.1818	12.557	3.761
YOL018C	15	3	0.2000	12.563	3.762
YGR216C	23	7	0.3043	12.568	3.762
YIL093C	10	1	0.1000	12.579	3.763
YGR117C	18	2	0.1111	12.579	3.763
YKR006C	10	0	0.0000	12.579	3.763
YNR073C	19	0	0.0000	12.591	3.765
YOR372C	21	5	0.2381	12.613	3.767
YIL105C	26	4	0.1538	12.615	3.767
YGR010W	15	1	0.0667	12.626	3.768
YOL158C	23	2	0.0870	12.630	3.769
YDL065C	13	2	0.1538	12.634	3.769
YKL204W	24	3	0.1250	12.638	3.770
YOL016C	17	2	0.1176	12.649	3.771
YCR061W	24	4	0.1667	12.658	3.772
YGR288W	18	3	0.1667	12.658	3.772
YPL023C	25	0	0.0000	12.665	3.772
YGR283C	13	2	0.1538	12.671	3.773
YAR014C	27	6	0.2222	12.676	3.774
YOL013C	21	3	0.1429	12.681	3.774
YBR267W	15	3	0.2000	12.690	3.775
YOL137W	19	5	0.2632	12.718	3.778
YPR167C	10	2	0.2000	12.723	3.778
YLL058W	22	6	0.2727	12.731	3.779
YBR080C	29	6	0.2069	12.736	3.780
YDR135C	58	14	0.2414	12.753	3.782
YOR281C	11	2	0.1818	12.776	3.784
YBR276C	31	5	0.1613	12.789	3.785
YJL141C	31	5	0.1613	12.789	3.785
YLR219W	28	5	0.1786	12.803	3.787
YCR019W	14	0	0.0000	12.821	3.789
YOL042W	14	1	0.0714	12.821	3.789
YIL005W	27	5	0.1852	12.821	3.789
YOL112W	19	3	0.1579	12.847	3.791
YAL022C	20	2	0.1000	12.870	3.794
YGR252W	17	4	0.2353	12.879	3.795
YBR246W	15	1	0.0667	12.887	3.796
YDL230W	13	1	0.0769	12.897	3.797
YPL191C	14	4	0.2857	12.927	3.800
YGL232W	12	2	0.1667	12.931	3.800
YPL227C	13	2	0.1538	12.935	3.801
YDR331W	16	2	0.1250	12.945	3.802
YKR025W	11	1	0.0909	12.956	3.803
YAL035W	39	4	0.1026	12.961	3.803
YKL071W	10	3	0.3000	12.970	3.804
YAL020C	13	2	0.1538	12.974	3.805
YER161C	13	3	0.2308	12.974	3.805
YFR045W	13	1	0.0769	12.974	3.805
YOR354C	27	6	0.2222	12.987	3.806
YOR301W	17	3	0.1765	12.997	3.807
YPL152W	14	3	0.2143	12.999	3.807
YDR119W	30	5	0.1667	13.004	3.808
YHR067W	11	0	0.0000	13.049	3.812
YKL113C	15	2	0.1333	13.055	3.813
YKL161C	17	2	0.1176	13.057	3.813
YPR040W	14	1	0.0714	13.072	3.815
YGR097W	45	9	0.2000	13.078	3.815
YNL038W	10	0	0.0000	13.089	3.816
YGL005C	11	1	0.0909	13.095	3.817
YKR092C	16	5	0.3125	13.104	3.818
YER001W	30	9	0.3000	13.106	3.818
YOL057W	28	2	0.0714	13.109	3.819
YKR052C	12	2	0.1667	13.115	3.819
YLR347C	34	2	0.0588	13.148	3.822
YPL140C	20	1	0.0500	13.149	3.823
YDL091C	18	2	0.1111	13.158	3.824
YBR129C	13	2	0.1538	13.171	3.825
YDL057W	13	1	0.0769	13.171	3.825
YDR206W	35	4	0.1143	13.183	3.826
YPL264C	14	5	0.3571	13.183	3.826
YBR119W	13	3	0.2308	13.185	3.826
YPR029C	33	5	0.1515	13.205	3.828
YIL063C	13	2	0.1538	13.211	3.829
YJL062W	33	6	0.1818	13.237	3.832
YCR008W	24	3	0.1250	13.245	3.832
YDL107W	14	2	0.1429	13.258	3.834
YHR078W	22	2	0.0909	13.261	3.834
YEL056W	16	2	0.1250	13.267	3.835
YMR115W	20	2	0.1000	13.280	3.836
YAR008W	11	3	0.2727	13.285	3.836
YER116C	11	1	0.0909	13.333	3.841
YGL085W	11	2	0.1818	13.333	3.841
YNL084C	14	2	0.1429	13.333	3.841
YOR034C	30	6	0.2000	13.333	3.841
YPL169C	24	6	0.2500	13.333	3.841
YJL041W	33	6	0.1818	13.355	3.843
YPL116W	28	4	0.1429	13.372	3.845
YGR092W	23	1	0.0435	13.380	3.846
YHR005C	19	3	0.1579	13.390	3.847
YGL213C	16	1	0.0625	13.400	3.848
YNL042W	16	4	0.2500	13.434	3.851
YER006W	21	3	0.1429	13.436	3.852
YDR234W	28	4	0.1429	13.449	3.853
YBR079C	39	5	0.1282	13.472	3.855
YGR042W	11	1	0.0909	13.480	3.856
YGR165W	14	3	0.2143	13.487	3.857
YKL130C	10	1	0.1000	13.495	3.858
YGL014W	36	6	0.1667	13.498	3.858
YFR041C	12	2	0.1667	13.514	3.859
YHR088W	12	1	0.0833	13.514	3.859
YKR037C	12	2	0.1667	13.514	3.859
YLR211C	10	2	0.2000	13.514	3.859
YNR051C	21	3	0.1429	13.566	3.865
YHR082C	42	5	0.1190	13.592	3.867
YHR047C	35	6	0.1714	13.613	3.869
LSR1	16	5	0.3125	13.617	3.870
YHR098C	38	4	0.1053	13.620	3.870
YOR123C	19	1	0.0526	13.620	3.870
YGL208W	17	0	0.0000	13.622	3.870
YOR014W	31	3	0.0968	13.632	3.871
YPL052W	12	2	0.1667	13.636	3.871
YDR143C	25	2	0.0800	13.639	3.872
YKL052C	12	1	0.0833	13.652	3.873
YMR039C	12	1	0.0833	13.652	3.873
YHR127W	10	2	0.2000	13.661	3.874
YNL058C	13	4	0.3077	13.670	3.875
YDR208W	32	7	0.2188	13.675	3.875
YNL199C	22	2	0.0909	13.707	3.878
YPL157W	13	1	0.0769	13.713	3.879
YGR084C	14	2	0.1429	13.725	3.880
YPL224C	20	4	0.2000	13.746	3.882
YGR210C	17	2	0.1176	13.754	3.883
YHR061C	13	1	0.0769	13.757	3.883
YMR127C	14	0	0.0000	13.766	3.884
YBR090C	10	1	0.1000	13.774	3.885
YNL008C	28	4	0.1429	13.786	3.886
YDR387C	23	4	0.1739	13.789	3.886
YDR254W	19	3	0.1579	13.798	3.887
YOR134W	17	4	0.2353	13.821	3.890
YJR004C	27	3	0.1111	13.825	3.890
YOR164C	13	2	0.1538	13.845	3.892
YJR094C	15	2	0.1333	13.850	3.892
YGL067W	16	4	0.2500	13.853	3.893
YNL073W	24	3	0.1250	13.865	3.894
YGR194C	25	2	0.0800	13.866	3.894
YOR171C	26	8	0.3077	13.867	3.894
YHR069C	15	2	0.1333	13.889	3.896
YMR173W	18	5	0.2778	13.921	3.899
YDR051C	14	2	0.1429	13.930	3.900
YDL103C	20	2	0.1000	13.947	3.902
YHR013C	10	1	0.1000	13.947	3.902
YPL213W	10	0	0.0000	13.947	3.902
YLR431C	19	5	0.2632	13.950	3.902
YNR029C	18	3	0.1667	13.953	3.902
YLR291C	16	0	0.0000	13.962	3.903
YLR136C	12	1	0.0833	13.986	3.906
YGL073W	35	2	0.0571	13.989	3.906
YDL180W	23	5	0.2174	13.990	3.906
YLL010C	18	5	0.2778	14.019	3.909
YDR075W	13	2	0.1538	14.024	3.909
YJR013W	17	4	0.2353	14.026	3.909
YNL085W	35	4	0.1143	14.039	3.911
YBR003W	20	3	0.1500	14.065	3.913
YNL072W	13	3	0.2308	14.069	3.914
YIL103W	18	3	0.1667	14.085	3.915
YDR472W	12	3	0.2500	14.085	3.915
YJR111C	12	3	0.2500	14.085	3.915
YGR138C	26	3	0.1154	14.092	3.916
YDR463W	22	5	0.2273	14.103	3.917
YBL016W	15	0	0.0000	14.124	3.919
YDR451C	15	2	0.1333	14.124	3.919
YEL005C	12	2	0.1667	14.134	3.920
YDL243C	14	1	0.0714	14.141	3.920
YGR119C	23	5	0.2174	14.145	3.921
YIL085C	22	6	0.2727	14.157	3.922
YDR280W	13	2	0.1538	14.161	3.922
YNL094W	25	2	0.0800	14.172	3.923
YNL032W	12	0	0.0000	14.184	3.925
YDR145W	23	3	0.1304	14.198	3.926
YPR147C	13	2	0.1538	14.208	3.927
YMR054W	38	7	0.1842	14.216	3.928
YDR459C	16	1	0.0625	14.222	3.928
YMR070W	21	3	0.1429	14.257	3.931
YBL068W	14	1	0.0714	14.271	3.933
YOL052C	17	3	0.1765	14.274	3.933
YBL113C	34	5	0.1471	14.292	3.935
YMR130W	13	1	0.0769	14.301	3.936
YFL007W	92	14	0.1522	14.303	3.936
YGL257C	24	6	0.2500	14.311	3.937
YJL180C	14	4	0.2857	14.315	3.937
YKL191W	23	2	0.0870	14.330	3.938
YGR187C	17	4	0.2353	14.346	3.940
YGL223C	18	4	0.2222	14.354	3.941
YEL072W	10	2	0.2000	14.368	3.942
YHR150W	25	6	0.2400	14.368	3.942
YLR188W	30	6	0.2000	14.368	3.942
YBR165W	12	1	0.0833	14.388	3.944
YGR007W	14	2	0.1429	14.403	3.945
YOR231W	22	2	0.0909	14.407	3.946
YCL032W	15	3	0.2000	14.409	3.946
YKL212W	27	7	0.2593	14.423	3.947
YIL131C	21	2	0.0952	14.433	3.948
YNL026W	21	4	0.1905	14.433	3.948
YLR018C	13	2	0.1538	14.444	3.949
YPL243W	26	3	0.1154	14.444	3.949
YOR147W	27	5	0.1852	14.446	3.949
YDR168W	22	2	0.0909	14.464	3.951
YDR322W	16	6	0.3750	14.493	3.954
YJL094C	38	3	0.0789	14.493	3.954
YPL006W	51	9	0.1765	14.518	3.956
YMR171C	24	3	0.1250	14.519	3.956
YMR089C	36	5	0.1389	14.528	3.957
YOR201C	18	3	0.1667	14.528	3.957
YPL173W	13	2	0.1538	14.541	3.958
YOR090C	25	2	0.0800	14.543	3.958
YLR407W	10	0	0.0000	14.556	3.959
YPL210C	28	5	0.1786	14.561	3.960
YER107C	16	1	0.0625	14.572	3.961
YLR033W	22	6	0.2727	14.579	3.962
YGR197C	24	3	0.1250	14.599	3.963
YML105C	12	1	0.0833	14.599	3.963
YLR195C	20	3	0.1500	14.620	3.965
YOR026W	15	1	0.0667	14.620	3.965
YHL036W	24	4	0.1667	14.625	3.966
YIR004W	19	3	0.1579	14.627	3.966
YIR012W	19	4	0.2105	14.660	3.969
YPL160W	48	1	0.0208	14.665	3.970
YKL135C	32	6	0.1875	14.672	3.970
YJR078W	20	4	0.2000	14.684	3.971
YLR091W	13	2	0.1538	14.739	3.976
YCL039W	33	3	0.0909	14.745	3.977
YGL166W	10	1	0.1000	14.749	3.977
YKL106W	20	2	0.1000	14.749	3.977
YMR291W	26	5	0.1923	14.764	3.979
YOR221C	16	0	0.0000	14.774	3.979
YOR087W	30	5	0.1667	14.793	3.981
YDR305C	11	2	0.1818	14.805	3.982
YGR096W	14	0	0.0000	14.815	3.983
YMR316W	15	3	0.2000	14.837	3.985
YGR095C	10	0	0.0000	14.881	3.989
YMR041C	15	1	0.0667	14.881	3.989
YBR176W	14	4	0.2857	14.909	3.992
YML087C	14	1	0.0714	14.909	3.992
YOR267C	34	4	0.1176	14.912	3.992
YDR218C	19	5	0.2632	14.937	3.994
YOR229W	21	3	0.1429	14.957	3.996
YNL087W	53	5	0.0943	14.984	3.999
YMR026C	18	1	0.0556	15.000	4.000
YNL117W	25	2	0.0800	15.015	4.001
YPR106W	20	5	0.2500	15.015	4.001
YBR204C	17	3	0.1765	15.071	4.006
YKL020C	49	9	0.1837	15.082	4.007
YFL056C	17	4	0.2353	15.084	4.008
YOR358W	11	0	0.0000	15.089	4.008
YEL015W	25	4	0.1600	15.097	4.009
YOL019W	25	4	0.1600	15.097	4.009
YMR043W	13	1	0.0769	15.099	4.009
YLR360W	20	3	0.1500	15.152	4.014
YMR290C	23	4	0.1739	15.152	4.014
YLR088W	28	7	0.2500	15.176	4.016
YBR008C	25	3	0.1200	15.179	4.016
YIL035C	17	3	0.1765	15.192	4.017
YMR055C	14	2	0.1429	15.201	4.018
YLR253W	26	6	0.2308	15.205	4.018
YGL130W	21	3	0.1429	15.217	4.019
YPR025C	18	4	0.2222	15.228	4.020
YNL154C	25	4	0.1600	15.235	4.021
YJL012C	33	4	0.1212	15.235	4.021
YPR129W	16	2	0.1250	15.238	4.021
YPL026C	23	1	0.0435	15.242	4.022
YJL044C	21	2	0.0952	15.251	4.022
YER126C	12	1	0.0833	15.267	4.024
YLR285W	12	2	0.1667	15.267	4.024
YDR096W	41	3	0.0732	15.270	4.024
YBR197C	10	0	0.0000	15.291	4.026
YML051W	20	1	0.0500	15.291	4.026
YDR452W	31	3	0.0968	15.309	4.028
YLR224W	17	1	0.0588	15.315	4.028
YGL006W	54	11	0.2037	15.332	4.030
YJR070C	15	1	0.0667	15.337	4.030
YIR024C	10	1	0.1000	15.361	4.032
YDR365C	29	6	0.2069	15.368	4.033
YKL034W	35	2	0.0571	15.371	4.033
YDR153C	19	2	0.1053	15.372	4.033
YDL161W	21	3	0.1429	15.385	4.034
YKL114C	17	2	0.1176	15.399	4.035
YJL093C	32	8	0.2500	15.414	4.037
YDL090C	20	3	0.1500	15.432	4.038
YDR061W	25	4	0.1600	15.432	4.038
YFL026W	20	2	0.1000	15.432	4.038
YCR059C	12	1	0.0833	15.444	4.039
YOR165W	36	8	0.2222	15.444	4.039
YLR001C	40	11	0.2750	15.450	4.040
YBR024W	14	3	0.2143	15.453	4.040
YPL235W	22	2	0.0909	15.537	4.048
YLR049C	20	2	0.1000	15.540	4.048
YDR085C	29	7	0.2414	15.566	4.050
YEL047C	22	2	0.0909	15.570	4.050
YBL022C	53	8	0.1509	15.579	4.051
YIL013C	66	10	0.1515	15.581	4.051
YMR010W	19	4	0.2105	15.599	4.053
YIL044C	14	3	0.2143	15.608	4.054
YBR205W	19	1	0.0526	15.638	4.056
YJR156C	16	4	0.2500	15.640	4.057
YBL020W	27	3	0.1111	15.652	4.058
YGR017W	14	1	0.0714	15.660	4.058
YOL116W	18	3	0.1667	15.666	4.059
YKR058W	29	6	0.2069	15.667	4.059
YGR141W	22	2	0.0909	15.670	4.059
YPL002C	11	1	0.0909	15.670	4.059
YML069W	26	4	0.1538	15.672	4.059
YPL244C	16	0	0.0000	15.686	4.061
YLR069C	36	5	0.1389	15.748	4.066
YHR123W	20	2	0.1000	15.785	4.069
YNR049C	10	1	0.1000	15.798	4.070
YLR186W	12	2	0.1667	15.810	4.071
YKL213C	34	7	0.2059	15.829	4.073
YOL003C	18	3	0.1667	15.831	4.073
YMR199W	26	3	0.1154	15.844	4.074
YCR027C	10	2	0.2000	15.873	4.077
YGL097W	23	2	0.0870	15.873	4.077
YOL001W	14	2	0.1429	15.873	4.077
YOR079C	15	2	0.1333	15.924	4.081
YPR143W	12	2	0.1667	15.936	4.082
YJL057C	32	9	0.2812	15.968	4.085
YOL154W	12	1	0.0833	16.000	4.087
YPL017C	24	3	0.1250	16.000	4.087
YPL041C	10	1	0.1000	16.026	4.090
YPL112C	19	3	0.1579	16.034	4.090
YDR251W	40	9	0.2250	16.045	4.091
YPL107W	12	0	0.0000	16.064	4.093
YJL080C	59	9	0.1525	16.081	4.094
YMR034C	21	3	0.1429	16.092	4.095
YPR134W	13	3	0.2308	16.109	4.097
YLR299W	32	3	0.0938	16.137	4.099
YOR067C	28	5	0.1786	16.148	4.100
YPR093C	14	2	0.1429	16.148	4.100
YBR166C	22	5	0.2273	16.188	4.103
YGR195W	12	3	0.2500	16.194	4.104
YPR133C	20	1	0.0500	16.221	4.106
YDL213C	11	1	0.0909	16.224	4.106
YNL335W	11	1	0.0909	16.224	4.106
YBR034C	17	4	0.2353	16.237	4.107
YLR377C	17	1	0.0588	16.237	4.107
YER101C	21	2	0.0952	16.241	4.108
YMR258C	27	4	0.1481	16.245	4.108
YMR060C	16	4	0.2500	16.260	4.109
YMR114C	18	2	0.1111	16.260	4.109
YOR194C	14	0	0.0000	16.260	4.109
YGR065C	29	4	0.1379	16.274	4.111
YHR068W	19	4	0.2105	16.323	4.115
YNL053W	24	3	0.1250	16.327	4.115
YLR443W	22	5	0.2273	16.333	4.115
YGL160W	28	0	0.0000	16.346	4.116
YDL155W	21	6	0.2857	16.355	4.117
YIL083C	18	3	0.1667	16.393	4.120
YHR072W	36	5	0.1389	16.393	4.120
YKL140W	27	0	0.0000	16.393	4.120
YNL048W	27	2	0.0741	16.393	4.120
YER088C	33	3	0.0909	16.393	4.120
YFR014C	22	2	0.0909	16.406	4.121
YDL142C	14	0	0.0000	16.432	4.124
YMR170C	25	4	0.1600	16.437	4.124
YPL181W	25	7	0.2800	16.437	4.124
YPL236C	18	5	0.2778	16.438	4.124
YER080W	31	4	0.1290	16.454	4.126
YOL094C	16	3	0.1875	16.461	4.126
YGR263C	21	3	0.1429	16.471	4.127
YDR309C	19	1	0.0526	16.493	4.129
YOR228C	15	1	0.0667	16.502	4.129
YPR026W	60	12	0.2000	16.502	4.129
YDL234C	37	4	0.1081	16.510	4.130
YJR142W	17	3	0.1765	16.521	4.131
YHR012W	16	4	0.2500	16.529	4.132
YGL209W	19	1	0.0526	16.536	4.132
YML116W	27	4	0.1481	16.575	4.135
YBL093C	11	2	0.1818	16.591	4.137
YOR306C	26	5	0.1923	16.603	4.138
YGL224C	14	1	0.0714	16.607	4.138
YPR139C	15	1	0.0667	16.611	4.138
YNL290W	17	1	0.0588	16.618	4.139
YGL125W	30	4	0.1333	16.639	4.141
YGR199W	38	7	0.1842	16.667	4.143
YJL115W	14	2	0.1429	16.667	4.143
YOR056C	23	6	0.2609	16.667	4.143
YPL066W	24	5	0.2083	16.667	4.143
YJL103C	31	7	0.2258	16.694	4.145
YMR064W	26	2	0.0769	16.699	4.146
YOR003W	24	4	0.1667	16.701	4.146
YNL315C	16	5	0.3125	16.719	4.147
YER027C	21	4	0.1905	16.746	4.149
YLR290C	14	4	0.2857	16.787	4.153
YJR069C	10	3	0.3000	16.835	4.157
YIR042C	12	2	0.1667	16.878	4.160
YGR032W	96	13	0.1354	16.878	4.160
YNL229C	18	3	0.1667	16.901	4.162
YLL043W	34	4	0.1176	16.915	4.163
YKL216W	16	2	0.1250	16.931	4.164
YBL067C	38	7	0.1842	16.934	4.165
YDR113C	19	5	0.2632	16.934	4.165
YPL055C	17	0	0.0000	17.017	4.171
YAR028W	12	2	0.1667	17.021	4.172
YJL146W	24	5	0.2083	17.021	4.172
YFR034C	16	4	0.2500	17.039	4.173
YLR312W-A	13	3	0.2308	17.060	4.175
YOL036W	39	6	0.1538	17.060	4.175
YJL149W	34	5	0.1471	17.068	4.175
YLR243W	14	4	0.2857	17.094	4.177
YPR156C	32	5	0.1562	17.121	4.180
YPR158W	13	1	0.0769	17.128	4.180
YKL126W	35	7	0.2000	17.132	4.180
YMR005W	20	1	0.0500	17.138	4.181
YML121W	16	2	0.1250	17.149	4.182
YLR292C	10	1	0.1000	17.182	4.184
YJR130C	33	4	0.1212	17.188	4.185
YGR110W	23	2	0.0870	17.190	4.185
YMR125W	50	7	0.1400	17.194	4.185
YNL165W	21	4	0.1905	17.199	4.186
YHR187W	16	3	0.1875	17.204	4.186
YNL177C	16	3	0.1875	17.204	4.186
YLR046C	14	5	0.3571	17.220	4.187
YNR020C	14	4	0.2857	17.220	4.187
YDR470C	26	5	0.1923	17.230	4.188
YGL186C	30	5	0.1667	17.241	4.189
YDR524C	25	5	0.2000	17.253	4.190
YIL053W	13	1	0.0769	17.264	4.191
YGR220C	14	0	0.0000	17.284	4.193
YJL036W	22	5	0.2273	17.296	4.193
YJR155W	15	2	0.1333	17.301	4.194
YBR132C	31	6	0.1935	17.309	4.194
YLR420W	19	4	0.2105	17.352	4.198
YDL045C	16	2	0.1250	17.372	4.199
YKL183W	16	3	0.1875	17.372	4.199
YPR024W	39	2	0.0513	17.380	4.200
YBL089W	24	7	0.2917	17.391	4.201
YBR043C	36	6	0.1667	17.391	4.201
YKR069W	31	3	0.0968	17.396	4.201
YKR077W	19	3	0.1579	17.399	4.202
YDR337W	15	1	0.0667	17.422	4.203
YCR023C	32	6	0.1875	17.429	4.204
YAL037C-B	17	3	0.1765	17.436	4.204
YJL170C	11	3	0.2727	17.460	4.206
YAL062W	24	5	0.2083	17.467	4.207
YPL063W	25	2	0.0800	17.470	4.207
YKL103C	27	3	0.1111	17.476	4.208
YMR281W	16	2	0.1250	17.486	4.208
YGR048W	19	2	0.1053	17.495	4.209
YDL133W	23	4	0.1739	17.504	4.210
YLR092W	47	5	0.1064	17.524	4.211
YBR231C	16	1	0.0625	17.544	4.213
YBR293W	25	3	0.1200	17.544	4.213
YCR028C	27	4	0.1481	17.544	4.213
YDL111C	14	2	0.1429	17.544	4.213
YMR087W	15	4	0.2667	17.544	4.213
YMR300C	27	5	0.1852	17.613	4.218
YNL240C	26	3	0.1154	17.615	4.218
YDR018C	21	2	0.0952	17.632	4.220
YOR023C	30	8	0.2667	17.637	4.220
YNL077W	28	4	0.1429	17.643	4.221
YIL046W	34	6	0.1765	17.681	4.223
YBL029W	20	5	0.2500	17.683	4.224
YFL061W	12	2	0.1667	17.699	4.225
YKL193C	18	3	0.1667	17.699	4.225
YPL256C	29	4	0.1379	17.705	4.225
YIR011C	17	3	0.1765	17.708	4.226
YHR117W	34	5	0.1471	17.708	4.226
YPL089C	36	8	0.2222	17.725	4.227
YHR161C	34	6	0.1765	17.764	4.230
YOR158W	17	0	0.0000	17.764	4.230
YGR012W	21	5	0.2381	17.766	4.230
YJL037W	12	2	0.1667	17.778	4.231
YBR291C	16	2	0.1250	17.778	4.231
YGR262C	14	3	0.2143	17.812	4.234
YHR086W	28	1	0.0357	17.812	4.234
YPL247C	28	4	0.1429	17.812	4.234
YGR218W	58	10	0.1724	17.819	4.234
YGL142C	33	5	0.1515	17.828	4.235
YPR155C	33	5	0.1515	17.828	4.235
YBR257W	15	3	0.2000	17.857	4.237
YFL022C	27	0	0.0000	17.857	4.237
YPL109C	38	10	0.2632	17.874	4.238
YDR477W	34	5	0.1471	17.876	4.238
YCR075C	14	3	0.2143	17.880	4.239
YKR035W-A	11	0	0.0000	17.886	4.239
YLR016C	11	2	0.1818	17.886	4.239
YML072C	83	15	0.1807	17.896	4.240
YPR067W	10	0	0.0000	17.921	4.242
YLR380W	22	2	0.0909	17.930	4.243
YAL009W	14	1	0.0714	17.949	4.244
YLR399C	37	4	0.1081	17.952	4.244
YOL011W	37	5	0.1351	17.952	4.244
YDR330W	27	6	0.2222	17.964	4.245
YLR083C	36	9	0.2500	17.964	4.245
YDR041W	11	1	0.0909	17.974	4.246
YNL246W	16	5	0.3125	17.978	4.246
YDR348C	27	3	0.1111	18.000	4.248
YHR081W	10	2	0.2000	18.018	4.249
YOR128C	31	4	0.1290	18.065	4.253
YNR032W	20	0	0.0000	18.067	4.253
YDR306C	26	5	0.1923	18.093	4.255
YER118C	20	3	0.1500	18.116	4.257
YKR045C	10	1	0.1000	18.116	4.257
YMR119W	34	2	0.0588	18.133	4.258
YBR278W	11	2	0.1818	18.152	4.259
YOR130C	16	4	0.2500	18.203	4.263
YJR161C	21	4	0.1905	18.229	4.265
YLL051C	39	4	0.1026	18.233	4.265
YLR073C	11	3	0.2727	18.242	4.266
YMR312W	15	1	0.0667	18.248	4.267
YHR001W	24	4	0.1667	18.265	4.268
YLR351C	16	2	0.1250	18.265	4.268
YIL145C	17	1	0.0588	18.280	4.269
YDR019C	22	4	0.1818	18.288	4.270
YGR111W	22	6	0.2727	18.288	4.270
YOR271C	18	2	0.1111	18.293	4.270
YBR273C	24	5	0.2083	18.307	4.271
YOR361C	42	6	0.1429	18.325	4.272
YJR143C	42	4	0.0952	18.349	4.274
YPL049C	25	2	0.0800	18.396	4.278
YCR077C	44	7	0.1591	18.402	4.278
YGL134W	24	5	0.2083	18.433	4.280
YNR052C	24	6	0.2500	18.433	4.280
YLR324W	29	6	0.2069	18.448	4.282
YDL140C	96	20	0.2083	18.454	4.282
YLL062C	18	1	0.0556	18.462	4.283
YLL001W	42	10	0.2381	18.470	4.283
YNL323W	23	2	0.0870	18.474	4.283
YPL188W	23	1	0.0435	18.474	4.283
YOR059C	25	5	0.2000	18.477	4.284
YIL010W	12	2	0.1667	18.519	4.287
YGL247W	11	3	0.2727	18.519	4.287
YLL060C	13	3	0.2308	18.519	4.287
YOL007C	19	2	0.1053	18.519	4.287
YKL064W	54	14	0.2593	18.557	4.290
YKR003W	25	2	0.0800	18.560	4.290
YBR023C	65	10	0.1538	18.582	4.291
YER062C	14	1	0.0714	18.592	4.292
YBR261C	13	2	0.1538	18.598	4.293
YKL027W	25	3	0.1200	18.601	4.293
YER029C	11	1	0.0909	18.613	4.294
YHR195W	18	3	0.1667	18.634	4.295
YFL013W-A	15	4	0.2667	18.657	4.297
YKL206C	15	0	0.0000	18.657	4.297
YML115C	30	9	0.3000	18.657	4.297
YGL207W	58	7	0.1207	18.662	4.297
YGR054W	36	7	0.1944	18.663	4.297
YDL202W	14	0	0.0000	18.667	4.298
YGL252C	33	3	0.0909	18.676	4.298
YDR190C	26	1	0.0385	18.678	4.299
YIL118W	13	2	0.1538	18.678	4.299
YPL190C	45	7	0.1556	18.680	4.299
YKL127W	32	3	0.0938	18.681	4.299
YGL038C	27	4	0.1481	18.711	4.301
YLR079W	16	3	0.1875	18.713	4.301
YBL090W	10	1	0.1000	18.727	4.302
YGR172C	14	1	0.0714	18.742	4.303
YJL059W	23	3	0.1304	18.745	4.303
YOL022C	23	4	0.1739	18.745	4.303
YAR007C	35	8	0.2286	18.757	4.304
YOL102C	13	3	0.2308	18.759	4.304
YOR283W	13	2	0.1538	18.759	4.304
YML053C	12	3	0.2500	18.779	4.306
YIL021W	18	1	0.0556	18.809	4.308
YML038C	25	6	0.2400	18.811	4.308
YMR309C	46	5	0.1087	18.860	4.312
YDR438W	21	4	0.1905	18.868	4.312
YBR295W	69	8	0.1159	18.899	4.315
YDL170W	30	3	0.1000	18.904	4.315
YFR027W	16	4	0.2500	18.913	4.316
YGL167C	54	10	0.1852	18.927	4.317
YKL054C	42	4	0.0952	18.945	4.318
YGL190C	30	8	0.2667	18.975	4.320
YGR266W	40	5	0.1250	18.993	4.321
YLR118C	13	2	0.1538	19.006	4.322
YMR271C	13	1	0.0769	19.006	4.322
YDL048C	28	4	0.1429	19.009	4.323
YLR060W	34	4	0.1176	19.016	4.323
YHL025W	19	2	0.1053	19.019	4.323
YER142C	17	4	0.2353	19.080	4.328
YDR498C	22	4	0.1818	19.097	4.329
YPL214C	31	5	0.1613	19.100	4.329
YCR088W	34	4	0.1176	19.112	4.330
YHR192W	16	3	0.1875	19.116	4.330
YGR005C	23	2	0.0870	19.119	4.330
YNL115C	37	4	0.1081	19.121	4.331
YLR181C	19	5	0.2632	19.134	4.332
YHR152W	10	3	0.3000	19.157	4.333
YOR043W	28	3	0.1071	19.165	4.334
YKL023W	16	2	0.1250	19.185	4.335
YPR109W	17	4	0.2353	19.209	4.337
YLR387C	25	6	0.2400	19.246	4.340
YJL137C	22	4	0.1818	19.248	4.340
YJR051W	29	8	0.2759	19.256	4.340
YNL169C	29	3	0.1034	19.295	4.343
YKL176C	48	6	0.1250	19.300	4.343
YGL181W	23	3	0.1304	19.312	4.344
YCR047C	16	0	0.0000	19.324	4.345
YHR024C	28	2	0.0714	19.324	4.345
YLR097C	20	6	0.3000	19.324	4.345
YNL222W	12	1	0.0833	19.324	4.345
YOR278W	16	5	0.3125	19.324	4.345
YDR494W	21	4	0.1905	19.337	4.346
YNL045W	39	12	0.3077	19.345	4.347
YOR292C	18	4	0.2222	19.355	4.347
YKL218C	19	3	0.1579	19.368	4.348
YML013W	34	12	0.3529	19.373	4.349
YDR505C	49	9	0.1837	19.398	4.350
YOR163W	11	2	0.1818	19.400	4.351
YHL003C	24	4	0.1667	19.417	4.352
YNL121C	36	8	0.2222	19.417	4.352
YPR118W	24	1	0.0417	19.417	4.352
YGR255C	28	5	0.1786	19.444	4.354
YER110C	65	10	0.1538	19.449	4.354
YGR067C	47	4	0.0851	19.462	4.355
YLR005W	27	5	0.1852	19.481	4.356
YLR403W	40	9	0.2250	19.493	4.357
YNL099C	14	1	0.0714	19.526	4.359
YMR131C	30	10	0.3333	19.531	4.360
YHR028C	48	11	0.2292	19.536	4.360
YLR206W	36	8	0.2222	19.544	4.361
YOR254C	39	7	0.1795	19.578	4.363
YCL002C	17	4	0.2353	19.585	4.364
YEL020C	33	9	0.2727	19.608	4.365
YBR014C	12	1	0.0833	19.608	4.365
YKL214C	12	1	0.0833	19.608	4.365
YKL070W	10	0	0.0000	19.608	4.365
YLR070C	21	4	0.1905	19.608	4.365
YLR225C	24	6	0.2500	19.608	4.365
YER036C	36	4	0.1111	19.640	4.367
YJL183W	25	3	0.1200	19.701	4.372
YDR091C	36	9	0.2500	19.704	4.372
YLR432W	31	3	0.0968	19.720	4.373
YHL020C	24	2	0.0833	19.753	4.375
YDR275W	14	1	0.0714	19.774	4.377
YKL051W	21	2	0.0952	19.774	4.377
YDR175C	19	2	0.1053	19.792	4.378
YKL185W	35	2	0.0571	19.808	4.379
YOR115C	16	2	0.1250	19.827	4.380
YLR433C	33	8	0.2424	19.856	4.382
YOR367W	12	1	0.0833	19.900	4.385
YJL148W	14	3	0.2143	19.943	4.388
YIL030C	79	11	0.1392	19.949	4.389
YOR155C	27	3	0.1111	19.956	4.389
YLR074C	10	0	0.0000	19.960	4.390
YNL330C	26	4	0.1538	19.969	4.390
YLR175W	29	1	0.0345	19.972	4.390
YMR067C	25	3	0.1200	19.984	4.391
YDR222W	25	6	0.2400	20.032	4.395
YBR154C	13	2	0.1538	20.062	4.397
YCR020C	13	3	0.2308	20.062	4.397
YGL082W	23	3	0.1304	20.070	4.397
YBR006W	30	2	0.0667	20.080	4.398
YDL008W	10	1	0.1000	20.080	4.398
YMR184W	12	1	0.0833	20.101	4.399
YPL051W	12	1	0.0833	20.101	4.399
YDR169C	31	7	0.2258	20.104	4.399
YFR051C	33	2	0.0606	20.110	4.400
YDR186C	53	7	0.1321	20.121	4.401
YGL126W	23	6	0.2609	20.122	4.401
YDR127W	96	14	0.1458	20.138	4.402
YFL048C	27	4	0.1481	20.179	4.405
YDR238C	59	9	0.1525	20.192	4.405
YKR020W	10	2	0.2000	20.202	4.406
YJL172W	35	4	0.1143	20.220	4.407
YJR080C	24	3	0.1250	20.253	4.410
YDR435C	20	4	0.2000	20.263	4.410
YGL091C	20	3	0.1500	20.263	4.410
YBR037C	18	3	0.1667	20.270	4.411
YDR037W	36	4	0.1111	20.270	4.411
YER152C	27	6	0.2222	20.270	4.411
YMR296C	34	5	0.1471	20.274	4.411
YGL219C	28	3	0.1071	20.290	4.412
YER065C	34	4	0.1176	20.311	4.414
YHR020W	42	4	0.0952	20.319	4.414
YPR199C	18	4	0.2222	20.339	4.415
YDR428C	16	2	0.1250	20.356	4.417
YDR068W	19	5	0.2632	20.364	4.417
YJL081C	30	2	0.0667	20.408	4.420
YDR479C	34	7	0.2059	20.420	4.421
YER073W	32	3	0.0938	20.473	4.424
YNL232W	18	3	0.1667	20.478	4.425
YKR017C	34	12	0.3529	20.531	4.428
YDR434W	33	6	0.1818	20.561	4.430
YPR058W	19	1	0.0526	20.563	4.430
YGL003C	35	6	0.1714	20.576	4.431
YBR022W	11	0	0.0000	20.599	4.433
YJL155C	28	5	0.1786	20.603	4.433
YER170W	14	3	0.2143	20.649	4.436
YGL250W	15	2	0.1333	20.661	4.437
YIL120W	35	6	0.1714	20.686	4.439
YKL184W	29	5	0.1724	20.700	4.440
YKL041W	14	2	0.1429	20.741	4.442
YMR161W	14	2	0.1429	20.741	4.442
YHR146W	29	4	0.1379	20.744	4.443
YPL036W	59	3	0.0508	20.745	4.443
YCL005W	16	1	0.0625	20.752	4.443
YHR115C	26	5	0.1923	20.783	4.445
YER115C	12	0	0.0000	20.833	4.448
YGR247W	15	2	0.1333	20.833	4.448
YHR037W	36	6	0.1667	20.833	4.448
YMR147W	14	1	0.0714	20.833	4.448
YMR222C	14	1	0.0714	20.833	4.448
YPL215W	21	5	0.2381	20.833	4.448
YNR067C	70	9	0.1286	20.871	4.451
YGL045W	34	3	0.0882	20.872	4.451
YPL204W	31	10	0.3226	20.875	4.451
YLR163C	29	4	0.1379	20.878	4.451
YBR280C	40	4	0.1000	20.899	4.453
YGR287C	37	10	0.2703	20.904	4.453
YGL137W	60	11	0.1833	20.906	4.453
YFR037C	35	6	0.1714	20.908	4.453
YLR426W	22	6	0.2727	20.913	4.454
YBR171W	13	2	0.1538	20.934	4.455
YPR145W	36	6	0.1667	20.942	4.456
YGL100W	22	2	0.0909	20.952	4.456
YGR030C	10	1	0.1000	20.964	4.457
YPR013C	20	2	0.1000	20.964	4.457
YDR116C	18	3	0.1667	20.979	4.458
YBL047C	87	20	0.2299	20.984	4.458
YNL116W	33	5	0.1515	21.033	4.462
YJL053W	24	2	0.0833	21.053	4.463
YPR009W	17	2	0.1176	21.066	4.464
YGR275W	10	2	0.2000	21.097	4.466
YLR459W	25	3	0.1200	21.097	4.466
YER175C	19	3	0.1579	21.111	4.467
YGL114W	46	5	0.1087	21.120	4.467
YKL024C	13	1	0.0769	21.138	4.468
YNL063W	20	3	0.1500	21.164	4.470
YML032C	30	2	0.0667	21.186	4.472
YJR101W	17	3	0.1765	21.223	4.474
YNL294C	34	6	0.1765	21.223	4.474
YDL208W	10	2	0.2000	21.231	4.475
YPL200W	10	2	0.2000	21.231	4.475
YOR294W	13	2	0.1538	21.242	4.475
YDR142C	24	5	0.2083	21.277	4.477
YKL157W	69	14	0.2029	21.283	4.478
YDL237W	25	3	0.1200	21.313	4.480
YGL228W	37	2	0.0541	21.338	4.481
YJL016W	36	5	0.1389	21.352	4.482
YIL135C	28	5	0.1786	21.358	4.483
YEL040W	30	7	0.2333	21.368	4.483
YDR341C	39	10	0.2564	21.382	4.484
YPR011C	21	1	0.0476	21.407	4.486
YIL047C	58	9	0.1552	21.410	4.486
YER017C	49	9	0.1837	21.435	4.488
YDR090C	20	1	0.0500	21.436	4.488
YDL099W	22	1	0.0455	21.442	4.488
YNL176C	41	8	0.1951	21.455	4.489
YDL076C	19	1	0.0526	21.469	4.490
YDR530C	21	3	0.1429	21.472	4.490
YNL101W	46	5	0.1087	21.475	4.490
YBR185C	18	2	0.1111	21.505	4.492
YHR128W	14	3	0.2143	21.505	4.492
YHR122W	15	2	0.1333	21.552	4.495
YOL149W	15	6	0.4000	21.552	4.495
YOR061W	22	3	0.1364	21.569	4.496
YJL186W	38	10	0.2632	21.579	4.497
YJR072C	25	5	0.2000	21.589	4.498
YLR315W	10	2	0.2000	21.645	4.501
YLR009W	13	3	0.2308	21.667	4.503
YGR178C	47	8	0.1702	21.669	4.503
YDL079C	39	4	0.1026	21.691	4.504
YBR248C	36	12	0.3333	21.700	4.505
YLR237W	39	4	0.1026	21.703	4.505
YKR070W	23	4	0.1739	21.719	4.506
YKL032C	39	1	0.0256	21.739	4.507
YLR007W	22	3	0.1364	21.761	4.508
YLR019W	26	0	0.0000	21.776	4.509
YHR188C	40	9	0.2250	21.822	4.512
YJL065C	11	1	0.0909	21.825	4.513
YKL122C	11	2	0.1818	21.825	4.513
YOL068C	33	5	0.1515	21.825	4.513
YJR075W	26	5	0.1923	21.830	4.513
YCR090C	12	1	0.0833	21.858	4.515
YJL082W	48	11	0.2292	21.858	4.515
YDR329C	29	4	0.1379	21.870	4.515
YML025C	21	7	0.3333	21.875	4.516
YEL013W	38	10	0.2632	21.877	4.516
YMR155W	36	6	0.1667	21.898	4.517
YOR335C	63	11	0.1746	21.898	4.517
YDR288W	20	5	0.2500	21.930	4.519
YFL062W	25	11	0.4400	21.930	4.519
YBL036C	17	2	0.1176	21.964	4.521
YGL084C	37	6	0.1622	21.985	4.523
YJL030W	13	4	0.3077	21.997	4.523
YIL108W	46	10	0.2174	21.999	4.524
YOR212W	28	5	0.1786	22.013	4.524
YML019W	22	4	0.1818	22.022	4.525
YOR204W	40	7	0.1750	22.039	4.526
YKL201C	78	16	0.2051	22.053	4.527
YER158C	38	3	0.0789	22.067	4.528
YLR228C	54	16	0.2963	22.086	4.529
YIL154C	23	3	0.1304	22.094	4.529
YML086C	35	8	0.2286	22.138	4.532
YNL009W	28	4	0.1429	22.169	4.534
YGR001C	20	2	0.1000	22.173	4.534
YJL133W	21	5	0.2381	22.222	4.537
YJL104W	10	0	0.0000	22.222	4.537
YKR002W	38	5	0.1316	22.261	4.540
YJL123C	32	3	0.0938	22.269	4.540
YKL008C	28	5	0.1786	22.275	4.541
YDL199C	46	4	0.0870	22.287	4.541
YMR262W	21	2	0.0952	22.293	4.542
YER154W	27	6	0.2222	22.333	4.544
YCR044C	24	4	0.1667	22.346	4.545
YDL246C	24	4	0.1667	22.346	4.545
YJL091C	33	3	0.0909	22.403	4.549
YNR057C	16	3	0.1875	22.409	4.549
YDL217C	14	2	0.1429	22.436	4.551
YNL090W	13	2	0.1538	22.453	4.552
YLR126C	17	2	0.1176	22.487	4.554
YGR159C	28	7	0.2500	22.490	4.554
YBR120C	11	4	0.3636	22.495	4.554
YLR429W	44	10	0.2273	22.495	4.554
YOR357C	11	1	0.0909	22.495	4.554
YMR058W	43	8	0.1860	22.501	4.555
YKL033W-A	16	2	0.1250	22.504	4.555
YDR380W	43	5	0.1163	22.537	4.557
YNL137C	33	6	0.1818	22.587	4.560
YGL020C	16	2	0.1250	22.599	4.561
YLL029W	51	9	0.1765	22.667	4.565
YGR074W	10	1	0.1000	22.676	4.565
YOR373W	58	11	0.1897	22.692	4.566
YJL192C	16	5	0.3125	22.695	4.567
YNL002C	22	6	0.2727	22.704	4.567
YBR145W	24	4	0.1667	22.727	4.568
YDR287W	20	1	0.0500	22.753	4.570
YIL158W	14	2	0.1429	22.764	4.571
YMR121C	14	2	0.1429	22.764	4.571
YNL287W	64	12	0.1875	22.792	4.572
YER186C	21	3	0.1429	22.801	4.573
YPR110C	23	3	0.1304	22.817	4.574
YNL310C	12	3	0.2500	22.857	4.576
YOL113W	45	8	0.1778	22.866	4.577
YIL119C	28	6	0.2143	22.876	4.577
YER163C	16	3	0.1875	22.890	4.578
YDR216W	91	18	0.1978	22.910	4.580
YLR248W	42	9	0.2143	22.913	4.580
YIL016W	11	3	0.2727	22.917	4.580
YER048C	27	4	0.1481	22.959	4.583
YKL006C-A	10	1	0.1000	22.989	4.584
YER002W	16	1	0.0625	22.989	4.584
YKL149C	28	3	0.1071	22.989	4.584
YGR080W	23	5	0.2174	23.023	4.586
YMR178W	19	4	0.2105	23.030	4.587
YBL059W	15	4	0.2667	23.041	4.587
YGL035C	35	8	0.2286	23.102	4.591
YOL060C	49	8	0.1633	23.102	4.591
YHR076W	26	5	0.1923	23.111	4.592
YKL198C	46	7	0.1522	23.127	4.593
YKL019W	22	4	0.1818	23.134	4.593
YER046W	10	0	0.0000	23.148	4.594
YGR191W	42	9	0.2143	23.179	4.596
YGR055W	40	7	0.1750	23.188	4.596
YKL049C	16	1	0.0625	23.188	4.596
YGR076C	11	1	0.0909	23.207	4.597
YLR212C	33	3	0.0909	23.207	4.597
YMR092C	43	9	0.2093	23.268	4.601
YML027W	27	4	0.1481	23.316	4.604
YHR108W	41	6	0.1463	23.322	4.604
YBR264C	14	5	0.3571	23.333	4.605
YHR030C	34	5	0.1471	23.368	4.607
YGR163W	24	5	0.2083	23.392	4.608
YBR160W	21	5	0.2381	23.411	4.609
YLL056C	21	3	0.1429	23.411	4.609
YKR016W	38	2	0.0526	23.413	4.610
YML125C	22	2	0.0909	23.429	4.611
YJR144W	19	5	0.2632	23.457	4.612
YML074C	29	2	0.0690	23.463	4.613
YLR231C	32	5	0.1562	23.495	4.614
YHR135C	38	5	0.1316	23.500	4.615
YEL052W	36	4	0.1111	23.529	4.616
YFL041W	44	7	0.1591	23.542	4.617
YGR102C	13	2	0.1538	23.551	4.618
YJL134W	29	3	0.1034	23.577	4.619
YBR167C	10	2	0.2000	23.641	4.623
YLR275W	10	2	0.2000	23.641	4.623
YDL173W	21	5	0.2381	23.649	4.623
YMR169C	36	6	0.1667	23.669	4.625
YER020W	32	1	0.0312	23.704	4.627
YOL073C	23	2	0.0870	23.736	4.629
YNL012W	47	6	0.1277	23.737	4.629
YBR290W	23	5	0.2174	23.810	4.633
YDR172W	49	6	0.1224	23.810	4.633
YJR116W	20	3	0.1500	23.810	4.633
YMR134W	17	5	0.2941	23.810	4.633
YDL145C	86	20	0.2326	23.849	4.635
YNR055C	42	6	0.1429	23.850	4.635
YJR061W	67	15	0.2239	23.860	4.636
YAL021C	60	10	0.1667	23.866	4.636
YMR024W	28	5	0.1786	23.870	4.636
YNL215W	23	7	0.3043	23.884	4.637
YHL040C	45	6	0.1333	23.885	4.637
YIR001C	18	2	0.1111	23.904	4.638
YKL009W	17	3	0.1765	23.910	4.639
YEL036C	36	6	0.1667	23.952	4.641
YHR133C	21	3	0.1429	23.973	4.642
YJL163C	40	8	0.2000	23.981	4.643
YNL327W	75	8	0.1067	23.992	4.643
YDR201W	12	1	0.0833	24.096	4.649
YOR196C	30	8	0.2667	24.096	4.649
YOR213C	18	3	0.1667	24.096	4.649
YCR030C	63	14	0.2222	24.110	4.650
YPR078C	27	4	0.1481	24.129	4.651
YGR094W	80	12	0.1500	24.133	4.651
YDL051W	20	5	0.2500	24.155	4.653
YDR167W	15	1	0.0667	24.155	4.653
YIL107C	60	10	0.1667	24.155	4.653
YGR230W	10	2	0.2000	24.155	4.653
YAL027W	19	4	0.2105	24.173	4.654
YOR297C	14	2	0.1429	24.180	4.654
YPL222W	50	12	0.2400	24.190	4.655
YGR147C	21	4	0.1905	24.221	4.657
YIL106W	25	2	0.0800	24.272	4.659
YIL089W	15	2	0.1333	24.272	4.659
YDL144C	26	3	0.1154	24.276	4.660
YPR184W	112	18	0.1607	24.290	4.660
YJR107W	24	2	0.0833	24.316	4.662
YGL184C	34	8	0.2353	24.320	4.662
YGL248W	27	4	0.1481	24.324	4.662
YPL018W	27	4	0.1481	24.324	4.662
YGR193C	30	5	0.1667	24.331	4.663
YPL221W	58	7	0.1207	24.349	4.664
YDR182W	36	5	0.1389	24.390	4.666
YOL049W	36	7	0.1944	24.390	4.666
YOR320C	36	7	0.1944	24.390	4.666
YEL031W	89	18	0.2022	24.397	4.667
YPL050C	29	4	0.1379	24.411	4.667
YGL154C	20	3	0.1500	24.420	4.668
YLR197W	37	8	0.2162	24.422	4.668
YNL192W	83	16	0.1928	24.441	4.669
YJR125C	30	3	0.1000	24.450	4.670
YML124C	40	5	0.1250	24.450	4.670
YLR099C	29	0	0.0000	24.473	4.671
YHR097C	30	4	0.1333	24.490	4.672
YGR257C	27	5	0.1852	24.523	4.674
YJL101C	50	11	0.2200	24.546	4.675
YER156C	25	4	0.1600	24.582	4.677
YPR088C	40	6	0.1500	24.600	4.678
YER007C-A	16	4	0.2500	24.653	4.681
YGR057C	18	3	0.1667	24.691	4.683
YPR073C	12	2	0.1667	24.691	4.683
YMR255W	14	1	0.0714	24.691	4.683
YPL091W	36	5	0.1389	24.793	4.689
YFR025C	25	6	0.2400	24.802	4.689
YHR121W	14	1	0.0714	24.823	4.691
YPR005C	22	3	0.1364	24.859	4.693
YML031W	49	10	0.2041	24.898	4.695
snR86	25	5	0.2000	24.900	4.695
YNL133C	13	2	0.1538	24.904	4.695
YNL321W	68	11	0.1618	24.936	4.697
YOR342C	24	5	0.2083	25.000	4.700
YGR124W	43	7	0.1628	25.015	4.701
YNR041C	28	6	0.2143	25.022	4.702
YPL252C	13	1	0.0769	25.048	4.703
YIL090W	37	1	0.0270	25.068	4.704
YIL140W	62	12	0.1935	25.081	4.705
YOR289W	19	2	0.1053	25.132	4.708
YIL146C	40	6	0.1500	25.157	4.709
YLR142W	36	6	0.1667	25.157	4.709
YOL140W	32	7	0.2188	25.157	4.709
YNL004W	43	8	0.1860	25.190	4.711
YGL053W	18	1	0.0556	25.210	4.712
YBR203W	70	13	0.1857	25.225	4.713
YBR056W	38	6	0.1579	25.232	4.713
YCR076C	19	1	0.0526	25.232	4.713
YGR014W	99	19	0.1919	25.249	4.714
YGR061C	103	12	0.1165	25.264	4.715
YBL091C	32	6	0.1875	25.276	4.716
YMR031C	64	6	0.0938	25.276	4.716
YGR130C	62	9	0.1452	25.296	4.717
YLR330W	51	12	0.2353	25.298	4.717
YOR044W	12	2	0.1667	25.316	4.718
YPR114W	24	3	0.1250	25.316	4.718
YJL078C	67	5	0.0746	25.321	4.718
YMR235C	31	4	0.1290	25.327	4.718
YGR239C	22	2	0.0909	25.375	4.721
YPR124W	31	6	0.1935	25.389	4.722
YFR006W	41	8	0.1951	25.498	4.728
YBL057C	16	3	0.1875	25.518	4.729
YPL162C	21	5	0.2381	25.547	4.731
YOR209C	33	5	0.1515	25.581	4.732
YER090W	39	5	0.1282	25.591	4.733
YEL017W	26	2	0.0769	25.641	4.736
YDL095W	63	9	0.1429	25.672	4.737
YCL011C	33	5	0.1515	25.701	4.739
YKL091C	24	4	0.1667	25.723	4.740
YDR302W	17	4	0.2353	25.758	4.742
YPL171C	31	5	0.1613	25.769	4.742
YLR244C	30	7	0.2333	25.773	4.743
YER089C	36	1	0.0278	25.806	4.745
YMR220W	35	5	0.1429	25.811	4.745
YLR301W	19	3	0.1579	25.850	4.747
YMR266W	74	9	0.1216	25.856	4.747
YNR034W	25	2	0.0800	25.880	4.748
YJR109C	87	7	0.0805	25.916	4.750
YBR110W	35	4	0.1143	25.926	4.751
YNL245C	14	2	0.1429	25.926	4.751
YIL077C	25	6	0.2400	25.961	4.753
YKR080W	25	3	0.1200	25.961	4.753
YDR381C-A	14	2	0.1429	25.974	4.753
YFR001W	16	3	0.1875	26.016	4.756
YHR016C	41	9	0.2195	26.032	4.757
YML091C	94	14	0.1489	26.046	4.757
YJL089W	65	9	0.1385	26.104	4.760
YGR052W	29	4	0.1379	26.126	4.762
YHR107C	32	8	0.2500	26.144	4.763
YOL097C	34	6	0.1765	26.174	4.764
YKR100C	28	6	0.2143	26.217	4.766
YEL050C	31	5	0.1613	26.227	4.767
YML018C	31	7	0.2258	26.227	4.767
YOR176W	31	1	0.0323	26.227	4.767
YER070W	70	10	0.1429	26.247	4.768
YOR245C	33	7	0.2121	26.253	4.768
YDR346C	38	6	0.1579	26.279	4.770
YLR025W	19	2	0.1053	26.279	4.770
YNL006W	24	3	0.1250	26.316	4.772
YMR221C	40	5	0.1250	26.403	4.776
YDL245C	45	5	0.1111	26.408	4.777
YDR296W	18	1	0.0556	26.432	4.778
YML016C	55	13	0.2364	26.455	4.779
YBR047W	14	4	0.2857	26.515	4.782
YDR469W	14	2	0.1429	26.515	4.782
YNL138W	42	9	0.2143	26.565	4.785
YFR010W	40	8	0.2000	26.667	4.790
YKL120W	26	3	0.1154	26.667	4.790
YGR211W	39	4	0.1026	26.694	4.792
YDR126W	27	5	0.1852	26.706	4.792
YFL010C	17	3	0.1765	26.730	4.793
YHL031C	18	5	0.2778	26.786	4.796
YBR218C	95	23	0.2421	26.813	4.798
YLR314C	42	8	0.1905	26.871	4.801
YOR148C	15	3	0.2000	26.882	4.801
YBR147W	24	4	0.1667	26.936	4.804
YBL033C	28	4	0.1429	26.975	4.806
YKR087C	28	4	0.1429	26.975	4.806
YNL046W	14	1	0.0714	26.975	4.806
YDL178W	43	5	0.1163	26.993	4.807
YHL004W	32	4	0.1250	27.004	4.808
YPL118W	28	5	0.1786	27.053	4.810
YHR205W	67	13	0.1940	27.071	4.811
YFL017C	13	3	0.2308	27.083	4.812
YGL070C	10	3	0.3000	27.100	4.813
YCL044C	34	6	0.1765	27.113	4.813
YPL149W	24	1	0.0417	27.119	4.813
YDL070W	52	5	0.0962	27.126	4.814
YLR059C	22	5	0.2273	27.160	4.816
YGR133W	15	2	0.1333	27.174	4.816
YDL195W	104	20	0.1923	27.211	4.818
YMR196W	89	12	0.1348	27.242	4.820
YJR076C	34	3	0.0882	27.244	4.820
YOR064C	18	4	0.2222	27.273	4.821
YOR138C	55	11	0.2000	27.282	4.822
YDR237W	24	4	0.1667	27.304	4.823
YJR021C	28	4	0.1429	27.317	4.824
YBR253W	10	0	0.0000	27.322	4.824
YPL129W	23	4	0.1739	27.381	4.827
YHR039C	53	8	0.1509	27.390	4.827
YJR015W	42	11	0.2619	27.397	4.828
RME2	61	8	0.1311	27.440	4.830
YDR264C	63	10	0.1587	27.451	4.830
YCL012C	13	3	0.2308	27.542	4.835
YEL049W	10	2	0.2000	27.548	4.835
YDL168W	32	5	0.1562	27.562	4.836
YCL056C	12	2	0.1667	27.586	4.837
YML036W	18	4	0.2222	27.607	4.838
YLR241W	65	7	0.1077	27.671	4.842
YGL221C	24	5	0.2083	27.682	4.842
YIL109C	77	10	0.1299	27.688	4.842
YDL224C	54	8	0.1481	27.692	4.843
YOR178C	66	12	0.1818	27.708	4.843
YOR323C	38	5	0.1316	27.717	4.844
YLR450W	87	8	0.0920	27.725	4.844
YDL235C	14	4	0.2857	27.778	4.847
YGL072C	10	4	0.4000	27.778	4.847
YMR267W	26	4	0.1538	27.867	4.851
YBR242W	20	3	0.1500	27.894	4.853
YOR126C	20	1	0.0500	27.894	4.853
YNL016W	38	5	0.1316	27.900	4.853
YIL153W	33	5	0.1515	27.919	4.854
YDR321W	32	8	0.2500	27.923	4.854
YKL107W	26	4	0.1538	27.957	4.856
YDL018C	19	4	0.2105	28.024	4.859
YCL045C	64	14	0.2188	28.033	4.860
YNR028W	26	4	0.1538	28.047	4.860
YJL216C	49	5	0.1020	28.064	4.861
YDR339C	16	6	0.3750	28.070	4.861
YNL320W	24	5	0.2083	28.070	4.861
YJR099W	20	2	0.1000	28.129	4.864
YHR112C	32	3	0.0938	28.144	4.865
YER119C	38	5	0.1316	28.211	4.868
YJR146W	10	3	0.3000	28.249	4.870
YGR277C	26	4	0.1538	28.322	4.874
YER122C	42	8	0.1905	28.340	4.875
YOL027C	49	6	0.1224	28.455	4.880
YDR223W	40	6	0.1500	28.490	4.882
YEL021W	23	4	0.1739	28.607	4.888
YHR041C	21	4	0.1905	28.610	4.888
YBL038W	20	3	0.1500	28.612	4.888
YNL056W	17	3	0.1765	28.620	4.888
YER034W	16	4	0.2500	28.674	4.891
YER066W	16	2	0.1250	28.674	4.891
YOL059W	38	6	0.1579	28.723	4.893
YOL105C	48	10	0.2083	28.725	4.894
YDR245W	34	6	0.1765	28.765	4.896
YPR027C	24	3	0.1250	28.777	4.896
YKL167C	12	1	0.0833	28.986	4.906
YMR104C	59	9	0.1525	29.007	4.907
YOL142W	21	4	0.1905	29.046	4.909
YOL146W	17	2	0.1176	29.060	4.910
YNL155W	24	2	0.0833	29.091	4.911
YOL062C	43	8	0.1860	29.133	4.913
YER054C	48	13	0.2708	29.144	4.914
YLR439W	28	2	0.0714	29.167	4.915
YKR030W	24	2	0.0833	29.197	4.916
YPL196W	24	5	0.2083	29.197	4.916
YML057W	53	10	0.1887	29.201	4.917
YBL076C	94	19	0.2021	29.202	4.917
YGL156W	95	19	0.2000	29.213	4.917
YGR207C	23	5	0.2174	29.262	4.919
YMR225C	13	3	0.2308	29.279	4.920
YNL147W	13	2	0.1538	29.279	4.920
YPL184C	54	6	0.1111	29.364	4.924
YLR201C	23	5	0.2174	29.374	4.925
YGR024C	21	4	0.1905	29.412	4.927
YNL288W	33	5	0.1515	29.412	4.927
YKL069W	16	3	0.1875	29.466	4.929
YCR071C	13	2	0.1538	29.478	4.930
YML067C	34	8	0.2353	29.514	4.931
YER143W	38	11	0.2895	29.526	4.932
YIL039W	42	8	0.1905	29.536	4.932
YCL052C	37	9	0.2432	29.576	4.934
YLR008C	15	4	0.2667	29.586	4.935
YBL032W	34	4	0.1176	29.668	4.939
YGL056C	47	7	0.1489	29.672	4.939
YPL071C	14	3	0.2143	29.724	4.941
YNL289W	25	2	0.0800	29.762	4.943
YMR217W	47	7	0.1489	29.785	4.944
YLR408C	11	3	0.2727	29.810	4.945
YMR123W	11	1	0.0909	29.810	4.945
YPL239W	18	5	0.2778	29.851	4.947
YOL119C	45	7	0.1556	29.880	4.949
YNL268W	55	8	0.1455	29.956	4.952
YDR005C	38	5	0.1316	29.968	4.953
YDL200C	17	0	0.0000	29.982	4.953
YIR035C	23	2	0.0870	30.065	4.957
YPR051W	16	1	0.0625	30.132	4.960
YNL074C	41	10	0.2439	30.169	4.962
YDL010W	21	4	0.1905	30.172	4.962
YDR196C	22	4	0.1818	30.303	4.968
YDR272W	25	5	0.2000	30.303	4.968
YBL098W	42	6	0.1429	30.369	4.971
YPL031C	31	4	0.1290	30.392	4.972
YDR486C	21	3	0.1429	30.435	4.974
YOL082W	38	8	0.2105	30.449	4.975
YDL223C	96	16	0.1667	30.564	4.980
YDR481C	52	7	0.1346	30.570	4.980
YNR050C	41	4	0.0976	30.574	4.981
YKL109W	51	7	0.1373	30.631	4.983
YLR023C	50	7	0.1400	30.637	4.984
YOR175C	57	7	0.1228	30.645	4.984
YGL002W	20	4	0.2000	30.722	4.987
YBL095W	25	4	0.1600	30.750	4.989
YEL006W	31	6	0.1935	30.754	4.989
YHL021C	43	6	0.1395	30.758	4.989
YGR023W	51	8	0.1569	30.797	4.991
YGL058W	16	3	0.1875	30.829	4.992
YDR062W	52	9	0.1731	30.842	4.993
YER058W	10	0	0.0000	30.864	4.994
YNL080C	34	4	0.1176	30.881	4.995
YAR010C	41	8	0.1951	30.990	5.000
YKR038C	36	5	0.1389	31.008	5.000
YNL159C	27	5	0.1852	31.034	5.002
YDL121C	14	0	0.0000	31.111	5.005
YOR198C	44	4	0.0909	31.139	5.006
YOR021C	20	2	0.1000	31.153	5.007
YDL226C	33	8	0.2424	31.161	5.007
YER081W	44	8	0.1818	31.206	5.009
YOR246C	31	6	0.1935	31.219	5.010
YDR036C	47	14	0.2979	31.271	5.012
YMR304C-A	11	3	0.2727	31.339	5.015
YLL049W	17	1	0.0588	31.481	5.022
YDR277C	41	7	0.1707	31.490	5.022
YGR285C	41	5	0.1220	31.490	5.022
YGL245W	67	13	0.1940	31.500	5.022
YPR023C	38	5	0.1316	31.509	5.023
YDR319C	26	6	0.2308	31.515	5.023
YLR130C	40	6	0.1500	31.521	5.023
YDR054C	28	7	0.2500	31.532	5.024
YIL142W	50	4	0.0800	31.566	5.025
YIL024C	18	0	0.0000	31.579	5.026
YLR258W	67	12	0.1791	31.634	5.028
YMR236W	15	2	0.1333	31.646	5.029
YDL171C	204	33	0.1618	31.687	5.031
YPR033C	52	8	0.1538	31.688	5.031
YDL012C	13	3	0.2308	31.707	5.032
YDL092W	14	2	0.1429	31.746	5.033
YLR168C	22	3	0.1364	31.746	5.033
YOL122C	55	16	0.2909	31.829	5.037
YNL134C	36	6	0.1667	31.830	5.037
YMR042W	17	2	0.1176	31.835	5.037
YER100W	24	3	0.1250	31.873	5.039
YCL034W	34	5	0.1471	31.925	5.041
YER124C	55	15	0.2727	31.940	5.042
YPL276W	14	3	0.2143	31.963	5.043
YLR379W	12	4	0.3333	32.000	5.044
YOR370C	58	13	0.2241	32.009	5.045
YJL045W	61	8	0.1311	32.021	5.045
YKR074W	15	3	0.2000	32.051	5.047
YJL063C	23	4	0.1739	32.078	5.048
YBR125C	38	7	0.1842	32.149	5.051
YEL039C	11	1	0.0909	32.164	5.052
YKL061W	11	3	0.2727	32.164	5.052
YDR163W	17	5	0.2941	32.197	5.053
YLR270W	34	5	0.1471	32.289	5.057
YHR043C	24	2	0.0833	32.389	5.061
YIL117C	31	7	0.2258	32.393	5.061
YGL101W	21	3	0.1429	32.407	5.062
YEL051W	25	4	0.1600	32.425	5.063
YHL027W	61	10	0.1639	32.481	5.065
YPR065W	36	5	0.1389	32.520	5.067
YDR408C	21	1	0.0476	32.558	5.069
YPR108W	42	5	0.1190	32.558	5.069
YLL055W	52	9	0.1731	32.581	5.070
YOR040W	28	5	0.1786	32.634	5.072
YBR243C	44	5	0.1136	32.665	5.073
YLR147C	10	4	0.4000	32.680	5.074
YMR079W	35	4	0.1143	32.680	5.074
YPR173C	43	7	0.1628	32.725	5.076
YPL113C	39	6	0.1538	32.746	5.077
YPL099C	18	2	0.1111	32.787	5.078
YGR286C	37	2	0.0541	32.801	5.079
YPR148C	43	9	0.2093	32.875	5.082
YPL198W	51	14	0.2745	32.882	5.082
YJL096W	16	3	0.1875	32.922	5.084
YLL028W	58	5	0.0862	32.936	5.085
YDR140W	22	1	0.0455	33.033	5.089
YKR043C	27	2	0.0741	33.088	5.091
YHR074W	71	12	0.1690	33.100	5.092
YLL012W	57	10	0.1754	33.101	5.092
YOR344C	29	4	0.1379	33.105	5.092
YGL215W	45	4	0.0889	33.113	5.092
YMR150C	19	3	0.1579	33.159	5.094
YGR019W	47	4	0.0851	33.192	5.096
YPL260W	55	11	0.2000	33.213	5.096
YGR044C	30	8	0.2667	33.223	5.097
YDR001C	75	10	0.1333	33.245	5.098
YDR212W	56	11	0.1964	33.333	5.102
YEL012W	26	6	0.2308	33.333	5.102
YHR050W	55	12	0.2182	33.333	5.102
YNR022C	14	4	0.2857	33.333	5.102
YER025W	53	11	0.2075	33.460	5.107
YDR531W	37	5	0.1351	33.514	5.109
YPR062W	16	1	0.0625	33.543	5.110
YMR096W	30	4	0.1333	33.557	5.111
YIL078W	74	10	0.1351	33.560	5.111
YER084W	13	3	0.2308	33.592	5.112
YML070W	59	8	0.1356	33.618	5.113
YLR361C-A	10	2	0.2000	33.670	5.116
YER112W	19	4	0.2105	33.688	5.116
YBL059C-A	14	1	0.0714	33.735	5.118
YDR162C	24	2	0.0833	33.755	5.119
YPL003W	47	10	0.2128	33.837	5.123
YCR043C	13	3	0.2308	33.854	5.123
YOR197W	44	7	0.1591	33.872	5.124
YOR042W	42	6	0.1429	33.981	5.128
YEL007W	68	16	0.2353	33.983	5.129
YLR345W	52	8	0.1538	33.987	5.129
YPR138C	50	5	0.1000	34.014	5.130
YOR270C	86	11	0.1279	34.086	5.133
YER071C	13	2	0.1538	34.121	5.134
YDL066W	44	9	0.2045	34.188	5.137
YIL065C	16	4	0.2500	34.188	5.137
YOL061W	51	9	0.1765	34.205	5.138
YDL064W	20	5	0.2500	34.247	5.139
YPL281C	45	11	0.2444	34.247	5.139
YOR265W	11	2	0.1818	34.268	5.140
YLR172C	31	2	0.0645	34.330	5.143
YBR207W	48	3	0.0625	34.335	5.143
YMR088C	58	8	0.1379	34.340	5.143
YGR205W	30	5	0.1667	34.364	5.144
YKR071C	36	7	0.1944	34.384	5.145
YNL283C	52	9	0.1731	34.392	5.145
YLR113W	45	7	0.1556	34.404	5.146
YGR136W	25	5	0.2000	34.435	5.147
YBR086C	98	15	0.1531	34.495	5.150
YDR388W	50	6	0.1200	34.507	5.150
YJL008C	59	5	0.0847	34.564	5.152
YIL011W	28	5	0.1786	34.568	5.153
YPL199C	25	3	0.1200	34.578	5.153
YER183C	22	6	0.2727	34.591	5.153
YIL042C	41	5	0.1220	34.599	5.154
YDR349C	62	11	0.1774	34.618	5.155
YDR247W	48	9	0.1875	34.632	5.155
YKL146W	72	13	0.1806	34.632	5.155
YCL038C	55	11	0.2000	34.657	5.156
YLR152C	60	11	0.1833	34.662	5.156
YDL165W	20	3	0.1500	34.722	5.159
YIL022W	45	10	0.2222	34.722	5.159
YER093C-A	17	1	0.0588	34.765	5.160
YPR176C	34	4	0.1176	34.765	5.160
YDR129C	71	19	0.2676	34.804	5.162
YDR511W	14	4	0.2857	34.826	5.163
YPR172W	21	5	0.2381	34.826	5.163
YJR064W	59	10	0.1695	34.932	5.167
YIL070C	28	9	0.3214	34.956	5.168
YGL196W	45	7	0.1556	34.965	5.169
YNL113W	15	2	0.1333	34.965	5.169
YOR251C	32	6	0.1875	34.973	5.169
YBL006C	19	6	0.3158	34.991	5.170
YBR070C	25	8	0.3200	35.014	5.170
YDR016C	10	1	0.1000	35.088	5.173
YJR010C-A	10	1	0.1000	35.088	5.173
YLR254C	20	5	0.2500	35.088	5.173
YNL284C	34	9	0.2647	35.088	5.173
YOL108C	16	4	0.2500	35.088	5.173
YPL156C	30	2	0.0667	35.088	5.173
YPR159W	76	12	0.1579	35.136	5.175
YDL236W	33	5	0.1515	35.144	5.176
YAL014C	27	4	0.1481	35.156	5.176
YNR019W	68	10	0.1471	35.251	5.180
YHR199C	33	6	0.1818	35.370	5.185
YNR021W	43	4	0.0930	35.391	5.186
YDR308C	15	2	0.1333	35.461	5.188
YLR017W	36	4	0.1111	35.503	5.190
YJL014W	57	7	0.1228	35.514	5.190
YAL023C	81	12	0.1481	35.526	5.191
YBL107C	21	4	0.1905	35.533	5.191
YPR037C	21	2	0.0952	35.533	5.191
YBL056W	50	6	0.1200	35.537	5.191
YNR018W	24	2	0.0833	35.556	5.192
YJR137C	154	38	0.2468	35.574	5.193
YOR316C	47	5	0.1064	35.606	5.194
YHR009C	56	9	0.1607	35.623	5.195
YDR538W	26	6	0.2308	35.665	5.196
YJL111W	59	13	0.2203	35.693	5.197
YKL137W	12	5	0.4167	35.714	5.198
YOR036W	31	5	0.1613	35.755	5.200
YPL053C	48	12	0.2500	35.794	5.201
YGR250C	84	16	0.1905	35.806	5.202
YBR146W	30	1	0.0333	35.842	5.203
YBR199W	50	8	0.1600	35.842	5.203
YNL168C	28	4	0.1429	35.897	5.205
YNL153C	14	3	0.2143	35.897	5.205
YKL007W	29	3	0.1034	35.936	5.207
YGR031W	37	6	0.1622	35.957	5.208
YPR101W	19	2	0.1053	35.985	5.209
YPL123C	47	7	0.1489	36.015	5.210
YLR342W	203	36	0.1773	36.050	5.211
YOR015W	13	2	0.1538	36.111	5.214
YCR079W	48	9	0.1875	36.117	5.214
YNL098C	35	5	0.1429	36.120	5.214
YDL135C	22	4	0.1818	36.125	5.214
YPR041W	44	7	0.1591	36.125	5.214
YML079W	22	4	0.1818	36.304	5.221
YKL040C	28	3	0.1071	36.316	5.222
YOR220W	29	3	0.1034	36.341	5.223
YOR145C	30	4	0.1333	36.364	5.224
YPL094C	30	5	0.1667	36.364	5.224
YHR181W	25	7	0.2800	36.390	5.225
YAL046C	13	2	0.1538	36.415	5.226
YDL157C	13	2	0.1538	36.415	5.226
YGR050C	13	3	0.2308	36.415	5.226
YJL003W	13	2	0.1538	36.415	5.226
YDR253C	21	3	0.1429	36.458	5.227
YKR039W	66	10	0.1515	36.484	5.228
YLR328W	44	8	0.1818	36.484	5.228
YDR236C	24	5	0.2083	36.530	5.230
YPR188C	18	4	0.2222	36.585	5.232
YJL124C	19	5	0.2632	36.609	5.233
YNL336W	42	11	0.2619	36.649	5.235
YHR113W	54	15	0.2778	36.660	5.235
YEL063C	65	6	0.0923	36.661	5.235
YIL008W	11	1	0.0909	36.667	5.235
YJL199C	12	4	0.3333	36.697	5.236
YDR023W	51	11	0.2157	36.717	5.237
YGR029W	24	8	0.3333	36.753	5.239
YNR046W	15	1	0.0667	36.765	5.239
YLR284C	31	6	0.1935	36.773	5.239
YOL159C	19	5	0.2632	36.822	5.241
YER056C	59	13	0.2203	36.829	5.241
YJL161W	20	0	0.0000	36.832	5.242
YGR268C	22	5	0.2273	36.851	5.242
YCR036W	37	4	0.1081	36.926	5.245
YKL084W	13	3	0.2308	37.037	5.249
YGL022W	80	16	0.2000	37.089	5.251
YNL180C	37	7	0.1892	37.149	5.254
YGR121C	55	10	0.1818	37.187	5.255
YBR088C	29	7	0.2414	37.323	5.260
YLR311C	13	1	0.0769	37.356	5.261
YGL210W	25	2	0.0800	37.369	5.262
YBR287W	48	6	0.1250	37.383	5.262
YHL011C	36	7	0.1944	37.383	5.262
YCL057W	80	14	0.1750	37.401	5.263
YHR179W	45	8	0.1778	37.406	5.263
YJR103W	65	10	0.1538	37.421	5.264
YNL003C	32	3	0.0938	37.427	5.264
YGR101W	39	6	0.1538	37.464	5.265
YBL043W	29	4	0.1379	37.468	5.266
YAL061W	47	6	0.1277	37.480	5.266
YIL004C	21	7	0.3333	37.500	5.267
YNR007C	35	8	0.2286	37.513	5.267
YHR006W	61	8	0.1311	37.515	5.267
YMR208W	50	6	0.1200	37.538	5.268
YER133W	55	13	0.2364	37.568	5.269
YDR372C	39	7	0.1795	37.572	5.269
YJR118C	23	5	0.2174	37.582	5.270
IRT1	56	9	0.1607	37.609	5.271
YER099C	36	1	0.0278	37.618	5.271
YGR204W	107	14	0.1308	37.663	5.273
YJL002C	54	7	0.1296	37.736	5.276
YDL143W	60	9	0.1500	37.807	5.278
YPL147W	99	21	0.2121	37.887	5.281
YGR185C	45	7	0.1556	37.975	5.284
YDL027C	48	9	0.1875	38.005	5.286
YBR263W	56	14	0.2500	38.018	5.286
YPL159C	29	5	0.1724	38.058	5.288
YBR158W	63	9	0.1429	38.182	5.292
YBL050W	38	4	0.1053	38.191	5.292
YPL013C	14	0	0.0000	38.251	5.295
YKL066W	17	5	0.2941	38.288	5.296
YMR183C	34	11	0.3235	38.288	5.296
YKR001C	81	14	0.1728	38.298	5.296
YIL074C	54	8	0.1481	38.298	5.296
YDR347W	37	4	0.1081	38.302	5.297
YDR313C	33	5	0.1515	38.328	5.297
YDR084C	23	4	0.1739	38.333	5.298
YCL049C	36	7	0.1944	38.339	5.298
YER050C	16	2	0.1250	38.369	5.299
YBR297W	54	6	0.1111	38.380	5.299
YDR373W	22	5	0.2273	38.394	5.300
YFL016C	59	14	0.2373	38.411	5.301
YBR121C	77	18	0.2338	38.423	5.301
YLR065C	21	5	0.2381	38.462	5.302
YDR098C	29	7	0.2414	38.513	5.304
YNL005C	43	7	0.1628	38.530	5.305
YMR139W	43	5	0.1163	38.634	5.309
YDR105C	55	13	0.2364	38.678	5.310
YMR215W	61	13	0.2131	38.730	5.312
YMR135C	53	11	0.2075	38.743	5.313
YKL195W	47	7	0.1489	38.779	5.314
YOL002C	37	6	0.1622	38.784	5.314
YDL188C	44	6	0.1364	38.801	5.315
YPR163C	51	10	0.1961	38.902	5.318
YGL255W	44	7	0.1591	38.904	5.318
YHR064C	63	13	0.2063	38.961	5.321
YDR260C	20	4	0.2000	38.986	5.321
YKL077W	46	10	0.2174	39.016	5.323
YKR048C	49	11	0.2245	39.075	5.325
YOR257W	19	4	0.2105	39.095	5.325
YOR276W	19	2	0.1053	39.095	5.325
YOL064C	42	7	0.1667	39.106	5.326
YCR017C	112	22	0.1964	39.133	5.327
YGL115W	38	10	0.2632	39.216	5.330
YIL076W	35	6	0.1714	39.282	5.332
YJL205C	12	1	0.0833	39.344	5.334
YML122C	15	4	0.2667	39.370	5.335
YBR091C	13	6	0.4615	39.394	5.336
YEL038W	27	3	0.1111	39.474	5.339
YCL017C	59	10	0.1695	39.491	5.340
YER079W	25	6	0.2400	39.494	5.340
YJR074W	26	5	0.1923	39.574	5.342
YJR112W-A	15	3	0.2000	39.578	5.343
YKR007W	22	7	0.3182	39.640	5.345
YDL049C	32	5	0.1562	39.653	5.345
YER092W	15	2	0.1333	39.683	5.346
YLR121C	61	15	0.2459	39.948	5.356
YHR042W	83	13	0.1566	39.981	5.357
YKL046C	54	8	0.1481	40.000	5.358
YFR024C-A	59	12	0.2034	40.027	5.359
YCR009C	32	6	0.1875	40.100	5.361
YLR100W	42	8	0.1905	40.230	5.366
YPL148C	21	5	0.2381	40.230	5.366
YPR166C	14	4	0.2857	40.230	5.366
YHR147C	26	7	0.2692	40.310	5.368
YMR027W	57	5	0.0877	40.340	5.369
YBR096W	28	7	0.2500	40.404	5.372
YKL002W	31	6	0.1935	40.417	5.372
YKL151C	41	7	0.1707	40.434	5.373
YDR456W	77	17	0.2208	40.484	5.374
YDR533C	29	3	0.1034	40.616	5.379
YOL048C	45	10	0.2222	40.650	5.380
YHR059W	16	3	0.1875	40.712	5.382
YBR137W	22	2	0.0909	40.741	5.383
YER182W	30	7	0.2333	40.816	5.386
YJR001W	74	13	0.1757	40.907	5.389
YHL043W	21	5	0.2381	40.936	5.390
YMR250W	72	18	0.2500	40.956	5.391
YPL015C	44	3	0.0682	40.968	5.391
YEL041W	61	12	0.1967	40.995	5.392
YDR072C	65	11	0.1692	41.035	5.394
YCR097W	20	7	0.3500	41.068	5.395
YNL277W	60	9	0.1500	41.068	5.395
YOR089C	26	2	0.0769	41.074	5.395
YDL160C-A	10	3	0.3000	41.152	5.398
YLR203C	54	10	0.1852	41.190	5.399
YDR248C	24	4	0.1667	41.237	5.400
YKL202W	24	4	0.1667	41.237	5.400
YHR027C	123	20	0.1626	41.247	5.401
YLR390W	14	5	0.3571	41.298	5.403
YIL088C	61	7	0.1148	41.412	5.406
YLR199C	38	7	0.1842	41.439	5.407
YGR046W	48	6	0.1250	41.451	5.408
YML007W	81	16	0.1975	41.475	5.409
YER148W	30	8	0.2667	41.494	5.409
YOR389W	78	15	0.1923	41.600	5.413
YBL058W	53	9	0.1698	41.667	5.415
YFR034W-A	12	2	0.1667	41.667	5.415
YGL032C	11	3	0.2727	41.667	5.415
YJL117W	39	3	0.0769	41.667	5.415
YPL246C	33	4	0.1212	41.825	5.420
YJR014W	25	4	0.1600	41.876	5.422
YDR354W	48	10	0.2083	41.995	5.426
YNL237W	58	8	0.1379	42.029	5.427
YLR154C	14	4	0.2857	42.042	5.428
YDR056C	26	6	0.2308	42.071	5.429
YGL096W	35	7	0.2000	42.118	5.430
YFR018C	46	6	0.1304	42.125	5.430
YOR232W	29	5	0.1724	42.213	5.433
YGR149W	55	5	0.0909	42.340	5.438
YNL189W	69	9	0.1304	42.357	5.438
YPL232W	37	5	0.1351	42.383	5.439
YPR127W	44	10	0.2273	42.389	5.439
YLL018C	71	6	0.0845	42.413	5.440
YDR246W	28	5	0.1786	42.424	5.440
YLR257W	41	11	0.2683	42.443	5.441
YMR264W	26	4	0.1538	42.484	5.442
YDR512C	24	7	0.2917	42.553	5.445
YMR008C	85	19	0.2235	42.607	5.446
YFL017W-A	10	2	0.2000	42.735	5.451
YMR197C	28	5	0.1786	42.813	5.453
YDR297W	45	6	0.1333	42.857	5.455
YJL130C	285	81	0.2842	42.889	5.456
YGR169C-A	12	2	0.1667	43.011	5.460
YJL184W	16	2	0.1250	43.011	5.460
YJR113C	32	4	0.1250	43.011	5.460
YER083C	37	7	0.1892	43.124	5.463
YKL153W	22	11	0.5000	43.137	5.464
YBR062C	27	6	0.2222	43.200	5.466
YHR019C	72	11	0.1528	43.243	5.467
YOR222W	40	11	0.2750	43.290	5.469
YNL301C	43	11	0.2558	43.303	5.469
YPL046C	13	3	0.2308	43.333	5.470
YLR190W	64	9	0.1406	43.360	5.471
YPR075C	47	9	0.1915	43.398	5.472
YOR311C	38	7	0.1842	43.528	5.477
YBR005W	28	3	0.1071	43.614	5.479
YBR265W	42	11	0.2619	43.614	5.479
YMR180C	42	11	0.2619	43.614	5.479
YGL231C	25	1	0.0400	43.630	5.480
YML098W	22	5	0.2273	43.651	5.481
YOL101C	41	10	0.2439	43.663	5.481
YDR031W	16	5	0.3125	43.716	5.483
YIL101C	85	19	0.2235	43.724	5.483
YIL007C	29	7	0.2414	43.741	5.484
YLR251W	26	3	0.1154	43.771	5.484
YDL047W	41	5	0.1220	43.803	5.486
YHL024W	94	18	0.1915	43.884	5.488
YIL094C	49	7	0.1429	43.907	5.489
YLR250W	31	7	0.2258	43.972	5.491
YBR268W	14	3	0.2143	44.025	5.493
YDR352W	42	9	0.2143	44.025	5.493
YIL116W	51	17	0.3333	44.041	5.493
YIL075C	125	21	0.1680	44.045	5.493
YGL087C	22	4	0.1818	44.088	5.495
YOL092W	41	8	0.1951	44.229	5.499
YER053C	40	7	0.1750	44.297	5.501
YEL059C-A	10	1	0.1000	44.444	5.506
YPR128C	44	5	0.1136	44.580	5.510
YOR184W	53	8	0.1509	44.613	5.511
YDR429C	37	6	0.1622	44.848	5.519
YGR260W	72	13	0.1806	44.860	5.519
YFR003C	21	5	0.2381	44.872	5.520
YOL084W	134	33	0.2463	45.027	5.524
YBR252W	20	2	0.1000	45.045	5.525
YCR018C	30	7	0.2333	45.045	5.525
YEL068C	15	2	0.1333	45.045	5.525
YNR032C-A	10	2	0.2000	45.045	5.525
YAL034C	56	6	0.1071	45.089	5.526
YLR312C	54	13	0.2407	45.113	5.527
YGR232W	31	5	0.1613	45.124	5.527
YDR071C	26	6	0.2308	45.139	5.528
YDR092W	33	10	0.3030	45.205	5.530
YOR356W	86	15	0.1744	45.359	5.535
YOL111C	29	5	0.1724	45.383	5.536
YIR034C	51	7	0.1373	45.455	5.538
YKL003C	18	4	0.2222	45.455	5.538
YPL237W	39	9	0.2308	45.455	5.538
YCL050C	44	11	0.2500	45.549	5.541
YDR293C	171	29	0.1696	45.564	5.541
YDR517W	51	6	0.1176	45.576	5.542
YDR367W	35	6	0.1714	45.632	5.543
YDR079C-A	10	2	0.2000	45.662	5.544
YGL009C	107	25	0.2336	45.726	5.546
YOR100C	45	13	0.2889	45.732	5.546
YKL096W	33	9	0.2727	45.833	5.549
YOR002W	75	10	0.1333	45.872	5.551
YOL032W	34	4	0.1176	45.884	5.551
YJR096W	39	8	0.2051	45.936	5.553
YCR053W	71	13	0.1831	45.955	5.553
YDR284C	40	8	0.2000	45.977	5.554
YGR157W	120	24	0.2000	45.977	5.554
YNL185C	22	4	0.1818	46.122	5.558
YBL040C	35	9	0.2571	46.235	5.562
YCL030C	111	26	0.2342	46.250	5.562
YPL178W	29	2	0.0690	46.252	5.562
YAL007C	30	4	0.1333	46.296	5.564
YIL034C	40	5	0.1250	46.296	5.564
YEL066W	25	5	0.2000	46.296	5.564
YFL034C-A	32	8	0.2500	46.377	5.566
YCL026C-B	27	4	0.1481	46.392	5.567
YEL046C	54	13	0.2407	46.392	5.567
YML100W	153	25	0.1634	46.406	5.567
YMR149W	40	2	0.0500	46.458	5.569
YLR149C	102	25	0.2451	46.512	5.570
YBR210W	20	4	0.2000	46.620	5.573
YNR035C	48	7	0.1458	46.647	5.574
YGL106W	21	2	0.0952	46.667	5.575
YPL229W	29	6	0.2069	46.699	5.576
YDR035W	52	8	0.1538	46.721	5.577
YOL088C	39	7	0.1795	46.763	5.578
YPL230W	55	6	0.1091	46.769	5.578
YMR035W	25	7	0.2800	46.816	5.579
YPR192W	43	11	0.2558	46.841	5.580
YDR397C	25	6	0.2400	46.904	5.582
YJL171C	56	12	0.2143	47.019	5.586
YKR067W	105	18	0.1714	47.043	5.586
YDL147W	63	12	0.1905	47.085	5.588
YER063W	31	3	0.0968	47.184	5.590
YGL202W	71	13	0.1831	47.239	5.592
YKR018C	103	18	0.1748	47.291	5.594
YKR088C	48	9	0.1875	47.337	5.595
YBR015C	85	15	0.1765	47.380	5.596
YDL182W	61	10	0.1639	47.397	5.597
YFL054C	92	14	0.1522	47.398	5.597
YHR025W	51	7	0.1373	47.486	5.599
YJR010W	73	13	0.1781	47.526	5.601
YDR204W	48	15	0.3125	47.619	5.603
YJR133W	30	5	0.1667	47.619	5.603
YMR244C-A	15	2	0.1333	47.619	5.603
YNL220W	62	19	0.3065	47.619	5.603
YLR028C	85	19	0.2235	47.860	5.611
YPL092W	66	9	0.1364	47.930	5.613
YGR215W	16	4	0.2500	48.048	5.616
YLR209C	45	10	0.2222	48.077	5.617
YPR113W	32	4	0.1250	48.265	5.623
YNL066W	61	12	0.1967	48.298	5.623
YDR156W	20	5	0.2500	48.309	5.624
YLL019C	107	23	0.2150	48.329	5.624
YPL117C	42	5	0.1190	48.443	5.628
YAL053W	114	16	0.1404	48.469	5.628
YNL219C	81	17	0.2099	48.561	5.631
YKR091W	36	6	0.1667	48.583	5.632
YOL123W	78	19	0.2436	48.598	5.632
YHR198C	47	11	0.2340	48.654	5.634
YAR015W	45	9	0.2000	48.860	5.640
YGR144W	48	13	0.2708	48.930	5.642
YKL175W	74	10	0.1351	48.942	5.642
YER174C	36	4	0.1111	48.980	5.643
YDR368W	46	6	0.1304	48.988	5.644
YCR046C	25	3	0.1200	49.020	5.644
YKL093W	50	9	0.1800	49.020	5.644
YMR322C	35	9	0.2571	49.020	5.644
YKL181W	63	12	0.1905	49.065	5.646
YDR286C	17	2	0.1176	49.275	5.652
YDL052C	45	10	0.2222	49.342	5.654
YOR085W	52	11	0.2115	49.383	5.655
YDR504C	19	5	0.2632	49.479	5.658
YFL031W	48	7	0.1458	49.536	5.659
YNL010W	36	7	0.1944	49.587	5.661
YMR120C	89	20	0.2247	50.028	5.673
YOR261C	51	9	0.1765	50.147	5.677
YDR074W	135	29	0.2148	50.167	5.677
YJL060W	67	10	0.1493	50.187	5.678
YHR209W	44	6	0.1364	50.228	5.679
YJL178C	41	11	0.2683	50.245	5.679
YGL007W	19	5	0.2632	50.265	5.680
YJR007W	46	5	0.1087	50.273	5.680
YPR181C	116	21	0.1810	50.282	5.680
YNL251C	87	16	0.1839	50.347	5.682
YIL040W	21	3	0.1429	50.360	5.683
YKL210W	155	25	0.1613	50.407	5.684
YNL306W	33	6	0.1818	50.459	5.685
YBL026W	21	4	0.1905	50.481	5.686
YLR104W	20	4	0.2000	50.505	5.687
YDR003W	32	7	0.2188	50.553	5.688
YBR285W	22	3	0.1364	50.575	5.689
YER125W	123	27	0.2195	50.617	5.690
YDR044W	50	10	0.2000	50.659	5.691
YHR071W	35	7	0.2000	50.725	5.693
YML101C	18	4	0.2222	50.847	5.696
YKR075C	47	8	0.1702	50.866	5.697
YIL023C	53	5	0.0943	50.913	5.698
YNL081C	22	2	0.0909	50.926	5.698
YGL028C	83	20	0.2410	50.952	5.699
YCL001W-B	13	3	0.2308	50.980	5.700
YPR069C	45	8	0.1778	51.020	5.701
YER018C	34	6	0.1765	51.051	5.702
YGR201C	35	6	0.1714	51.622	5.718
YOL083W	64	14	0.2188	51.655	5.718
YMR318C	56	8	0.1429	51.708	5.720
YNL173C	57	5	0.0877	51.771	5.722
YAL039C	42	5	0.1190	51.852	5.724
YKL087C	35	6	0.1714	51.852	5.724
YDL085W	85	12	0.1412	51.893	5.725
YDL248W	60	11	0.1833	52.083	5.730
YKR076W	58	8	0.1379	52.111	5.731
YGL148W	59	11	0.1864	52.166	5.732
YFR052C-A	16	6	0.3750	52.288	5.736
YBR294W	135	23	0.1704	52.326	5.737
YBR143C	69	17	0.2464	52.511	5.742
YNR030W	87	17	0.1954	52.536	5.742
YDR294C	93	17	0.1828	52.542	5.743
YGL019W	44	7	0.1591	52.569	5.743
YHR132C	68	9	0.1324	52.591	5.744
YCR075W-A	12	4	0.3333	52.632	5.745
YEL037C	63	15	0.2381	52.632	5.745
YOR159C	15	5	0.3333	52.632	5.745
YPL201C	73	13	0.1781	52.670	5.746
YGR167W	37	2	0.0541	52.707	5.747
YLR268W	34	3	0.0882	52.713	5.747
YGL026C	112	27	0.2411	52.731	5.748
YDL014W	52	9	0.1731	52.846	5.751
YER103W	102	22	0.2157	52.877	5.752
YBR135W	24	3	0.1250	52.980	5.754
YML110C	49	7	0.1429	53.030	5.756
YGL105W	60	9	0.1500	53.050	5.756
YFR042W	32	7	0.2188	53.068	5.757
YOR348C	100	20	0.2000	53.079	5.757
YDR427W	63	16	0.2540	53.299	5.763
YDR063W	24	3	0.1250	53.333	5.764
YMR038C	40	5	0.1250	53.333	5.764
YGR181W	17	2	0.1176	53.459	5.767
YDR461C-A	13	3	0.2308	53.498	5.768
YMR062C	71	17	0.2394	53.544	5.769
YBR159W	56	13	0.2321	53.640	5.772
YAL042W	67	9	0.1343	53.686	5.773
YDL174C	95	16	0.1684	53.855	5.778
YJR058C	24	4	0.1667	54.054	5.783
YCR084C	116	28	0.2414	54.155	5.785
YDR545C-A	26	7	0.2692	54.167	5.786
YDR047W	59	14	0.2373	54.178	5.786
YCL028W	66	15	0.2273	54.187	5.786
YKL080W	64	15	0.2344	54.283	5.789
YJR024C	40	5	0.1250	54.422	5.792
YMR194C-B	16	7	0.4375	54.422	5.792
YBR187W	46	7	0.1522	54.567	5.796
YDR411C	56	14	0.2500	54.581	5.797
YFR011C	28	4	0.1429	54.581	5.797
YBR111C	38	7	0.1842	54.598	5.797
YNL122C	19	4	0.2105	54.598	5.797
YBR151W	52	12	0.2308	54.679	5.799
YBR157C	42	5	0.1190	54.688	5.799
YCR083W	21	4	0.1905	54.688	5.799
YIL050W	47	8	0.1702	54.779	5.802
YAL016W	105	22	0.2095	55.031	5.808
YJR034W	18	4	0.2222	55.046	5.809
YER031C	37	8	0.2162	55.060	5.809
YGL198W	39	0	0.0000	55.085	5.810
YKL170W	23	5	0.2174	55.156	5.811
YLR421C	26	5	0.1923	55.202	5.813
YHR039C-A	28	9	0.3214	55.227	5.813
YBL039W-B	10	0	0.0000	55.556	5.822
YDL053C	31	2	0.0645	55.556	5.822
YDL007W	73	8	0.1096	55.556	5.822
YIL138C	27	8	0.2963	55.556	5.822
YEL058W	93	18	0.1935	55.556	5.822
YJL185C	49	7	0.1429	55.556	5.822
YJL140W	37	5	0.1351	55.556	5.822
YFR030W	173	33	0.1908	55.663	5.824
YPR036W	80	15	0.1875	55.672	5.825
YDL214C	117	25	0.2137	55.714	5.826
YDL020C	89	17	0.1910	55.764	5.827
YOR152C	43	7	0.1628	55.772	5.827
YLR447C	58	11	0.1897	55.877	5.830
YCR073W-A	53	10	0.1887	55.907	5.831
YNL312W	52	10	0.1923	55.914	5.831
YGR203W	25	2	0.0800	55.928	5.831
YKL039W	88	22	0.2500	55.980	5.832
YER086W	97	20	0.2062	56.037	5.834
YOR016C	35	8	0.2286	56.090	5.835
YFL044C	51	9	0.1765	56.291	5.840
YBR139W	86	23	0.2674	56.320	5.841
YGL234W	136	30	0.2206	56.455	5.844
YCR060W	19	2	0.1053	56.548	5.847
YOR224C	25	6	0.2400	56.689	5.850
YLR372W	59	6	0.1017	56.840	5.854
YJR115W	29	7	0.2414	56.863	5.855
YGR033C	41	9	0.2195	56.944	5.857
YER035W	25	3	0.1200	57.078	5.860
YDR424C	26	4	0.1538	57.143	5.862
YGL001C	60	12	0.2000	57.143	5.862
YLR375W	59	10	0.1695	57.171	5.862
YGL225W	58	12	0.2069	57.199	5.863
YML001W	36	8	0.2222	57.416	5.868
YPL280W	41	13	0.3171	57.423	5.868
YGR127W	54	11	0.2037	57.508	5.871
YLR093C	52	7	0.1346	57.586	5.872
YPL274W	102	22	0.2157	57.823	5.878
YOR039W	45	10	0.2222	57.915	5.881
YDL215C	190	48	0.2526	57.944	5.881
YMR056C	54	16	0.2963	58.065	5.884
YKL043W	64	12	0.1875	58.129	5.886
YOL151W	60	13	0.2167	58.309	5.890
YOR084W	68	9	0.1324	58.419	5.893
YMR146C	61	7	0.1148	58.429	5.893
YEL042W	91	24	0.2637	58.446	5.894
YNL280C	77	20	0.2597	58.466	5.894
YJR082C	20	5	0.2500	58.480	5.894
YIR017C	33	4	0.1212	58.511	5.895
YDR462W	26	9	0.3462	58.559	5.896
YDL015C	55	5	0.0909	58.950	5.906
YDR304C	40	7	0.1750	58.997	5.907
YGL010W	31	5	0.1613	59.048	5.908
YNR061C	39	11	0.2821	59.091	5.909
YLR332W	67	8	0.1194	59.240	5.913
YDR345C	101	24	0.2376	59.272	5.913
YMR099C	53	12	0.2264	59.284	5.914
YER003C	82	15	0.1829	59.291	5.914
YBR077C	29	3	0.1034	59.305	5.914
YER039C-A	13	4	0.3077	59.361	5.916
YKL160W	26	4	0.1538	59.361	5.916
YMR243C	79	18	0.2278	59.443	5.918
YKL026C	30	5	0.1667	59.524	5.919
YLR438W	76	13	0.1711	59.608	5.921
YBR117C	122	27	0.2213	59.629	5.922
YBR302C	68	15	0.2206	59.649	5.922
YKL004W	72	11	0.1528	59.701	5.924
YLR034C	85	20	0.2353	59.775	5.925
YKL145W	84	16	0.1905	59.829	5.927
YJL068C	54	14	0.2593	60.000	5.931
YJL196C	56	8	0.1429	60.021	5.931
YOL133W	22	4	0.1818	60.109	5.933
YMR323W	79	18	0.2278	60.122	5.934
YHR106W	62	13	0.2097	60.253	5.937
YML030W	29	3	0.1034	60.417	5.941
YJL004C	37	9	0.2432	60.458	5.942
YEL001C	41	3	0.0732	60.472	5.942
YGL012W	86	16	0.1860	60.478	5.942
YBR169C	126	26	0.2063	60.519	5.943
YKL138C	24	5	0.2083	60.606	5.945
YOL005C	22	3	0.1364	60.606	5.945
YBR046C	61	6	0.0984	60.697	5.947
YAR027W	43	11	0.2558	60.734	5.948
YDL185W	196	38	0.1939	60.945	5.953
YOR210W	13	2	0.1538	61.033	5.955
YDL134C	68	11	0.1618	61.261	5.960
YBR053C	66	16	0.2424	61.281	5.961
YGR038W	41	9	0.2195	61.286	5.961
YBR256C	44	10	0.2273	61.367	5.963
YPR100W	26	3	0.1154	61.466	5.965
YLR367W	54	19	0.3519	61.644	5.969
YER069W	160	29	0.1812	61.728	5.971
YKL100C	109	29	0.2661	61.791	5.972
YBR183W	59	12	0.2034	62.040	5.978
YGR049W	35	7	0.2000	62.057	5.979
YPL203W	71	17	0.2394	62.117	5.980
YLR120C	107	20	0.1869	62.573	5.990
YHR110W	40	11	0.2750	62.598	5.991
YAL060W	72	14	0.1944	62.663	5.992
YMR194W	48	16	0.3333	62.663	5.992
YGL062W	222	43	0.1937	62.765	5.995
YPL096C-A	13	1	0.0769	62.802	5.996
YJR095W	61	12	0.1967	62.951	5.999
YDL054C	92	18	0.1957	62.971	5.999
YDL029W	82	15	0.1829	63.125	6.003
YOR259C	83	19	0.2289	63.166	6.004
YDR177W	41	8	0.1951	63.272	6.006
YDR007W	43	9	0.2093	63.704	6.016
YOR180C	52	6	0.1154	63.725	6.016
YER146W	18	4	0.2222	63.830	6.019
YMR074C	28	7	0.2500	63.927	6.021
YLR205C	61	14	0.2295	63.941	6.021
YCR002C	62	15	0.2419	63.983	6.022
YMR022W	32	4	0.1250	64.257	6.028
YLR437C	26	6	0.2308	64.677	6.037
YOR161C	105	22	0.2095	64.815	6.040
YOR202W	43	10	0.2326	64.857	6.041
YLR066W	36	8	0.2222	64.865	6.041
YLR208W	58	10	0.1724	64.877	6.042
YEL002C	84	11	0.1310	64.965	6.044
YGL077C	110	24	0.2182	65.012	6.045
YJL116C	66	10	0.1515	65.089	6.046
YLR230W	20	4	0.2000	65.359	6.052
YGL161C	61	20	0.3279	65.380	6.053
YBR122C	35	8	0.2286	65.543	6.056
YDR405W	52	8	0.1538	65.657	6.059
YDR516C	99	20	0.2020	65.868	6.063
YFL021W	101	12	0.1188	65.884	6.064
YAR035W	136	19	0.1397	65.891	6.064
YOL086W-A	18	4	0.2222	65.934	6.065
YDL045W-A	19	2	0.1053	65.972	6.065
YHR208W	78	17	0.2179	65.990	6.066
YJR086W	22	6	0.2727	66.066	6.068
YCR034W	69	17	0.2464	66.092	6.068
YGR174C	34	5	0.1471	66.277	6.072
YLR193C	35	4	0.1143	66.288	6.072
YDR188W	109	22	0.2018	66.423	6.075
YER010C	47	10	0.2128	66.667	6.080
YER039C	50	9	0.1800	66.667	6.080
YPL145C	87	21	0.2414	66.667	6.080
YGR155W	102	15	0.1471	66.929	6.086
YGR267C	49	14	0.2857	66.940	6.086
YGR235C	47	10	0.2128	66.952	6.086
YDR483W	89	16	0.1798	66.968	6.087
YER030W	31	10	0.3226	67.100	6.090
YJR148W	76	11	0.1447	67.197	6.092
YIL125W	205	43	0.2098	67.323	6.094
YPL134C	63	7	0.1111	67.524	6.099
YDL100C	72	16	0.2222	67.606	6.100
YLR359W	98	21	0.2143	67.633	6.101
YDR002W	41	7	0.1707	67.657	6.101
YKL190W	41	9	0.2195	67.881	6.106
YBR052C	43	7	0.1628	67.930	6.107
YDR231C	42	9	0.2143	67.961	6.108
YOR273C	135	29	0.2148	68.182	6.112
YJR017C	35	10	0.2857	68.226	6.113
YFR004W	63	19	0.3016	68.404	6.117
YNL096C	63	14	0.2222	68.627	6.122
YNL239W	94	16	0.1702	68.864	6.126
YPL024W	50	9	0.1800	68.871	6.127
YGL040C	71	13	0.1831	68.999	6.129
YLL027W	52	11	0.2115	69.057	6.130
YMR260C	32	9	0.2812	69.264	6.135
YHR200W	56	5	0.0893	69.393	6.137
YMR071C	35	9	0.2571	69.444	6.138
YPR002W	108	24	0.2222	69.632	6.142
YGR020C	25	7	0.2800	70.028	6.150
YER074W-A	33	9	0.2727	70.064	6.151
YAL044C	36	10	0.2778	70.175	6.153
YJL173C	26	8	0.3077	70.461	6.159
YCL001W	40	7	0.1750	70.547	6.161
YDR073W	36	6	0.1667	70.588	6.162
YLR089C	126	16	0.1270	70.826	6.166
YCL005W-A	28	6	0.2143	70.886	6.168
YKR014C	50	6	0.1200	70.922	6.168
YMR311C	49	11	0.2245	71.014	6.170
YMR152W	78	19	0.2436	71.038	6.171
YOR008C	81	19	0.2346	71.240	6.175
YBR035C	49	10	0.2041	71.325	6.176
YHR142W	68	12	0.1765	71.504	6.180
YGR026W	60	15	0.2500	71.685	6.184
YLR064W	59	14	0.2373	71.776	6.185
YIR036C	57	11	0.1930	71.970	6.189
YNL142W	108	23	0.2130	72.000	6.190
YMR108W	149	28	0.1879	72.190	6.194
YNL130C	92	19	0.2065	72.214	6.194
YLR192C	58	9	0.1552	72.682	6.203
YFR052W	60	12	0.2000	72.727	6.204
YPL081W	80	18	0.2250	73.059	6.211
YCR051W	49	11	0.2245	73.244	6.214
YMR226C	59	17	0.2881	73.383	6.217
YDR519W	30	4	0.1333	73.529	6.220
YMR148W	33	7	0.2121	73.826	6.225
YOR133W	187	70	0.3743	73.942	6.228
YBR283C	109	19	0.1743	73.999	6.229
YPL186C	68	10	0.1471	74.317	6.235
YDR454C	42	7	0.1667	74.468	6.238
YLR180W	86	13	0.1512	74.848	6.245
YJL153C	120	30	0.2500	74.906	6.246
YLR164W	38	7	0.1842	74.951	6.247
YNL263C	71	16	0.2254	75.132	6.250
YNL125C	152	33	0.2171	75.173	6.251
YOR173W	80	12	0.1500	75.330	6.254
YGR142W	93	19	0.2043	75.426	6.256
YMR238W	104	17	0.1635	75.527	6.258
YPR154W	49	9	0.1837	75.617	6.260
YJR016C	133	22	0.1654	75.654	6.260
YKL104C	163	35	0.2147	75.673	6.261
YER021W	119	32	0.2689	75.700	6.261
YLR179C	46	6	0.1304	75.908	6.265
YOL026C	26	3	0.1154	76.023	6.267
YER024W	211	42	0.1991	76.118	6.269
YEL011W	161	37	0.2298	76.123	6.269
YDR043C	53	8	0.1509	76.149	6.270
YMR241W	72	13	0.1806	76.190	6.270
YER052C	121	31	0.2562	76.389	6.274
YPR082C	33	6	0.1818	76.389	6.274
YPL087W	73	15	0.2055	76.520	6.276
YPL206C	74	22	0.2973	76.605	6.278
YER136W	104	17	0.1635	76.696	6.280
YDL136W	59	23	0.3898	76.823	6.282
YNL157W	39	11	0.2821	76.923	6.284
YGL068W	45	12	0.2667	76.923	6.284
YJL055W	57	10	0.1754	77.236	6.290
YER056C-A	59	22	0.3729	77.326	6.291
YEL044W	39	7	0.1795	77.844	6.301
YPL163C	61	15	0.2459	77.905	6.302
YCR018C-A	20	2	0.1000	78.431	6.312
YMR006C	167	34	0.2036	78.736	6.317
YGR088W	133	27	0.2030	78.745	6.317
YOR215C	44	8	0.1818	78.853	6.319
YJR065C	107	22	0.2056	79.259	6.327
YPL177C	73	14	0.1918	79.262	6.327
YPR074C	162	44	0.2716	79.295	6.327
YBR029C	109	28	0.2569	79.330	6.328
YLR058C	112	30	0.2679	79.433	6.330
YER072W	31	4	0.1290	79.487	6.331
YLR307C-A	21	5	0.2381	79.545	6.332
YGL048C	97	25	0.2577	79.639	6.333
YDL084W	107	24	0.2243	79.791	6.336
YDL082W	77	20	0.2597	79.793	6.336
YML009C	17	3	0.1765	79.812	6.337
YDL120W	42	8	0.1905	80.000	6.340
YOL121C	66	18	0.2727	80.000	6.340
YMR292W	40	8	0.2000	80.160	6.343
YOR136W	89	19	0.2135	80.180	6.343
YLR204W	27	5	0.1852	80.357	6.346
YKL053C-A	21	7	0.3333	80.460	6.348
YMR286W	21	8	0.3810	80.460	6.348
YKR068C	47	5	0.1064	80.756	6.353
YDL198C	73	21	0.2877	80.842	6.355
YGR135W	63	14	0.2222	81.081	6.359
YKL065W-A	18	3	0.1667	81.081	6.359
YKL081W	127	38	0.2992	81.150	6.360
YFR035C	28	6	0.2143	81.159	6.360
YGR105W	19	3	0.1579	81.197	6.361
YDR357C	30	6	0.2000	81.301	6.363
YDR487C	51	8	0.1569	81.340	6.364
YDR232W	134	31	0.2313	81.360	6.364
YDR139C	25	5	0.2000	81.433	6.365
YNR043W	97	11	0.1134	81.444	6.365
YOR185C	54	13	0.2407	81.448	6.365
YBL078C	29	6	0.2069	81.921	6.374
YDR353W	79	19	0.2405	82.292	6.380
YKR065C	49	13	0.2653	82.492	6.384
YHR089C	51	21	0.4118	82.524	6.384
YGR231C	77	18	0.2338	82.529	6.384
YOR391C	59	14	0.2373	82.633	6.386
YDR258C	202	52	0.2574	82.923	6.391
YDR394W	107	19	0.1776	83.139	6.395
YBL102W	54	16	0.2963	83.333	6.398
YJR135W-A	22	6	0.2727	83.333	6.398
YPL127C	65	15	0.2308	83.655	6.404
YNL100W	59	11	0.1864	83.688	6.404
YAL044W-A	28	3	0.1071	84.084	6.411
YPR187W	46	12	0.2609	84.559	6.419
YKR049C	34	12	0.3529	84.577	6.419
YDR374W-A	23	5	0.2174	85.185	6.429
YKL207W	65	10	0.1538	85.302	6.431
YMR136W	144	32	0.2222	85.561	6.436
YHR137W	132	22	0.1667	85.603	6.436
YAL030W	40	6	0.1500	85.653	6.437
YMR272C	99	26	0.2626	85.714	6.438
YPL048W	107	17	0.1589	85.737	6.439
YOR234C	73	30	0.4110	85.781	6.439
YML052W	78	10	0.1282	85.809	6.440
YGR043C	86	19	0.2209	85.828	6.440
YDR476C	58	12	0.2069	85.926	6.442
YMR298W	39	11	0.2821	86.093	6.444
YNL194C	78	9	0.1154	86.093	6.444
YPR063C	44	8	0.1818	86.444	6.450
YKR066C	94	22	0.2340	86.556	6.452
YOR286W	39	8	0.2051	86.667	6.454
YDR320C-A	19	6	0.3158	86.758	6.455
YCL033C	44	12	0.2727	86.785	6.456
YKL001C	53	11	0.2075	87.028	6.460
YNL322C	82	23	0.2805	87.049	6.460
YOR117W	114	16	0.1404	87.356	6.465
YIL157C	52	13	0.2500	87.542	6.468
YGL253W	128	32	0.2500	87.611	6.469
YHL032C	187	48	0.2567	87.793	6.472
YFL037W	121	18	0.1488	88.064	6.477
YGR253C	69	17	0.2464	88.123	6.478
YNL037C	96	18	0.1875	88.643	6.486
YBL100C	28	6	0.2143	88.889	6.490
YFR047C	79	18	0.2278	88.964	6.491
YAL049C	66	18	0.2727	89.069	6.493
YKL094W	84	21	0.2500	89.172	6.495
YML042W	180	36	0.2000	89.419	6.499
YHR175W	51	12	0.2353	89.474	6.499
YBR056W-A	18	4	0.2222	89.552	6.501
YKL196C	54	13	0.2407	89.552	6.501
YLR414C	71	18	0.2535	89.646	6.502
YER121W	31	14	0.4516	89.855	6.505
YBR241C	132	26	0.1970	89.980	6.507
YLL009C	19	5	0.2632	90.476	6.515
YNR037C	25	4	0.1600	90.580	6.517
YLR350W	59	6	0.1017	90.630	6.518
YLR099W-A	24	5	0.2083	90.909	6.522
YGR146C	58	13	0.2241	91.195	6.527
YEL034C-A	55	20	0.3636	91.211	6.527
YPR160W	249	71	0.2851	91.916	6.538
YAL008W	55	16	0.2909	92.127	6.541
YIL043C	79	12	0.1519	92.398	6.545
YGR248W	71	14	0.1972	92.448	6.546
YIL160C	116	25	0.2155	92.504	6.547
YBR212W	187	39	0.2086	92.620	6.549
YLR220W	90	21	0.2333	92.879	6.553
YPL010W	53	14	0.2642	92.982	6.554
YDL204W	110	16	0.1455	93.063	6.556
YJR025C	50	13	0.2600	93.633	6.564
YIL123W	134	28	0.2090	93.641	6.564
YDL131W	124	26	0.2097	93.726	6.566
YML022W	53	9	0.1698	93.972	6.569
YNL307C	106	26	0.2453	93.972	6.569
YER015W	211	49	0.2322	94.407	6.576
YNL156C	85	18	0.2118	94.444	6.577
YPR001W	138	26	0.1884	94.456	6.577
YLR050C	46	13	0.2826	94.650	6.580
YGR240C	281	74	0.2633	94.804	6.582
YPL059W	43	4	0.0930	94.923	6.584
YDR404C	49	8	0.1633	94.961	6.584
YLR370C	51	13	0.2549	94.972	6.585
YKL142W	63	19	0.3016	95.455	6.592
YLR406C	66	24	0.3636	95.514	6.593
YFR020W	67	16	0.2388	95.851	6.598
YBL087C	88	38	0.4318	95.861	6.598
YKL035W	144	32	0.2222	96.000	6.600
YDL229W	177	48	0.2712	96.091	6.601
YOL071W	47	15	0.3191	96.115	6.602
YPR004C	100	26	0.2600	96.618	6.609
YDL222C	90	15	0.1667	96.774	6.611
YAL012W	115	25	0.2174	97.046	6.615
YGL147C	56	12	0.2143	97.222	6.618
YBR209W	31	11	0.3548	97.484	6.622
YOR327C	34	6	0.1765	97.701	6.625
YMR314W	69	9	0.1304	97.872	6.627
YMR009W	53	12	0.2264	98.148	6.632
YPL231W	556	173	0.3112	98.164	6.632
YER048W-A	28	8	0.2857	98.246	6.633
YKL156W	59	15	0.2542	98.333	6.634
YMR083W	111	25	0.2252	98.404	6.635
YJL144W	31	4	0.1290	98.413	6.635
YHR143W-A	21	2	0.0952	98.592	6.638
YIL062C	46	8	0.1739	98.925	6.643
YGR106C	79	21	0.2658	98.997	6.644
YNL259C	22	6	0.2727	99.099	6.645
YHR018C	138	29	0.2101	99.138	6.646
YDL128W	123	30	0.2439	99.515	6.651
YPR006C	172	51	0.2965	99.537	6.652
YPL090C	110	39	0.3545	99.548	6.652
YBR082C	54	17	0.3148	99.631	6.653
YIL002W-A	21	6	0.2857	100.000	6.658
YMR315W	105	21	0.2000	100.000	6.658
YBR126C	149	32	0.2148	100.134	6.660
YOL030W	146	40	0.2740	100.344	6.663
YER145C	122	24	0.1967	100.412	6.664
YOL126C	114	24	0.2105	100.529	6.666
YBR249C	112	27	0.2411	100.629	6.667
YJL127C-B	16	3	0.1875	100.629	6.667
YDR328C	59	12	0.2034	100.855	6.670
YJL174W	84	21	0.2500	101.083	6.674
YDL126C	254	61	0.2402	101.276	6.676
YPL250C	42	7	0.1667	102.190	6.689
YCR069W	98	28	0.2857	102.403	6.692
YOR355W	161	46	0.2857	102.613	6.695
YIL052C	86	33	0.3837	102.625	6.695
YKL186C	57	11	0.1930	102.703	6.696
YMR206W	97	17	0.1753	102.972	6.700
YOR157C	81	13	0.1605	103.053	6.701
YCR013C	67	32	0.4776	103.395	6.706
YJL034W	212	56	0.2642	103.465	6.707
YMR090W	71	19	0.2676	103.801	6.712
YOR362C	90	23	0.2556	103.806	6.712
YFL018C	156	34	0.2179	104.000	6.714
YDR492W	99	16	0.1616	104.101	6.716
YBL107W-A	11	1	0.0909	104.762	6.725
YGL226C-A	43	13	0.3023	104.878	6.726
YNL149C	41	13	0.3171	105.128	6.730
YJL066C	80	20	0.2500	105.402	6.733
YER141W	154	47	0.3052	105.407	6.733
YOR332W	74	25	0.3378	105.413	6.734
YPR183W	85	20	0.2353	105.721	6.738
YBR262C	34	5	0.1471	105.919	6.740
YBR036C	131	33	0.2519	106.245	6.745
YPL183W-A	30	4	0.1333	106.383	6.747
YER095W	128	31	0.2422	106.401	6.747
YOL110W	76	12	0.1579	106.443	6.747
YDR174W	79	20	0.2532	106.613	6.750
YIR022W	54	11	0.2037	107.143	6.757
YLR438C-A	29	9	0.3103	107.407	6.760
YLR297W	42	7	0.1667	107.692	6.764
YHR104W	106	18	0.1698	107.724	6.765
YPR151C	67	9	0.1343	107.890	6.767
YML129C	23	2	0.0870	107.981	6.768
YMR118C	64	13	0.2031	108.291	6.772
YDR381W	157	46	0.2930	108.500	6.775
YER055C	97	23	0.2371	108.501	6.775
YML004C	107	29	0.2710	109.072	6.782
YER165W	190	43	0.2263	109.573	6.789
YDL097C	143	37	0.2587	109.579	6.789
YCL018W	120	27	0.2250	109.589	6.789
YLR249W	344	101	0.2936	109.729	6.791
YOL038W	84	15	0.1786	109.804	6.792
YEL020W-A	29	6	0.2069	109.848	6.792
YBR222C	180	50	0.2778	110.294	6.798
YLR448W	101	33	0.3267	110.383	6.799
YGR082W	61	17	0.2787	110.507	6.801
YFR017C	65	9	0.1385	110.544	6.801
YCR005C	153	33	0.2157	110.629	6.803
YOR099W	131	45	0.3435	110.829	6.805
YBR101C	97	19	0.1959	111.111	6.809
YCR021C	111	26	0.2342	111.111	6.809
YFL005W	72	21	0.2917	111.111	6.809
YGR132C	96	21	0.2188	111.111	6.809
YLR027C	140	36	0.2571	111.376	6.812
YPL079W	101	28	0.2772	111.726	6.817
YOR150W	55	14	0.2545	111.789	6.817
YOR120W	105	22	0.2095	111.821	6.818
YGL080W	44	9	0.2045	111.959	6.820
YGR214W	136	37	0.2721	112.026	6.821
YBL029C-A	32	9	0.2812	112.281	6.824
YJR117W	153	39	0.2549	112.335	6.824
YBR234C	130	39	0.3000	112.554	6.827
YOL085W-A	24	5	0.2083	112.676	6.829
YBR299W	198	67	0.3384	112.821	6.831
YLR411W	82	26	0.3171	112.948	6.832
YMR276W	127	27	0.2126	113.191	6.835
YFR044C	164	42	0.2561	113.416	6.838
YDL123W	48	14	0.2917	113.475	6.839
YOL143C	58	12	0.2069	113.725	6.842
YDR158W	125	28	0.2240	113.843	6.844
YKR094C	86	25	0.2907	113.907	6.844
YKL068W-A	27	3	0.1111	113.924	6.845
YIL041W	112	30	0.2679	114.169	6.848
YHR010W	111	38	0.3423	114.198	6.848
YIL014C-A	36	7	0.1944	114.286	6.849
YBL041W	83	19	0.2289	114.325	6.850
YDR510W	35	8	0.2286	114.379	6.850
YBR026C	131	32	0.2443	114.611	6.853
YNR017W	77	16	0.2078	115.097	6.859
YBR127C	179	36	0.2011	115.187	6.860
YBL048W	36	11	0.3056	115.385	6.863
YBR177C	158	51	0.3228	116.519	6.877
YLR293C	77	22	0.2857	116.667	6.879
YNL255C	54	12	0.2222	116.883	6.881
YJL177W	102	32	0.3137	116.972	6.882
YHR163W	88	19	0.2159	117.333	6.887
YJL097W	77	20	0.2597	117.737	6.892
YOR182C	71	29	0.4085	117.745	6.892
YDR226W	79	23	0.2911	118.087	6.896
YPL106C	246	66	0.2683	118.156	6.897
YMR105C	203	55	0.2709	118.713	6.903
YDL086W	98	25	0.2551	119.221	6.910
YHL001W	98	39	0.3980	120.245	6.922
YER026C	100	24	0.2400	120.337	6.923
YML085C	176	49	0.2784	120.548	6.925
YER042W	67	17	0.2537	120.721	6.927
YPR098C	71	26	0.3662	121.993	6.942
YGL054C	51	12	0.2353	122.302	6.946
YLL014W	40	11	0.2750	122.324	6.946
YML073C	116	43	0.3707	122.622	6.950
YDR115W	39	11	0.2821	122.642	6.950
YLR378C	177	40	0.2260	122.661	6.950
YHR057C	76	19	0.2500	122.977	6.954
YHL034C	109	30	0.2752	123.164	6.956
YKR009C	334	93	0.2784	123.566	6.961
YHR190W	165	46	0.2788	123.596	6.961
YBL015W	197	39	0.1980	124.605	6.973
YJL210W	102	21	0.2059	125.000	6.977
YBR181C	133	49	0.3684	125.118	6.979
YML075C	396	115	0.2904	125.118	6.979
YBR214W	199	53	0.2663	125.631	6.984
YML120C	194	37	0.1907	125.811	6.987
YKR059W	150	56	0.3733	126.263	6.992
YNR016C	848	318	0.3750	126.529	6.995
YJL026W	152	44	0.2895	126.667	6.996
YMR103C	46	6	0.1304	126.722	6.997
YPL225W	56	13	0.2321	126.984	7.000
YBR076C-A	34	10	0.2941	127.341	7.004
YLR194C	98	24	0.2449	128.105	7.012
YMR200W	99	18	0.1818	128.405	7.016
YBR071W	82	15	0.1829	128.931	7.022
YGL011C	98	27	0.2755	129.117	7.024
YBR084C-A	139	41	0.2950	129.182	7.024
YHR026W	83	22	0.2651	129.283	7.026
YJL048C	154	42	0.2727	129.303	7.026
YJL121C	93	26	0.2796	129.707	7.030
YNL079C	78	28	0.3590	130.000	7.033
YDR385W	331	143	0.4320	130.882	7.043
YOR187W	172	36	0.2093	130.898	7.043
YHR092C	227	62	0.2731	131.138	7.046
YKL187C	297	78	0.2626	131.824	7.053
YMR246W	275	74	0.2691	131.894	7.054
YDR471W	105	36	0.3429	132.075	7.056
YLR061W	100	41	0.4100	132.450	7.060
YLR216C	148	49	0.3311	132.616	7.062
YMR205C	382	98	0.2565	132.639	7.062
YNL131W	61	13	0.2131	132.898	7.065
YJL167W	141	22	0.1560	133.144	7.068
YLL061W	234	60	0.2564	133.562	7.072
YDR148C	186	42	0.2258	133.621	7.073
YDR399W	89	20	0.2247	133.634	7.073
YPL179W	221	53	0.2398	133.939	7.076
YMR072W	74	12	0.1622	134.058	7.077
YBR016W	52	14	0.2692	134.367	7.081
YLL023C	113	35	0.3097	134.524	7.082
YGL076C	224	95	0.4241	134.777	7.085
YAR002C-A	89	28	0.3146	134.848	7.086
YNL162W	113	41	0.3628	135.654	7.094
YMR203W	158	40	0.2532	135.739	7.095
YER120W	100	18	0.1800	136.054	7.099
YOR317W	287	56	0.1951	136.472	7.103
YPL054W	124	32	0.2581	136.865	7.107
YMR230W	100	38	0.3800	137.363	7.112
YOR103C	54	22	0.4074	137.405	7.113
YDR379C-A	33	10	0.3030	137.500	7.114
YDR378C	36	8	0.2222	137.931	7.118
YEL026W	53	11	0.2075	139.108	7.130
YJR044C	59	18	0.3051	139.480	7.134
YIL033C	175	56	0.3200	139.888	7.138
YJR019C	147	32	0.2177	140.000	7.140
YOL139C	90	27	0.3000	140.187	7.141
YML078W	77	17	0.2208	140.255	7.142
YDL212W	89	20	0.2247	140.600	7.146
YER012W	84	29	0.3452	140.704	7.147
tD(GUC)N	10	1	0.1000	140.845	7.148
YPL057C	163	41	0.2515	141.862	7.158
YPR035W	158	35	0.2215	141.959	7.159
YGR234W	171	50	0.2924	142.500	7.165
YGR284C	133	38	0.2857	142.551	7.165
YJL088W	145	43	0.2966	142.576	7.166
YJR008W	145	45	0.3103	142.576	7.166
YOR020W-A	39	8	0.2051	142.857	7.168
YER023W	124	34	0.2742	144.019	7.180
YLR229C	83	30	0.3614	144.097	7.181
YFL030W	167	40	0.2395	144.214	7.182
YNL305C	129	35	0.2713	144.295	7.183
YNL200C	107	30	0.2804	144.399	7.184
YJR105W	148	43	0.2905	144.673	7.187
YPR103W	125	33	0.2640	144.676	7.187
YLL026W	395	130	0.3291	144.848	7.188
YMR110C	233	64	0.2747	145.716	7.197
YBR191W	127	52	0.4094	145.809	7.198
YER091C	336	98	0.2917	145.833	7.198
YPL170W	67	18	0.2687	145.969	7.199
YBR025C	173	43	0.2486	145.992	7.200
YIL051C	64	17	0.2656	146.119	7.201
YEL071W	218	65	0.2982	146.211	7.202
YKR013W	145	34	0.2345	146.465	7.204
YBR255C-A	67	25	0.3731	146.608	7.206
YPR102C	77	26	0.3377	146.667	7.206
YER131W	53	16	0.3019	147.222	7.212
YOR027W	262	72	0.2748	148.023	7.219
YBR058C-A	36	7	0.1944	148.148	7.221
YER067W	72	18	0.2500	148.148	7.221
YHR193C	78	21	0.2692	148.571	7.225
YDR497C	261	69	0.2644	148.718	7.226
YGR256W	220	51	0.2318	148.749	7.226
YNL064C	183	54	0.2951	148.780	7.227
YGR063C	46	22	0.4783	148.867	7.228
YDL075W	114	50	0.4386	149.410	7.233
YGR189C	228	54	0.2368	149.606	7.235
YPL240C	319	104	0.3260	149.765	7.236
YNL071W	218	47	0.2156	150.449	7.243
YHR138C	52	14	0.2692	150.725	7.245
YGR244C	195	60	0.3077	151.869	7.256
YPL058C	693	250	0.3608	152.778	7.265
YFR049W	57	9	0.1579	153.226	7.269
YNL302C	152	65	0.4276	154.158	7.278
YGR034W	133	57	0.4286	154.472	7.281
YIL156W-B	44	13	0.2955	154.930	7.285
YDR262W	127	42	0.3307	155.067	7.286
YHL033C	120	34	0.2833	155.642	7.291
YDL192W	85	16	0.1882	155.678	7.292
YDL191W	133	62	0.4662	155.738	7.292
YBR039W	146	53	0.3630	155.983	7.294
YER159C	67	17	0.2537	156.177	7.296
YHR143W	153	36	0.2353	156.442	7.299
YHR132W-A	62	15	0.2419	156.566	7.300
YGL220W	57	19	0.3333	157.025	7.304
YKL058W	58	13	0.2241	157.182	7.305
YLR153C	330	103	0.3121	160.819	7.338
YPL262W	236	69	0.2924	160.873	7.339
YGL188C	28	13	0.4643	160.920	7.339
YDR450W	141	55	0.3901	160.959	7.339
YJL001W	123	46	0.3740	160.995	7.340
YKL085W	162	49	0.3025	161.194	7.342
YMR081C	164	44	0.2683	161.259	7.342
YBR162W-A	32	11	0.3438	161.616	7.345
YBR106W	92	24	0.2609	162.257	7.351
YCL048W-A	39	12	0.3077	162.500	7.353
YGR180C	169	52	0.3077	162.813	7.356
YER043C	220	64	0.2909	162.963	7.357
YDR441C	89	29	0.3258	163.004	7.358
YOR096W	159	62	0.3899	163.244	7.360
YDR447C	120	48	0.4000	165.517	7.380
YOR052C	75	21	0.2800	165.563	7.380
YBR189W	167	65	0.3892	166.833	7.391
YML106W	114	26	0.2281	167.401	7.396
YIL133C	149	60	0.4027	167.416	7.396
snR41	16	7	0.4375	168.421	7.404
YLR174W	209	57	0.2727	168.684	7.407
YKL117W	110	28	0.2545	168.971	7.409
YML012W	108	34	0.3148	169.811	7.416
YJL136C	123	59	0.4797	169.890	7.417
YML092C	128	33	0.2578	169.987	7.418
YKL182W	1048	403	0.3845	170.240	7.420
YOR010C	129	52	0.4031	170.635	7.423
YKL065C	106	34	0.3208	170.692	7.424
YBR201C-A	35	8	0.2286	171.569	7.431
YML048W	208	54	0.2596	171.617	7.431
YLR348C	154	41	0.2662	171.683	7.432
YLR356W	102	32	0.3137	171.717	7.432
YML026C	145	56	0.3862	172.209	7.436
YDR033W	166	49	0.2952	172.378	7.438
YIR016W	138	42	0.3043	172.932	7.442
YBL027W	165	55	0.3333	172.956	7.443
YGR148C	81	23	0.2840	173.077	7.444
YLR344W	144	64	0.4444	173.285	7.445
YPR016C	128	49	0.3828	173.442	7.447
YNL209W	321	103	0.3209	174.267	7.453
YER094C	108	33	0.3056	174.757	7.457
YAL003W	173	62	0.3584	175.279	7.462
YGR295C	202	70	0.3465	176.265	7.470
YKL013C	91	29	0.3187	176.357	7.471
YDR171W	199	53	0.2663	176.418	7.471
YDR059C	95	31	0.3263	176.909	7.475
YDL022W	209	55	0.2632	177.721	7.482
YDR100W	77	21	0.2727	178.241	7.486
YJL138C	212	65	0.3066	178.451	7.487
YOR230W	236	78	0.3305	179.604	7.497
YLR333C	59	24	0.4068	180.428	7.503
YHR005C-A	51	10	0.1961	180.851	7.507
YGR279C	210	76	0.3619	180.879	7.507
YPR020W	63	20	0.3175	181.034	7.508
YER150W	81	18	0.2222	181.208	7.509
YNL274C	191	66	0.3455	181.387	7.511
YBR068C	334	95	0.2844	182.514	7.520
YER074W	160	63	0.3937	183.066	7.524
YER102W	111	46	0.4144	184.080	7.532
YIL069C	151	62	0.4106	184.823	7.538
YNL044W	113	39	0.3451	185.246	7.541
YOR293W	140	64	0.4571	185.430	7.542
YJL079C	167	38	0.2275	185.556	7.543
YLR294C	62	29	0.4677	187.879	7.561
YFL045C	144	44	0.3056	188.235	7.564
YLR150W	155	41	0.2645	188.564	7.567
YML126C	279	82	0.2939	189.024	7.570
YKL067W	88	23	0.2614	190.476	7.581
YJR139C	206	72	0.3495	190.741	7.583
YFR050C	153	42	0.2745	191.011	7.585
YDR034W-B	30	9	0.3000	192.308	7.595
YGR161C	153	53	0.3464	193.182	7.601
YDR214W	204	52	0.2549	193.732	7.605
YKL164C	199	65	0.3266	193.957	7.607
YDL124W	183	64	0.3497	194.888	7.614
YLR185W	122	56	0.4590	194.888	7.614
YOL012C	79	25	0.3165	195.062	7.615
YCR028C-A	96	45	0.4688	195.519	7.619
YIL124W	175	60	0.3429	195.749	7.620
YNL195C	154	46	0.2987	195.929	7.622
YOR007C	204	66	0.3235	195.965	7.622
YGR085C	103	32	0.3107	196.190	7.623
YJL191W	162	62	0.3827	196.364	7.625
YPR052C	56	35	0.6250	198.582	7.641
YBR173C	89	25	0.2809	199.105	7.645
YDR363W-A	54	16	0.2963	200.000	7.651
YLR262C-A	39	14	0.3590	200.000	7.651
YML024W	162	63	0.3889	200.247	7.653
YNL111C	73	21	0.2877	201.102	7.659
YCL035C	67	21	0.3134	201.201	7.660
YFL038C	125	45	0.3600	201.288	7.660
YDR502C	233	70	0.3004	201.732	7.663
YJL217W	121	37	0.3058	202.680	7.670
YPR182W	53	22	0.4151	203.065	7.673
YCL043C	319	102	0.3197	203.314	7.675
YPL061W	307	85	0.2769	204.258	7.681
YPL143W	175	86	0.4914	206.125	7.694
YMR015C	335	119	0.3552	207.174	7.702
YNL244C	68	18	0.2647	207.951	7.707
YPL037C	99	27	0.2727	208.861	7.713
YLR044C	356	113	0.3174	210.402	7.724
YPL220W	138	60	0.4348	211.009	7.728
YLL024C	407	180	0.4423	211.979	7.735
YNL281W	98	30	0.3061	212.121	7.736
YKL180W	183	88	0.4809	212.544	7.738
YML128C	328	102	0.3110	212.711	7.740
YDL078C	220	72	0.3273	213.178	7.743
YNL007C	226	80	0.3540	213.409	7.744
YOL058W	270	85	0.3148	213.777	7.747
YPL234C	106	43	0.4057	214.141	7.749
YNR036C	99	31	0.3131	214.286	7.750
YCR082W	83	29	0.3494	214.470	7.751
YIL155C	421	127	0.3017	215.897	7.761
YBR149W	224	73	0.3259	216.425	7.764
YDL083C	188	80	0.4255	217.593	7.772
YBR048W	214	93	0.4346	217.923	7.774
YHR087W	74	17	0.2297	220.238	7.789
YMR142C	221	90	0.4072	220.559	7.792
YBR286W	356	116	0.3258	220.570	7.792
YFR031C-A	202	73	0.3614	221.491	7.798
YKR057W	130	62	0.4769	221.843	7.800
YPR191W	247	62	0.2510	223.126	7.808
YDR025W	181	65	0.3591	223.457	7.810
YGL037C	146	45	0.3082	224.270	7.816
YGR175C	335	116	0.3463	224.681	7.818
YDR099W	185	50	0.2703	225.061	7.821
YHR203C	239	98	0.4100	226.540	7.830
YER057C	89	29	0.3258	228.205	7.840
YBL045C	314	102	0.3248	228.530	7.843
YNL202W	201	65	0.3234	228.669	7.843
YIL136W	272	89	0.3272	230.118	7.852
YKR042W	253	81	0.3202	230.419	7.854
YLL052C	104	44	0.4231	231.111	7.859
YIL148W	190	86	0.4526	231.425	7.861
YER117W	205	104	0.5073	231.638	7.862
YBL001C	73	30	0.4110	231.746	7.863
YML063W	178	73	0.4101	231.771	7.863
YOL129W	129	42	0.3256	232.432	7.867
YJL143W	111	24	0.2162	232.704	7.869
YKL006W	190	91	0.4789	233.129	7.871
YHR162W	91	26	0.2857	233.333	7.872
YDR055W	312	101	0.3237	233.708	7.875
YDR461W	26	5	0.1923	234.234	7.878
YML008C	271	98	0.3616	235.243	7.884
YMR143W	230	111	0.4826	235.656	7.887
YER019C-A	63	24	0.3810	235.955	7.888
YNL241C	359	108	0.3008	236.495	7.892
YBR269C	99	33	0.3333	237.410	7.897
YLR441C	183	64	0.3497	238.281	7.903
YHR141C	183	99	0.5410	240.157	7.914
YGL031C	113	37	0.3274	241.453	7.922
YGR118W	183	82	0.4481	241.744	7.923
YBR031W	264	131	0.4962	242.424	7.927
YGR182C	86	52	0.6047	242.938	7.930
YHR072W-A	43	18	0.4186	242.938	7.930
YPL218W	173	58	0.3353	242.978	7.931
YBL064C	191	66	0.3455	243.003	7.931
YLR286C	411	125	0.3041	243.339	7.933
YGR161W-C	68	21	0.3088	243.728	7.935
YGL200C	150	51	0.3400	245.098	7.943
YPL098C	84	26	0.3095	245.614	7.946
YNL070W	45	17	0.3778	245.902	7.948
YIR038C	174	71	0.4080	246.809	7.953
YDR500C	162	88	0.5432	246.951	7.954
YOR312C	128	44	0.3438	247.104	7.955
YOL155C	718	267	0.3719	247.245	7.956
YBR162C	344	107	0.3110	251.462	7.980
YPL078C	185	61	0.3297	251.701	7.981
YGL121C	96	33	0.3438	251.969	7.983
YOR065W	235	64	0.2723	252.688	7.987
YLR048W	284	107	0.3768	254.025	7.994
YMR295C	151	59	0.3907	254.209	7.996
YGR292W	449	190	0.4232	255.840	8.005
YJL189W	139	87	0.6259	256.458	8.008
YBR221C	283	82	0.2898	257.039	8.011
YLL045C	201	79	0.3930	260.700	8.032
YJR073C	162	52	0.3210	260.870	8.033
YER087C-B	65	24	0.3692	261.044	8.034
YDL072C	160	58	0.3625	261.438	8.036
YPR028W	177	72	0.4068	261.834	8.038
YCL009C	246	81	0.3293	264.516	8.053
YOL077W-A	55	16	0.2909	265.700	8.059
YOR382W	123	46	0.3740	266.234	8.062
YPL028W	319	105	0.3292	266.500	8.063
YHR096C	477	190	0.3983	268.128	8.072
YLR178C	179	80	0.4469	271.212	8.089
YBL049W	114	32	0.2807	273.381	8.100
YLR300W	372	121	0.3253	276.169	8.115
YBR078W	449	162	0.3608	277.160	8.120
YMR145C	467	188	0.4026	277.481	8.121
YDL110C	126	45	0.3571	278.146	8.125
YJL062W-A	72	23	0.3194	279.070	8.130
YDR086C	68	23	0.3382	279.835	8.134
YJL052W	281	105	0.3737	281.281	8.141
YNL190W	173	48	0.2775	281.301	8.141
YPR132W	226	113	0.5000	281.445	8.142
YMR242C	146	57	0.3904	281.853	8.144
YOR302W	22	6	0.2727	282.051	8.145
YMR307W	474	187	0.3945	282.143	8.145
YIL087C	134	46	0.3433	282.700	8.148
YBR230W-A	57	17	0.2982	283.582	8.153
YMR002W	134	40	0.2985	284.501	8.157
YIR037W	140	49	0.3500	284.553	8.158
YLL050C	174	85	0.4885	284.779	8.159
YOR247W	181	57	0.3149	285.940	8.165
YLL053C	132	56	0.4242	287.582	8.173
YJR145C	300	127	0.4233	287.908	8.174
YKL148C	556	213	0.3831	289.132	8.181
YLR056W	321	128	0.3988	292.350	8.196
YBL003C	117	42	0.3590	293.233	8.201
YGL205W	659	252	0.3824	293.280	8.201
YPR043W	201	121	0.6020	294.721	8.208
YPL249C-A	160	76	0.4750	295.749	8.213
YEL060C	566	221	0.3905	296.646	8.217
YJR045C	583	230	0.3945	296.692	8.218
YJL190C	118	53	0.4492	300.254	8.235
snR68	41	17	0.4146	301.471	8.241
YBL075C	589	229	0.3888	302.051	8.243
YMR191W	339	121	0.3569	302.139	8.244
YLR287C-A	189	113	0.5979	303.859	8.252
YJL158C	208	81	0.3894	304.094	8.253
YPL189C-A	63	22	0.3492	304.348	8.254
YDL055C	331	136	0.4109	304.788	8.256
YNL069C	319	177	0.5549	304.971	8.257
YNL178W	221	85	0.3846	305.671	8.261
YEL054C	153	61	0.3987	307.229	8.268
YLR304C	720	268	0.3722	308.087	8.272
YLR295C	116	54	0.4655	309.333	8.278
YCL054W-A	27	6	0.2222	310.345	8.282
YNL024C-A	68	23	0.3382	310.502	8.283
YOR303W	384	153	0.3984	310.680	8.284
YOL127W	262	155	0.5916	310.795	8.284
YBR196C	519	206	0.3969	311.712	8.289
YMR305C	365	134	0.3671	311.966	8.290
YLL039C	358	139	0.3883	312.391	8.292
YMR011W	509	193	0.3792	313.038	8.295
YNL160W	334	118	0.3533	313.615	8.297
YPR133W-A	48	20	0.4167	313.725	8.298
YER009W	119	42	0.3529	314.815	8.303
YMR181C	147	48	0.3265	316.129	8.309
YJL151C	128	57	0.4453	318.408	8.319
YDR064W	318	187	0.5881	319.598	8.325
YBR089C-A	96	48	0.5000	320.000	8.326
YKL150W	291	94	0.3230	320.132	8.327
YCR010C	275	104	0.3782	322.770	8.339
YMR186W	688	282	0.4099	324.835	8.348
YBR298C	605	240	0.3967	327.913	8.362
YPR165W	208	73	0.3510	330.159	8.371
YHR183W	489	159	0.3252	332.653	8.382
YOR375C	455	161	0.3538	333.333	8.385
YHR021C	267	188	0.7041	334.168	8.389
YJR094W-A	187	110	0.5882	337.545	8.403
YLR259C	583	248	0.4254	339.151	8.410
YDL125C	201	84	0.4179	341.837	8.421
YER178W	435	157	0.3609	344.418	8.432
YNL104C	648	272	0.4198	348.387	8.449
YNL300W	109	34	0.3119	352.751	8.467
YBR109C	158	66	0.4177	355.856	8.479
YLR029C	219	86	0.3927	356.098	8.480
YGL008C	982	406	0.4134	356.184	8.481
YDR513W	154	78	0.5065	356.481	8.482
YCR004C	266	101	0.3797	357.527	8.486
YDL232W	40	13	0.3250	360.360	8.497
YBR011C	317	141	0.4448	366.898	8.523
YML131W	409	171	0.4181	372.495	8.545
YML054C	663	270	0.4072	373.311	8.548
YPL131W	334	136	0.4072	373.602	8.549
YMR202W	251	90	0.3586	375.187	8.555
YPL154C	461	204	0.4425	378.489	8.568
YCL057C-A	113	56	0.4956	384.354	8.590
YPR080W	535	381	0.7121	388.526	8.606
YDR298C	252	125	0.4960	394.366	8.627
YPL223C	200	70	0.3500	394.477	8.627
YDR070C	112	42	0.3750	397.163	8.637
YER044C	178	82	0.4607	398.210	8.641
YJR009C	398	180	0.4523	398.398	8.642
YDR322C-A	116	40	0.3448	398.625	8.643
YOL120C	402	208	0.5174	398.810	8.643
YNR001C	575	246	0.4278	399.306	8.645
YOR298C-A	183	65	0.3552	401.316	8.652
YGL103W	386	212	0.5492	401.665	8.653
YOL147C	286	125	0.4371	402.250	8.656
YLR355C	478	198	0.4142	402.357	8.656
YBL099W	661	251	0.3797	403.541	8.660
YHR008C	284	115	0.4049	404.558	8.664
YGR209C	128	58	0.4531	406.349	8.670
YGL135W	266	112	0.4211	406.728	8.671
YOR045W	76	29	0.3816	408.602	8.678
YNL067W	238	96	0.4034	413.194	8.694
YDR012W	452	222	0.4912	415.060	8.701
YKL016C	218	99	0.4541	415.238	8.701
YMR297W	667	276	0.4138	417.136	8.708
YIL018W	488	239	0.4898	418.884	8.714
YOR142W	418	159	0.3804	422.222	8.725
YKL192C	160	60	0.3750	423.280	8.729
YDL130W-A	111	41	0.3694	425.287	8.736
YLR388W	74	38	0.5135	432.749	8.761
YDR256C	671	287	0.4277	433.463	8.763
YDL004W	210	84	0.4000	434.783	8.767
YMR116C	539	284	0.5269	437.145	8.775
YGR236C	126	47	0.3730	437.500	8.776
YHR051W	198	82	0.4141	442.953	8.794
YDR233C	401	187	0.4663	451.577	8.822
YCR031C	326	191	0.5859	452.150	8.824
YNL015W	105	37	0.3524	460.526	8.850
YDR418W	230	103	0.4478	461.847	8.854
YDL137W	253	106	0.4190	463.370	8.859
YOR063W	541	247	0.4566	464.777	8.863
YGL123W	362	143	0.3950	473.203	8.889
YGR086C	485	204	0.4206	475.490	8.896
YBR054W	493	197	0.3996	476.329	8.899
YER177W	391	170	0.4348	486.318	8.929
YAL038W	731	343	0.4692	486.361	8.929
YNL145W	57	20	0.3509	487.179	8.931
YGR183C	202	111	0.5495	487.923	8.933
YJR077C	464	209	0.4504	495.726	8.956
YBR010W	205	102	0.4976	498.783	8.965
YLR043C	156	69	0.4423	500.000	8.969
YLR264W	102	48	0.4706	500.000	8.969
YIL162W	802	372	0.4638	501.563	8.973
YGR037C	133	52	0.3910	503.788	8.980
YMR174C	106	47	0.4434	512.077	9.003
YEL033W	216	148	0.6852	514.286	9.009
YEL027W	249	112	0.4498	515.528	9.013
YEL017C-A	69	31	0.4493	522.727	9.033
YJR085C	168	76	0.4524	528.302	9.048
YDL130W	329	192	0.5836	528.939	9.050
YHR007C	847	386	0.4557	531.701	9.057
YOR388C	602	276	0.4585	532.272	9.059
YKL056C	272	136	0.5000	539.683	9.079
YDR224C	214	99	0.4626	540.404	9.081
YPR010C-A	198	120	0.6061	546.961	9.098
YDR032C	330	156	0.4727	552.764	9.113
YGR008C	141	69	0.4894	552.941	9.114
YGL191W	216	101	0.4676	553.846	9.116
YBL002W	220	99	0.4500	555.556	9.120
YBL072C	337	167	0.4955	558.872	9.129
YBL092W	220	103	0.4682	559.796	9.131
YDR377W	172	70	0.4070	562.092	9.137
YLR340W	532	266	0.5000	566.560	9.149
YPL135W	286	124	0.4336	574.297	9.168
YDR529C	221	101	0.4570	575.521	9.171
YNR034W-A	171	76	0.4444	575.758	9.172
YLR390W-A	414	188	0.4541	577.406	9.176
YGL189C	211	119	0.5640	586.111	9.197
YLR038C	148	66	0.4459	587.302	9.200
YGR289C	1107	558	0.5041	598.055	9.227
YLR264C-A	70	29	0.4143	598.291	9.227
YLR354C	604	299	0.4950	599.206	9.229
YNL030W	187	88	0.4706	599.359	9.230
YEL024W	396	184	0.4646	611.111	9.258
YOR122C	365	219	0.6000	618.644	9.275
YDR119W-A	125	48	0.3840	621.891	9.283
YDL181W	162	71	0.4383	627.907	9.297
YER004W	448	221	0.4933	643.678	9.332
YDR342C	1117	945	0.8460	652.072	9.351
YFR033C	291	130	0.4467	655.405	9.358
YBR009C	206	103	0.5000	660.256	9.369
YFR032C-A	119	52	0.4370	661.111	9.371
YBR230C	335	209	0.6239	667.331	9.384
YHL015W	245	120	0.4898	669.399	9.389
YFR053C	996	550	0.5522	683.128	9.418
YGL030W	376	219	0.5824	686.131	9.424
YDL046W	359	168	0.4680	687.739	9.428
YJR121W	1073	524	0.4884	698.568	9.450
YDR525W-A	168	86	0.5119	700.000	9.453
YDR343C	1204	1035	0.8596	702.860	9.459
YLR303W	952	511	0.5368	713.109	9.480
YJR048W	239	124	0.5188	724.242	9.502
YBR085C-A	188	90	0.4787	728.682	9.511
YLL041C	585	296	0.5060	730.337	9.514
YGR060W	691	326	0.4718	743.011	9.539
YCL040W	1120	606	0.5411	745.176	9.543
YNL208W	451	229	0.5078	751.667	9.556
YDR178W	411	192	0.4672	752.747	9.558
YPL004C	789	424	0.5374	769.006	9.589
YOL040C	330	201	0.6091	769.231	9.589
YKL163W	776	396	0.5103	793.456	9.634
YNL031C	330	183	0.5545	802.920	9.651
YJR123W	545	280	0.5138	803.835	9.653
YDR382W	268	140	0.5224	804.805	9.654
YML081C-A	145	81	0.5586	805.556	9.656
YGR243W	359	175	0.4875	814.059	9.671
YLR325C	193	101	0.5233	814.346	9.671
YGL187C	382	211	0.5524	816.239	9.675
YFL039C	1203	716	0.5952	837.161	9.711
YLR167W	387	213	0.5504	843.137	9.721
YBL030C	807	439	0.5440	843.260	9.722
YHR001W-A	253	157	0.6206	851.852	9.736
YLR395C	202	100	0.4950	852.321	9.737
YLR109W	453	253	0.5585	853.107	9.738
YNL135C	298	171	0.5738	863.768	9.756
YKL141W	517	290	0.5609	865.997	9.760
YOR369C	382	236	0.6178	884.259	9.790
YAL054C	1900	1085	0.5711	887.021	9.794
YHR174W	1193	652	0.5465	907.915	9.828
YOR020C	296	174	0.5878	922.118	9.850
YAL005C	1802	1182	0.6559	934.163	9.869
YML028W	556	310	0.5576	940.778	9.879
YLR075W	632	372	0.5886	948.949	9.892
YNL036W	639	360	0.5634	959.459	9.908
YOL086C	1013	719	0.7098	967.526	9.920
YMR256C	178	108	0.6067	972.678	9.927
YGR282C	960	570	0.5938	1019.108	9.995
YNL052W	471	258	0.5478	1019.481	9.995
YOL039W	330	186	0.5636	1028.037	10.007
YGR027C	340	221	0.6500	1039.755	10.023
YML058W	335	188	0.5612	1063.492	10.056
YDL067C	196	125	0.6378	1088.889	10.090
YCR024C-B	291	163	0.5601	1089.888	10.091
YJL166W	313	195	0.6230	1098.246	10.102
YDL081C	354	208	0.5876	1102.804	10.108
YJR104C	532	346	0.6504	1144.086	10.161
YNR002C	985	604	0.6132	1160.188	10.181
YDR384C	966	618	0.6398	1166.667	10.189
YOR383C	723	447	0.6183	1175.610	10.200
YDR050C	925	608	0.6573	1238.286	10.275
YDL061C	212	141	0.6651	1239.766	10.277
YOR167C	256	176	0.6875	1254.902	10.295
YOL109W	434	264	0.6083	1269.006	10.311
YDR225W	514	304	0.5914	1288.221	10.332
YGR254W	1727	1075	0.6225	1314.307	10.361
YEL009C	1156	766	0.6626	1366.430	10.417
YNL055C	1209	802	0.6634	1419.014	10.472
YKR046C	1261	848	0.6725	1480.047	10.532
YBR118W	2090	1700	0.8134	1517.792	10.569
YKL152C	1148	805	0.7012	1543.011	10.592
YJL159W	2009	1349	0.6715	1617.552	10.660
YDR155C	791	632	0.7990	1617.587	10.661
YMR175W	391	265	0.6777	1629.167	10.671
YIL057C	841	577	0.6861	1698.990	10.731
YGL055W	2802	1901	0.6784	1827.789	10.837
YDL133C-A	163	101	0.6196	2089.744	11.030
YKL217W	3895	2758	0.7081	2104.268	11.040
YDR524W-C	209	140	0.6699	2322.222	11.182
YMR107W	835	598	0.7162	2399.425	11.229
YCR024C-A	296	193	0.6520	2406.504	11.233
YPR036W-A	510	334	0.6549	2500.000	11.288
YMR122W-A	645	438	0.6791	2529.412	11.305
YKL060C	2883	2212	0.7673	2669.444	11.383
YMR303C	2848	2174	0.7633	2720.153	11.410
YCR012W	3506	2697	0.7693	2802.558	11.453
YPL271W	571	453	0.7933	3021.164	11.561
YOR285W	1312	1036	0.7896	3123.810	11.610
YDR133C	1217	940	0.7724	3622.024	11.823
YPR149W	1914	1457	0.7612	3666.667	11.841
YDL184C	287	222	0.7735	3679.487	11.846
YMR251W-A	721	557	0.7725	4005.556	11.968
YDR524C-B	892	720	0.8072	4437.811	12.116
YOR374W	6963	5665	0.8136	4463.462	12.124
YFL014W	1525	1211	0.7941	4621.212	12.174
YLR327C	1222	981	0.8028	4681.992	12.193
YEL034W	2317	1969	0.8498	4888.186	12.255
YDR276C	846	673	0.7955	5035.714	12.298
YBR072W	3491	2919	0.8362	5412.403	12.402
YDR077W	5675	4751	0.8372	5580.138	12.446
YJL133C-A	1270	1087	0.8559	5644.444	12.463
YKL096W-A	1926	1655	0.8593	6903.226	12.753
YER053C-A	863	733	0.8494	7570.175	12.886
YLR110C	3698	3346	0.9048	9199.005	13.167
YGR192C	10377	9488	0.9143	10387.387	13.343
YOL052C-A	2097	1853	0.8836	11274.194	13.461
YBR067C	8290	7624	0.9197	13096.367	13.677
